CUSEC,CUMUN,CSEC,CDIS,CMUN,CPRO,CCA,CUDIS,CLAU2,NPRO,NCA,CNUT0,CNUT1,CNUT2,CNUT3,NMUN,airbnb_listings,airbnb_entire_homes,airbnb_price_median,airbnb_accommodates_total,airbnb_revenue_total,airbnb_hosts_unicos,airbnb_con_licencia,isla,fuente,granularidad,hut_registros,hut_plazas,hut_habitaciones,viviendas_vacias_pct_ccaa,viviendas_uso_esporadico_pct_ccaa,viviendas_turisticas_pct_ccaa_2025M05,plazas_turisticas
0700101001,07001,001,01,001,07,04,0700101,07001,"Balears, Illes",Illes Balears,ES,5,3,2,Alaró,8,7,856.0,52,188738,7,8,Mallorca,Inside Airbnb 2026-06,seccion_censal,0,0,0,16.2,6.9,3.74,52
0700101002,07001,002,01,001,07,04,0700101,07001,"Balears, Illes",Illes Balears,ES,5,3,2,Alaró,59,57,457.7,353,1330661,45,59,Mallorca,Inside Airbnb 2026-06,seccion_censal,0,0,0,16.2,6.9,3.74,353
0700102001,07001,001,02,001,07,04,0700102,07001,"Balears, Illes",Illes Balears,ES,5,3,2,Alaró,2,2,1580.125,20,23582,2,2,Mallorca,Inside Airbnb 2026-06,seccion_censal,0,0,0,16.2,6.9,3.74,20
0700201001,07002,001,01,002,07,04,0700201,07002,"Balears, Illes",Illes Balears,ES,5,3,3,Alaior,11,11,368.1,70,122510,8,11,Menorca,Inside Airbnb 2026-06,seccion_censal,0,0,0,16.2,6.9,3.74,70
0700201002,07002,002,01,002,07,04,0700201,07002,"Balears, Illes",Illes Balears,ES,5,3,3,Alaior,356,352,364.5,1967,3878460,129,339,Menorca,Inside Airbnb 2026-06,seccion_censal,0,0,0,16.2,6.9,3.74,1967
0700202001,07002,001,02,002,07,04,0700202,07002,"Balears, Illes",Illes Balears,ES,5,3,3,Alaior,14,14,411.71,102,140798,14,14,Menorca,Inside Airbnb 2026-06,seccion_censal,0,0,0,16.2,6.9,3.74,102
0700202002,07002,002,02,002,07,04,0700202,07002,"Balears, Illes",Illes Balears,ES,5,3,3,Alaior,11,11,629.33,76,177469,11,10,Menorca,Inside Airbnb 2026-06,seccion_censal,0,0,0,16.2,6.9,3.74,76
0700202003,07002,003,02,002,07,04,0700202,07002,"Balears, Illes",Illes Balears,ES,5,3,3,Alaior,235,231,295.0,1170,3021631,115,228,Menorca,Inside Airbnb 2026-06,seccion_censal,0,0,0,16.2,6.9,3.74,1170
0700301001,07003,001,01,003,07,04,0700301,07003,"Balears, Illes",Illes Balears,ES,5,3,2,Alcúdia,68,59,404.0,376,669002,43,66,Mallorca,Inside Airbnb 2026-06,seccion_censal,0,0,0,16.2,6.9,3.74,376
0700301002,07003,002,01,003,07,04,0700301,07003,"Balears, Illes",Illes Balears,ES,5,3,2,Alcúdia,25,25,366.86,145,155943,21,25,Mallorca,Inside Airbnb 2026-06,seccion_censal,0,0,0,16.2,6.9,3.74,145
0700301003,07003,003,01,003,07,04,0700301,07003,"Balears, Illes",Illes Balears,ES,5,3,2,Alcúdia,3,3,445.14,22,50000,3,3,Mallorca,Inside Airbnb 2026-06,seccion_censal,0,0,0,16.2,6.9,3.74,22
0700301004,07003,004,01,003,07,04,0700301,07003,"Balears, Illes",Illes Balears,ES,5,3,2,Alcúdia,11,11,1497.835,79,92150,8,11,Mallorca,Inside Airbnb 2026-06,seccion_censal,0,0,0,16.2,6.9,3.74,79
0700302001,07003,001,02,003,07,04,0700302,07003,"Balears, Illes",Illes Balears,ES,5,3,2,Alcúdia,503,503,503.78999999999996,3445,7035628,212,501,Mallorca,Inside Airbnb 2026-06,seccion_censal,0,0,0,16.2,6.9,3.74,3445
0700303001,07003,001,03,003,07,04,0700303,07003,"Balears, Illes",Illes Balears,ES,5,3,2,Alcúdia,52,50,353.5,240,1384646,30,52,Mallorca,Inside Airbnb 2026-06,seccion_censal,0,0,0,16.2,6.9,3.74,240
0700303002,07003,002,03,003,07,04,0700303,07003,"Balears, Illes",Illes Balears,ES,5,3,2,Alcúdia,89,88,625.485,637,2029603,56,89,Mallorca,Inside Airbnb 2026-06,seccion_censal,0,0,0,16.2,6.9,3.74,637
0700303003,07003,003,03,003,07,04,0700303,07003,"Balears, Illes",Illes Balears,ES,5,3,2,Alcúdia,19,18,383.0,106,458293,18,19,Mallorca,Inside Airbnb 2026-06,seccion_censal,0,0,0,16.2,6.9,3.74,106
0700304001,07003,001,04,003,07,04,0700304,07003,"Balears, Illes",Illes Balears,ES,5,3,2,Alcúdia,292,288,367.125,1493,4513918,116,290,Mallorca,Inside Airbnb 2026-06,seccion_censal,0,0,0,16.2,6.9,3.74,1493
0700304002,07003,002,04,003,07,04,0700304,07003,"Balears, Illes",Illes Balears,ES,5,3,2,Alcúdia,159,152,333.4,832,1810714,89,159,Mallorca,Inside Airbnb 2026-06,seccion_censal,0,0,0,16.2,6.9,3.74,832
0700304003,07003,003,04,003,07,04,0700304,07003,"Balears, Illes",Illes Balears,ES,5,3,2,Alcúdia,128,127,374.42,638,2054199,83,127,Mallorca,Inside Airbnb 2026-06,seccion_censal,0,0,0,16.2,6.9,3.74,638
0700401001,07004,001,01,004,07,04,0700401,07004,"Balears, Illes",Illes Balears,ES,5,3,2,Algaida,9,8,455.0,46,167137,7,9,Mallorca,Inside Airbnb 2026-06,seccion_censal,0,0,0,16.2,6.9,3.74,46
0700401002,07004,002,01,004,07,04,0700401,07004,"Balears, Illes",Illes Balears,ES,5,3,2,Algaida,40,40,736.0,241,920790,26,40,Mallorca,Inside Airbnb 2026-06,seccion_censal,0,0,0,16.2,6.9,3.74,241
0700501001,07005,001,01,005,07,04,0700501,07005,"Balears, Illes",Illes Balears,ES,5,3,2,Andratx,12,12,290.4,54,363772,12,12,Mallorca,Inside Airbnb 2026-06,seccion_censal,0,0,0,16.2,6.9,3.74,54
0700501002,07005,002,01,005,07,04,0700501,07005,"Balears, Illes",Illes Balears,ES,5,3,2,Andratx,17,14,510.91999999999996,119,172530,14,17,Mallorca,Inside Airbnb 2026-06,seccion_censal,0,0,0,16.2,6.9,3.74,119
0700501003,07005,003,01,005,07,04,0700501,07005,"Balears, Illes",Illes Balears,ES,5,3,2,Andratx,19,19,510.975,119,233917,16,19,Mallorca,Inside Airbnb 2026-06,seccion_censal,0,0,0,16.2,6.9,3.74,119
0700502001,07005,001,02,005,07,04,0700502,07005,"Balears, Illes",Illes Balears,ES,5,3,2,Andratx,100,89,854.665,683,1847396,57,100,Mallorca,Inside Airbnb 2026-06,seccion_censal,0,0,0,16.2,6.9,3.74,683
0700503001,07005,001,03,005,07,04,0700503,07005,"Balears, Illes",Illes Balears,ES,5,3,2,Andratx,32,32,429.33500000000004,190,982703,19,32,Mallorca,Inside Airbnb 2026-06,seccion_censal,0,0,0,16.2,6.9,3.74,190
0700601001,07006,001,01,006,07,04,0700601,07006,"Balears, Illes",Illes Balears,ES,5,3,2,Artà,233,220,423.78499999999997,1370,2287222,125,232,Mallorca,Inside Airbnb 2026-06,seccion_censal,0,0,0,16.2,6.9,3.74,1370
0700601002,07006,002,01,006,07,04,0700601,07006,"Balears, Illes",Illes Balears,ES,5,3,2,Artà,48,46,355.57,278,453365,36,48,Mallorca,Inside Airbnb 2026-06,seccion_censal,0,0,0,16.2,6.9,3.74,278
0700601003,07006,003,01,006,07,04,0700601,07006,"Balears, Illes",Illes Balears,ES,5,3,2,Artà,62,60,407.43,359,305747,33,62,Mallorca,Inside Airbnb 2026-06,seccion_censal,0,0,0,16.2,6.9,3.74,359
0700602001,07006,001,02,006,07,04,0700602,07006,"Balears, Illes",Illes Balears,ES,5,3,2,Artà,36,35,431.355,210,125187,32,36,Mallorca,Inside Airbnb 2026-06,seccion_censal,0,0,0,16.2,6.9,3.74,210
0700602002,07006,002,02,006,07,04,0700602,07006,"Balears, Illes",Illes Balears,ES,5,3,2,Artà,52,49,400.43,300,235437,39,52,Mallorca,Inside Airbnb 2026-06,seccion_censal,0,0,0,16.2,6.9,3.74,300
0700701001,07007,001,01,007,07,04,0700701,07007,"Balears, Illes",Illes Balears,ES,5,3,2,Banyalbufar,58,50,310.0,303,1470785,47,58,Mallorca,Inside Airbnb 2026-06,seccion_censal,0,0,0,16.2,6.9,3.74,303
0700801001,07008,001,01,008,07,04,0700801,07008,"Balears, Illes",Illes Balears,ES,5,3,2,Binissalem,19,19,474.9,154,190685,18,19,Mallorca,Inside Airbnb 2026-06,seccion_censal,0,0,0,16.2,6.9,3.74,154
0700801002,07008,002,01,008,07,04,0700801,07008,"Balears, Illes",Illes Balears,ES,5,3,2,Binissalem,14,14,320.0,82,204502,12,14,Mallorca,Inside Airbnb 2026-06,seccion_censal,0,0,0,16.2,6.9,3.74,82
0700802001,07008,001,02,008,07,04,0700802,07008,"Balears, Illes",Illes Balears,ES,5,3,2,Binissalem,27,27,486.8,184,448639,23,27,Mallorca,Inside Airbnb 2026-06,seccion_censal,0,0,0,16.2,6.9,3.74,184
0700802002,07008,002,02,008,07,04,0700802,07008,"Balears, Illes",Illes Balears,ES,5,3,2,Binissalem,15,14,371.0,104,272108,15,15,Mallorca,Inside Airbnb 2026-06,seccion_censal,0,0,0,16.2,6.9,3.74,104
0700802003,07008,003,02,008,07,04,0700802,07008,"Balears, Illes",Illes Balears,ES,5,3,2,Binissalem,5,5,905.0,47,71040,5,5,Mallorca,Inside Airbnb 2026-06,seccion_censal,0,0,0,16.2,6.9,3.74,47
0700901001,07009,001,01,009,07,04,0700901,07009,"Balears, Illes",Illes Balears,ES,5,3,2,Búger,141,140,393.33,930,910068,69,140,Mallorca,Inside Airbnb 2026-06,seccion_censal,0,0,0,16.2,6.9,3.74,930
0701001001,07010,001,01,010,07,04,0701001,07010,"Balears, Illes",Illes Balears,ES,5,3,2,Bunyola,38,37,392.28499999999997,250,1102079,31,38,Mallorca,Inside Airbnb 2026-06,seccion_censal,0,0,0,16.2,6.9,3.74,250
0701001002,07010,002,01,010,07,04,0701001,07010,"Balears, Illes",Illes Balears,ES,5,3,2,Bunyola,6,6,561.33,43,256435,6,6,Mallorca,Inside Airbnb 2026-06,seccion_censal,0,0,0,16.2,6.9,3.74,43
0701101001,07011,001,01,011,07,04,0701101,07011,"Balears, Illes",Illes Balears,ES,5,3,2,Calvià,1,1,567.0,6,13608,1,1,Mallorca,Inside Airbnb 2026-06,seccion_censal,0,0,0,16.2,6.9,3.74,6
0701101002,07011,002,01,011,07,04,0701101,07011,"Balears, Illes",Illes Balears,ES,5,3,2,Calvià,8,8,486.67,40,154670,6,8,Mallorca,Inside Airbnb 2026-06,seccion_censal,0,0,0,16.2,6.9,3.74,40
0701101003,07011,003,01,011,07,04,0701101,07011,"Balears, Illes",Illes Balears,ES,5,3,2,Calvià,21,16,404.5,89,274773,13,21,Mallorca,Inside Airbnb 2026-06,seccion_censal,0,0,0,16.2,6.9,3.74,89
0701102001,07011,001,02,011,07,04,0701102,07011,"Balears, Illes",Illes Balears,ES,5,3,2,Calvià,10,10,1218.0,80,413276,10,10,Mallorca,Inside Airbnb 2026-06,seccion_censal,0,0,0,16.2,6.9,3.74,80
0701102002,07011,002,02,011,07,04,0701102,07011,"Balears, Illes",Illes Balears,ES,5,3,2,Calvià,39,37,939.71,245,832324,28,39,Mallorca,Inside Airbnb 2026-06,seccion_censal,0,0,0,16.2,6.9,3.74,245
0701102003,07011,003,02,011,07,04,0701102,07011,"Balears, Illes",Illes Balears,ES,5,3,2,Calvià,14,14,1447.165,113,460530,13,14,Mallorca,Inside Airbnb 2026-06,seccion_censal,0,0,0,16.2,6.9,3.74,113
0701102004,07011,004,02,011,07,04,0701102,07011,"Balears, Illes",Illes Balears,ES,5,3,2,Calvià,15,15,467.41499999999996,81,521552,14,15,Mallorca,Inside Airbnb 2026-06,seccion_censal,0,0,0,16.2,6.9,3.74,81
0701103001,07011,001,03,011,07,04,0701103,07011,"Balears, Illes",Illes Balears,ES,5,3,2,Calvià,1,1,79.55,4,20285,1,1,Mallorca,Inside Airbnb 2026-06,seccion_censal,0,0,0,16.2,6.9,3.74,4
0701103002,07011,002,03,011,07,04,0701103,07011,"Balears, Illes",Illes Balears,ES,5,3,2,Calvià,13,13,297.5,52,317355,6,13,Mallorca,Inside Airbnb 2026-06,seccion_censal,0,0,0,16.2,6.9,3.74,52
0701103003,07011,003,03,011,07,04,0701103,07011,"Balears, Illes",Illes Balears,ES,5,3,2,Calvià,25,23,223.0,109,685671,9,25,Mallorca,Inside Airbnb 2026-06,seccion_censal,0,0,0,16.2,6.9,3.74,109
0701103004,07011,004,03,011,07,04,0701103,07011,"Balears, Illes",Illes Balears,ES,5,3,2,Calvià,21,17,252.0,91,658020,9,17,Mallorca,Inside Airbnb 2026-06,seccion_censal,0,0,0,16.2,6.9,3.74,91
0701103005,07011,005,03,011,07,04,0701103,07011,"Balears, Illes",Illes Balears,ES,5,3,2,Calvià,2,1,356.94,14,100792,2,2,Mallorca,Inside Airbnb 2026-06,seccion_censal,0,0,0,16.2,6.9,3.74,14
0701103006,07011,006,03,011,07,04,0701103,07011,"Balears, Illes",Illes Balears,ES,5,3,2,Calvià,28,28,1597.67,238,730290,24,28,Mallorca,Inside Airbnb 2026-06,seccion_censal,0,0,0,16.2,6.9,3.74,238
0701104001,07011,001,04,011,07,04,0701104,07011,"Balears, Illes",Illes Balears,ES,5,3,2,Calvià,0,0,,0,0,0,0,Mallorca,shapefile INE 2025 (sin datos de turismo),seccion_censal,0,0,0,16.2,6.9,3.74,0
0701104002,07011,002,04,011,07,04,0701104,07011,"Balears, Illes",Illes Balears,ES,5,3,2,Calvià,1,1,3573.0,5,64314,1,1,Mallorca,Inside Airbnb 2026-06,seccion_censal,0,0,0,16.2,6.9,3.74,5
0701104003,07011,003,04,011,07,04,0701104,07011,"Balears, Illes",Illes Balears,ES,5,3,2,Calvià,29,29,551.9,198,968816,25,29,Mallorca,Inside Airbnb 2026-06,seccion_censal,0,0,0,16.2,6.9,3.74,198
0701104004,07011,004,04,011,07,04,0701104,07011,"Balears, Illes",Illes Balears,ES,5,3,2,Calvià,5,5,455.33,31,81653,5,5,Mallorca,Inside Airbnb 2026-06,seccion_censal,0,0,0,16.2,6.9,3.74,31
0701105001,07011,001,05,011,07,04,0701105,07011,"Balears, Illes",Illes Balears,ES,5,3,2,Calvià,0,0,,0,0,0,0,Mallorca,shapefile INE 2025 (sin datos de turismo),seccion_censal,0,0,0,16.2,6.9,3.74,0
0701105002,07011,002,05,011,07,04,0701105,07011,"Balears, Illes",Illes Balears,ES,5,3,2,Calvià,8,7,291.42,49,222083,7,8,Mallorca,Inside Airbnb 2026-06,seccion_censal,0,0,0,16.2,6.9,3.74,49
0701105003,07011,003,05,011,07,04,0701105,07011,"Balears, Illes",Illes Balears,ES,5,3,2,Calvià,7,2,179.0,17,61254,2,7,Mallorca,Inside Airbnb 2026-06,seccion_censal,0,0,0,16.2,6.9,3.74,17
0701105004,07011,004,05,011,07,04,0701105,07011,"Balears, Illes",Illes Balears,ES,5,3,2,Calvià,33,33,1255.57,262,455589,22,33,Mallorca,Inside Airbnb 2026-06,seccion_censal,0,0,0,16.2,6.9,3.74,262
0701105005,07011,005,05,011,07,04,0701105,07011,"Balears, Illes",Illes Balears,ES,5,3,2,Calvià,14,14,194.215,72,193087,8,14,Mallorca,Inside Airbnb 2026-06,seccion_censal,0,0,0,16.2,6.9,3.74,72
0701105006,07011,006,05,011,07,04,0701105,07011,"Balears, Illes",Illes Balears,ES,5,3,2,Calvià,22,22,728.0,141,713358,18,22,Mallorca,Inside Airbnb 2026-06,seccion_censal,0,0,0,16.2,6.9,3.74,141
0701106001,07011,001,06,011,07,04,0701106,07011,"Balears, Illes",Illes Balears,ES,5,3,2,Calvià,32,16,120.0,91,448250,12,32,Mallorca,Inside Airbnb 2026-06,seccion_censal,0,0,0,16.2,6.9,3.74,91
0701106002,07011,002,06,011,07,04,0701106,07011,"Balears, Illes",Illes Balears,ES,5,3,2,Calvià,12,12,384.0,72,302641,9,12,Mallorca,Inside Airbnb 2026-06,seccion_censal,0,0,0,16.2,6.9,3.74,72
0701201001,07012,001,01,012,07,04,0701201,07012,"Balears, Illes",Illes Balears,ES,5,3,2,Campanet,97,93,408.5,574,1149112,58,97,Mallorca,Inside Airbnb 2026-06,seccion_censal,0,0,0,16.2,6.9,3.74,574
0701202001,07012,001,02,012,07,04,0701202,07012,"Balears, Illes",Illes Balears,ES,5,3,2,Campanet,48,48,446.0,305,439303,36,47,Mallorca,Inside Airbnb 2026-06,seccion_censal,0,0,0,16.2,6.9,3.74,305
0701301001,07013,001,01,013,07,04,0701301,07013,"Balears, Illes",Illes Balears,ES,5,3,2,Campos,3,3,542.8,18,88696,3,3,Mallorca,Inside Airbnb 2026-06,seccion_censal,0,0,0,16.2,6.9,3.74,18
0701301002,07013,002,01,013,07,04,0701301,07013,"Balears, Illes",Illes Balears,ES,5,3,2,Campos,120,120,510.4,951,837967,67,119,Mallorca,Inside Airbnb 2026-06,seccion_censal,0,0,0,16.2,6.9,3.74,951
0701302001,07013,001,02,013,07,04,0701302,07013,"Balears, Illes",Illes Balears,ES,5,3,2,Campos,1,1,241.67,2,17400,1,1,Mallorca,Inside Airbnb 2026-06,seccion_censal,0,0,0,16.2,6.9,3.74,2
0701302002,07013,002,02,013,07,04,0701302,07013,"Balears, Illes",Illes Balears,ES,5,3,2,Campos,371,368,415.625,2338,4891519,202,371,Mallorca,Inside Airbnb 2026-06,seccion_censal,0,0,0,16.2,6.9,3.74,2338
0701302003,07013,003,02,013,07,04,0701302,07013,"Balears, Illes",Illes Balears,ES,5,3,2,Campos,6,6,296.66499999999996,31,107537,6,6,Mallorca,Inside Airbnb 2026-06,seccion_censal,0,0,0,16.2,6.9,3.74,31
0701401001,07014,001,01,014,07,04,0701401,07014,"Balears, Illes",Illes Balears,ES,5,3,2,Capdepera,196,183,365.8,991,1347972,89,196,Mallorca,Inside Airbnb 2026-06,seccion_censal,0,0,0,16.2,6.9,3.74,991
0701401002,07014,002,01,014,07,04,0701401,07014,"Balears, Illes",Illes Balears,ES,5,3,2,Capdepera,87,75,507.2,477,318551,51,87,Mallorca,Inside Airbnb 2026-06,seccion_censal,0,0,0,16.2,6.9,3.74,477
0701401003,07014,003,01,014,07,04,0701401,07014,"Balears, Illes",Illes Balears,ES,5,3,2,Capdepera,69,68,419.5,433,665375,55,69,Mallorca,Inside Airbnb 2026-06,seccion_censal,0,0,0,16.2,6.9,3.74,433
0701401004,07014,004,01,014,07,04,0701401,07014,"Balears, Illes",Illes Balears,ES,5,3,2,Capdepera,95,82,465.0,411,872420,46,94,Mallorca,Inside Airbnb 2026-06,seccion_censal,0,0,0,16.2,6.9,3.74,411
0701401005,07014,005,01,014,07,04,0701401,07014,"Balears, Illes",Illes Balears,ES,5,3,2,Capdepera,19,16,157.025,92,113573,16,19,Mallorca,Inside Airbnb 2026-06,seccion_censal,0,0,0,16.2,6.9,3.74,92
0701401006,07014,006,01,014,07,04,0701401,07014,"Balears, Illes",Illes Balears,ES,5,3,2,Capdepera,52,49,245.5,232,387963,28,52,Mallorca,Inside Airbnb 2026-06,seccion_censal,0,0,0,16.2,6.9,3.74,232
0701501001,07015,001,01,015,07,04,0701501,07015,"Balears, Illes",Illes Balears,ES,5,3,3,Ciutadella de Menorca,15,10,366.33,68,281347,12,14,Menorca,Inside Airbnb 2026-06,seccion_censal,0,0,0,16.2,6.9,3.74,68
0701501002,07015,002,01,015,07,04,0701501,07015,"Balears, Illes",Illes Balears,ES,5,3,3,Ciutadella de Menorca,12,7,233.66500000000002,58,119710,6,11,Menorca,Inside Airbnb 2026-06,seccion_censal,0,0,0,16.2,6.9,3.74,58
0701501003,07015,003,01,015,07,04,0701501,07015,"Balears, Illes",Illes Balears,ES,5,3,3,Ciutadella de Menorca,4,0,250.0,9,0,1,4,Menorca,Inside Airbnb 2026-06,seccion_censal,0,0,0,16.2,6.9,3.74,9
0701501004,07015,004,01,015,07,04,0701501,07015,"Balears, Illes",Illes Balears,ES,5,3,3,Ciutadella de Menorca,95,94,349.14,550,1191637,60,89,Menorca,Inside Airbnb 2026-06,seccion_censal,0,0,0,16.2,6.9,3.74,550
0701501005,07015,005,01,015,07,04,0701501,07015,"Balears, Illes",Illes Balears,ES,5,3,3,Ciutadella de Menorca,427,411,286.0,2111,5798278,165,412,Menorca,Inside Airbnb 2026-06,seccion_censal,0,0,0,16.2,6.9,3.74,2111
0701502001,07015,001,02,015,07,04,0701502,07015,"Balears, Illes",Illes Balears,ES,5,3,3,Ciutadella de Menorca,3,1,231.0,12,39776,3,3,Menorca,Inside Airbnb 2026-06,seccion_censal,0,0,0,16.2,6.9,3.74,12
0701502003,07015,003,02,015,07,04,0701502,07015,"Balears, Illes",Illes Balears,ES,5,3,3,Ciutadella de Menorca,2,2,283.855,12,34731,2,2,Menorca,Inside Airbnb 2026-06,seccion_censal,0,0,0,16.2,6.9,3.74,12
0701502004,07015,004,02,015,07,04,0701502,07015,"Balears, Illes",Illes Balears,ES,5,3,3,Ciutadella de Menorca,0,0,,0,0,0,0,Mallorca,shapefile INE 2025 (sin datos de turismo),seccion_censal,0,0,0,16.2,6.9,3.74,0
0701503001,07015,001,03,015,07,04,0701503,07015,"Balears, Illes",Illes Balears,ES,5,3,3,Ciutadella de Menorca,20,8,209.25,82,337595,11,20,Menorca,Inside Airbnb 2026-06,seccion_censal,0,0,0,16.2,6.9,3.74,82
0701503002,07015,002,03,015,07,04,0701503,07015,"Balears, Illes",Illes Balears,ES,5,3,3,Ciutadella de Menorca,11,8,544.755,64,163233,9,11,Menorca,Inside Airbnb 2026-06,seccion_censal,0,0,0,16.2,6.9,3.74,64
0701503003,07015,003,03,015,07,04,0701503,07015,"Balears, Illes",Illes Balears,ES,5,3,3,Ciutadella de Menorca,0,0,,0,0,0,0,Mallorca,shapefile INE 2025 (sin datos de turismo),seccion_censal,0,0,0,16.2,6.9,3.74,0
0701504001,07015,001,04,015,07,04,0701504,07015,"Balears, Illes",Illes Balears,ES,5,3,3,Ciutadella de Menorca,8,7,447.33,40,138140,7,7,Menorca,Inside Airbnb 2026-06,seccion_censal,0,0,0,16.2,6.9,3.74,40
0701504002,07015,002,04,015,07,04,0701504,07015,"Balears, Illes",Illes Balears,ES,5,3,3,Ciutadella de Menorca,147,147,307.0,751,2087887,97,141,Menorca,Inside Airbnb 2026-06,seccion_censal,0,0,0,16.2,6.9,3.74,751
0701504003,07015,003,04,015,07,04,0701504,07015,"Balears, Illes",Illes Balears,ES,5,3,3,Ciutadella de Menorca,6,3,237.69,21,59313,4,6,Menorca,Inside Airbnb 2026-06,seccion_censal,0,0,0,16.2,6.9,3.74,21
0701504004,07015,004,04,015,07,04,0701504,07015,"Balears, Illes",Illes Balears,ES,5,3,3,Ciutadella de Menorca,565,563,292.87,2726,6412009,259,536,Menorca,Inside Airbnb 2026-06,seccion_censal,0,0,0,16.2,6.9,3.74,2726
0701601001,07016,001,01,016,07,04,0701601,07016,"Balears, Illes",Illes Balears,ES,5,3,2,Consell,6,6,687.2,43,124417,4,6,Mallorca,Inside Airbnb 2026-06,seccion_censal,0,0,0,16.2,6.9,3.74,43
0701601002,07016,002,01,016,07,04,0701601,07016,"Balears, Illes",Illes Balears,ES,5,3,2,Consell,8,8,496.43,60,106720,7,8,Mallorca,Inside Airbnb 2026-06,seccion_censal,0,0,0,16.2,6.9,3.74,60
0701601003,07016,003,01,016,07,04,0701601,07016,"Balears, Illes",Illes Balears,ES,5,3,2,Consell,2,2,384.5,16,25377,2,2,Mallorca,Inside Airbnb 2026-06,seccion_censal,0,0,0,16.2,6.9,3.74,16
0701701001,07017,001,01,017,07,04,0701701,07017,"Balears, Illes",Illes Balears,ES,5,3,2,Costitx,60,58,347.0,323,780995,28,60,Mallorca,Inside Airbnb 2026-06,seccion_censal,0,0,0,16.2,6.9,3.74,323
0701801001,07018,001,01,018,07,04,0701801,07018,"Balears, Illes",Illes Balears,ES,5,3,2,Deià,77,77,628.12,441,3006862,49,76,Mallorca,Inside Airbnb 2026-06,seccion_censal,0,0,0,16.2,6.9,3.74,441
0701901001,07019,001,01,019,07,04,0701901,07019,"Balears, Illes",Illes Balears,ES,5,3,2,Escorca,28,18,244.0,128,275549,18,28,Mallorca,Inside Airbnb 2026-06,seccion_censal,0,0,0,16.2,6.9,3.74,128
0702001001,07020,001,01,020,07,04,0702001,07020,"Balears, Illes",Illes Balears,ES,5,3,2,Esporles,16,14,659.835,103,173414,14,16,Mallorca,Inside Airbnb 2026-06,seccion_censal,0,0,0,16.2,6.9,3.74,103
0702001002,07020,002,01,020,07,04,0702001,07020,"Balears, Illes",Illes Balears,ES,5,3,2,Esporles,7,7,673.075,52,102614,7,7,Mallorca,Inside Airbnb 2026-06,seccion_censal,0,0,0,16.2,6.9,3.74,52
0702001003,07020,003,01,020,07,04,0702001,07020,"Balears, Illes",Illes Balears,ES,5,3,2,Esporles,32,19,300.25,184,582264,18,32,Mallorca,Inside Airbnb 2026-06,seccion_censal,0,0,0,16.2,6.9,3.74,184
0702101001,07021,001,01,021,07,04,0702101,07021,"Balears, Illes",Illes Balears,ES,5,3,2,Estellencs,11,11,209.2,57,278521,11,11,Mallorca,Inside Airbnb 2026-06,seccion_censal,0,0,0,16.2,6.9,3.74,57
0702201001,07022,001,01,022,07,04,0702201,07022,"Balears, Illes",Illes Balears,ES,5,3,2,Felanitx,11,11,480.0,79,115026,8,11,Mallorca,Inside Airbnb 2026-06,seccion_censal,0,0,0,16.2,6.9,3.74,79
0702201002,07022,002,01,022,07,04,0702201,07022,"Balears, Illes",Illes Balears,ES,5,3,2,Felanitx,72,69,554.43,529,524456,49,72,Mallorca,Inside Airbnb 2026-06,seccion_censal,0,0,0,16.2,6.9,3.74,529
0702202001,07022,001,02,022,07,04,0702202,07022,"Balears, Illes",Illes Balears,ES,5,3,2,Felanitx,4,4,307.0,14,40726,3,4,Mallorca,Inside Airbnb 2026-06,seccion_censal,0,0,0,16.2,6.9,3.74,14
0702202002,07022,002,02,022,07,04,0702202,07022,"Balears, Illes",Illes Balears,ES,5,3,2,Felanitx,5,5,240.19,24,53836,5,5,Mallorca,Inside Airbnb 2026-06,seccion_censal,0,0,0,16.2,6.9,3.74,24
0702202003,07022,003,02,022,07,04,0702202,07022,"Balears, Illes",Illes Balears,ES,5,3,2,Felanitx,32,32,547.0,237,463856,27,32,Mallorca,Inside Airbnb 2026-06,seccion_censal,0,0,0,16.2,6.9,3.74,237
0702203001,07022,001,03,022,07,04,0702203,07022,"Balears, Illes",Illes Balears,ES,5,3,2,Felanitx,34,31,349.125,203,241769,25,34,Mallorca,Inside Airbnb 2026-06,seccion_censal,0,0,0,16.2,6.9,3.74,203
0702203002,07022,002,03,022,07,04,0702203,07022,"Balears, Illes",Illes Balears,ES,5,3,2,Felanitx,42,38,478.03499999999997,265,532018,28,41,Mallorca,Inside Airbnb 2026-06,seccion_censal,0,0,0,16.2,6.9,3.74,265
0702204001,07022,001,04,022,07,04,0702204,07022,"Balears, Illes",Illes Balears,ES,5,3,2,Felanitx,54,52,481.7,401,619446,35,54,Mallorca,Inside Airbnb 2026-06,seccion_censal,0,0,0,16.2,6.9,3.74,401
0702204002,07022,002,04,022,07,04,0702204,07022,"Balears, Illes",Illes Balears,ES,5,3,2,Felanitx,250,244,455.03,1648,4050148,100,248,Mallorca,Inside Airbnb 2026-06,seccion_censal,0,0,0,16.2,6.9,3.74,1648
0702301001,07023,001,01,023,07,04,0702301,07023,"Balears, Illes",Illes Balears,ES,5,3,3,Ferreries,7,7,286.59,51,101936,7,7,Menorca,Inside Airbnb 2026-06,seccion_censal,0,0,0,16.2,6.9,3.74,51
0702301002,07023,002,01,023,07,04,0702301,07023,"Balears, Illes",Illes Balears,ES,5,3,3,Ferreries,0,0,,0,0,0,0,Mallorca,shapefile INE 2025 (sin datos de turismo),seccion_censal,0,0,0,16.2,6.9,3.74,0
0702301003,07023,003,01,023,07,04,0702301,07023,"Balears, Illes",Illes Balears,ES,5,3,3,Ferreries,72,60,353.2,460,681159,26,66,Menorca,Inside Airbnb 2026-06,seccion_censal,0,0,0,16.2,6.9,3.74,460
0702401001,07024,001,01,024,07,04,0702401,07024,"Balears, Illes",Illes Balears,ES,5,3,1,Formentera,0,0,,0,0,0,0,Formentera,IBESTAT 2019,municipio,1375,14935,0,16.2,6.9,3.74,14935
0702401002,07024,002,01,024,07,04,0702401,07024,"Balears, Illes",Illes Balears,ES,5,3,1,Formentera,0,0,,0,0,0,0,Formentera,IBESTAT 2019,municipio,1375,14935,0,16.2,6.9,3.74,14935
0702401003,07024,003,01,024,07,04,0702401,07024,"Balears, Illes",Illes Balears,ES,5,3,1,Formentera,0,0,,0,0,0,0,Formentera,IBESTAT 2019,municipio,1375,14935,0,16.2,6.9,3.74,14935
0702402001,07024,001,02,024,07,04,0702402,07024,"Balears, Illes",Illes Balears,ES,5,3,1,Formentera,0,0,,0,0,0,0,Formentera,IBESTAT 2019,municipio,1375,14935,0,16.2,6.9,3.74,14935
0702402002,07024,002,02,024,07,04,0702402,07024,"Balears, Illes",Illes Balears,ES,5,3,1,Formentera,0,0,,0,0,0,0,Formentera,IBESTAT 2019,municipio,1375,14935,0,16.2,6.9,3.74,14935
0702403001,07024,001,03,024,07,04,0702403,07024,"Balears, Illes",Illes Balears,ES,5,3,1,Formentera,0,0,,0,0,0,0,Formentera,IBESTAT 2019,municipio,1375,14935,0,16.2,6.9,3.74,14935
0702501001,07025,001,01,025,07,04,0702501,07025,"Balears, Illes",Illes Balears,ES,5,3,2,Fornalutx,86,81,367.6,417,2152000,58,86,Mallorca,Inside Airbnb 2026-06,seccion_censal,0,0,0,16.2,6.9,3.74,417
0702602001,07026,001,02,026,07,04,0702602,07026,"Balears, Illes",Illes Balears,ES,5,3,1,Eivissa,0,0,,0,0,0,0,Eivissa,HUT Consell d'Eivissa 2026,municipio,41,236,22,16.2,6.9,3.74,236
0702603001,07026,001,03,026,07,04,0702603,07026,"Balears, Illes",Illes Balears,ES,5,3,1,Eivissa,0,0,,0,0,0,0,Eivissa,HUT Consell d'Eivissa 2026,municipio,41,236,22,16.2,6.9,3.74,236
0702603002,07026,002,03,026,07,04,0702603,07026,"Balears, Illes",Illes Balears,ES,5,3,1,Eivissa,0,0,,0,0,0,0,Eivissa,HUT Consell d'Eivissa 2026,municipio,41,236,22,16.2,6.9,3.74,236
0702603003,07026,003,03,026,07,04,0702603,07026,"Balears, Illes",Illes Balears,ES,5,3,1,Eivissa,0,0,,0,0,0,0,Eivissa,HUT Consell d'Eivissa 2026,municipio,41,236,22,16.2,6.9,3.74,236
0702604001,07026,001,04,026,07,04,0702604,07026,"Balears, Illes",Illes Balears,ES,5,3,1,Eivissa,0,0,,0,0,0,0,Eivissa,HUT Consell d'Eivissa 2026,municipio,41,236,22,16.2,6.9,3.74,236
0702604002,07026,002,04,026,07,04,0702604,07026,"Balears, Illes",Illes Balears,ES,5,3,1,Eivissa,0,0,,0,0,0,0,Eivissa,HUT Consell d'Eivissa 2026,municipio,41,236,22,16.2,6.9,3.74,236
0702604003,07026,003,04,026,07,04,0702604,07026,"Balears, Illes",Illes Balears,ES,5,3,1,Eivissa,0,0,,0,0,0,0,Eivissa,HUT Consell d'Eivissa 2026,municipio,41,236,22,16.2,6.9,3.74,236
0702604004,07026,004,04,026,07,04,0702604,07026,"Balears, Illes",Illes Balears,ES,5,3,1,Eivissa,0,0,,0,0,0,0,Eivissa,HUT Consell d'Eivissa 2026,municipio,41,236,22,16.2,6.9,3.74,236
0702604005,07026,005,04,026,07,04,0702604,07026,"Balears, Illes",Illes Balears,ES,5,3,1,Eivissa,0,0,,0,0,0,0,Eivissa,HUT Consell d'Eivissa 2026,municipio,41,236,22,16.2,6.9,3.74,236
0702604007,07026,007,04,026,07,04,0702604,07026,"Balears, Illes",Illes Balears,ES,5,3,1,Eivissa,0,0,,0,0,0,0,Eivissa,HUT Consell d'Eivissa 2026,municipio,41,236,22,16.2,6.9,3.74,236
0702604008,07026,008,04,026,07,04,0702604,07026,"Balears, Illes",Illes Balears,ES,5,3,1,Eivissa,0,0,,0,0,0,0,Eivissa,HUT Consell d'Eivissa 2026,municipio,41,236,22,16.2,6.9,3.74,236
0702604009,07026,009,04,026,07,04,0702604,07026,"Balears, Illes",Illes Balears,ES,5,3,1,Eivissa,0,0,,0,0,0,0,Eivissa,HUT Consell d'Eivissa 2026,municipio,41,236,22,16.2,6.9,3.74,236
0702604010,07026,010,04,026,07,04,0702604,07026,"Balears, Illes",Illes Balears,ES,5,3,1,Eivissa,0,0,,0,0,0,0,Eivissa,HUT Consell d'Eivissa 2026,municipio,41,236,22,16.2,6.9,3.74,236
0702604011,07026,011,04,026,07,04,0702604,07026,"Balears, Illes",Illes Balears,ES,5,3,1,Eivissa,0,0,,0,0,0,0,Eivissa,HUT Consell d'Eivissa 2026,municipio,41,236,22,16.2,6.9,3.74,236
0702604012,07026,012,04,026,07,04,0702604,07026,"Balears, Illes",Illes Balears,ES,5,3,1,Eivissa,0,0,,0,0,0,0,Eivissa,HUT Consell d'Eivissa 2026,municipio,41,236,22,16.2,6.9,3.74,236
0702604013,07026,013,04,026,07,04,0702604,07026,"Balears, Illes",Illes Balears,ES,5,3,1,Eivissa,0,0,,0,0,0,0,Eivissa,HUT Consell d'Eivissa 2026,municipio,41,236,22,16.2,6.9,3.74,236
0702604014,07026,014,04,026,07,04,0702604,07026,"Balears, Illes",Illes Balears,ES,5,3,1,Eivissa,0,0,,0,0,0,0,Eivissa,HUT Consell d'Eivissa 2026,municipio,41,236,22,16.2,6.9,3.74,236
0702604015,07026,015,04,026,07,04,0702604,07026,"Balears, Illes",Illes Balears,ES,5,3,1,Eivissa,0,0,,0,0,0,0,Eivissa,HUT Consell d'Eivissa 2026,municipio,41,236,22,16.2,6.9,3.74,236
0702604016,07026,016,04,026,07,04,0702604,07026,"Balears, Illes",Illes Balears,ES,5,3,1,Eivissa,0,0,,0,0,0,0,Eivissa,HUT Consell d'Eivissa 2026,municipio,41,236,22,16.2,6.9,3.74,236
0702604017,07026,017,04,026,07,04,0702604,07026,"Balears, Illes",Illes Balears,ES,5,3,1,Eivissa,0,0,,0,0,0,0,Eivissa,HUT Consell d'Eivissa 2026,municipio,41,236,22,16.2,6.9,3.74,236
0702604018,07026,018,04,026,07,04,0702604,07026,"Balears, Illes",Illes Balears,ES,5,3,1,Eivissa,0,0,,0,0,0,0,Eivissa,HUT Consell d'Eivissa 2026,municipio,41,236,22,16.2,6.9,3.74,236
0702604019,07026,019,04,026,07,04,0702604,07026,"Balears, Illes",Illes Balears,ES,5,3,1,Eivissa,0,0,,0,0,0,0,Eivissa,HUT Consell d'Eivissa 2026,municipio,41,236,22,16.2,6.9,3.74,236
0702604020,07026,020,04,026,07,04,0702604,07026,"Balears, Illes",Illes Balears,ES,5,3,1,Eivissa,0,0,,0,0,0,0,Eivissa,HUT Consell d'Eivissa 2026,municipio,41,236,22,16.2,6.9,3.74,236
0702604021,07026,021,04,026,07,04,0702604,07026,"Balears, Illes",Illes Balears,ES,5,3,1,Eivissa,0,0,,0,0,0,0,Eivissa,HUT Consell d'Eivissa 2026,municipio,41,236,22,16.2,6.9,3.74,236
0702604022,07026,022,04,026,07,04,0702604,07026,"Balears, Illes",Illes Balears,ES,5,3,1,Eivissa,0,0,,0,0,0,0,Eivissa,HUT Consell d'Eivissa 2026,municipio,41,236,22,16.2,6.9,3.74,236
0702604023,07026,023,04,026,07,04,0702604,07026,"Balears, Illes",Illes Balears,ES,5,3,1,Eivissa,0,0,,0,0,0,0,Eivissa,HUT Consell d'Eivissa 2026,municipio,41,236,22,16.2,6.9,3.74,236
0702604024,07026,024,04,026,07,04,0702604,07026,"Balears, Illes",Illes Balears,ES,5,3,1,Eivissa,0,0,,0,0,0,0,Eivissa,HUT Consell d'Eivissa 2026,municipio,41,236,22,16.2,6.9,3.74,236
0702701001,07027,001,01,027,07,04,0702701,07027,"Balears, Illes",Illes Balears,ES,5,3,2,Inca,0,0,,0,0,0,0,Mallorca,shapefile INE 2025 (sin datos de turismo),seccion_censal,0,0,0,16.2,6.9,3.74,0
0702701002,07027,002,01,027,07,04,0702701,07027,"Balears, Illes",Illes Balears,ES,5,3,2,Inca,4,2,125.88499999999999,11,7856,3,4,Mallorca,Inside Airbnb 2026-06,seccion_censal,0,0,0,16.2,6.9,3.74,11
0702701003,07027,003,01,027,07,04,0702701,07027,"Balears, Illes",Illes Balears,ES,5,3,2,Inca,0,0,,0,0,0,0,Mallorca,shapefile INE 2025 (sin datos de turismo),seccion_censal,0,0,0,16.2,6.9,3.74,0
0702701004,07027,004,01,027,07,04,0702701,07027,"Balears, Illes",Illes Balears,ES,5,3,2,Inca,0,0,,0,0,0,0,Mallorca,shapefile INE 2025 (sin datos de turismo),seccion_censal,0,0,0,16.2,6.9,3.74,0
0702701005,07027,005,01,027,07,04,0702701,07027,"Balears, Illes",Illes Balears,ES,5,3,2,Inca,5,5,499.7,40,10808,5,5,Mallorca,Inside Airbnb 2026-06,seccion_censal,0,0,0,16.2,6.9,3.74,40
0702701006,07027,006,01,027,07,04,0702701,07027,"Balears, Illes",Illes Balears,ES,5,3,2,Inca,111,109,450.14,688,1270869,67,111,Mallorca,Inside Airbnb 2026-06,seccion_censal,0,0,0,16.2,6.9,3.74,688
0702702001,07027,001,02,027,07,04,0702702,07027,"Balears, Illes",Illes Balears,ES,5,3,2,Inca,4,4,290.33500000000004,28,29224,4,4,Mallorca,Inside Airbnb 2026-06,seccion_censal,0,0,0,16.2,6.9,3.74,28
0702702002,07027,002,02,027,07,04,0702702,07027,"Balears, Illes",Illes Balears,ES,5,3,2,Inca,1,1,446.0,6,0,1,1,Mallorca,Inside Airbnb 2026-06,seccion_censal,0,0,0,16.2,6.9,3.74,6
0702702003,07027,003,02,027,07,04,0702702,07027,"Balears, Illes",Illes Balears,ES,5,3,2,Inca,2,2,264.47,8,23725,1,2,Mallorca,Inside Airbnb 2026-06,seccion_censal,0,0,0,16.2,6.9,3.74,8
0702702004,07027,004,02,027,07,04,0702702,07027,"Balears, Illes",Illes Balears,ES,5,3,2,Inca,1,1,958.0,4,28740,1,1,Mallorca,Inside Airbnb 2026-06,seccion_censal,0,0,0,16.2,6.9,3.74,4
0702702006,07027,006,02,027,07,04,0702702,07027,"Balears, Illes",Illes Balears,ES,5,3,2,Inca,1,0,249.63,2,63656,1,1,Mallorca,Inside Airbnb 2026-06,seccion_censal,0,0,0,16.2,6.9,3.74,2
0702702007,07027,007,02,027,07,04,0702702,07027,"Balears, Illes",Illes Balears,ES,5,3,2,Inca,61,61,478.69,443,743116,39,61,Mallorca,Inside Airbnb 2026-06,seccion_censal,0,0,0,16.2,6.9,3.74,443
0702703001,07027,001,03,027,07,04,0702703,07027,"Balears, Illes",Illes Balears,ES,5,3,2,Inca,6,1,165.5,14,29778,2,6,Mallorca,Inside Airbnb 2026-06,seccion_censal,0,0,0,16.2,6.9,3.74,14
0702703002,07027,002,03,027,07,04,0702703,07027,"Balears, Illes",Illes Balears,ES,5,3,2,Inca,5,5,612.86,32,34866,4,5,Mallorca,Inside Airbnb 2026-06,seccion_censal,0,0,0,16.2,6.9,3.74,32
0702703003,07027,003,03,027,07,04,0702703,07027,"Balears, Illes",Illes Balears,ES,5,3,2,Inca,2,2,446.33500000000004,8,93516,2,2,Mallorca,Inside Airbnb 2026-06,seccion_censal,0,0,0,16.2,6.9,3.74,8
0702703004,07027,004,03,027,07,04,0702703,07027,"Balears, Illes",Illes Balears,ES,5,3,2,Inca,0,0,,0,0,0,0,Mallorca,shapefile INE 2025 (sin datos de turismo),seccion_censal,0,0,0,16.2,6.9,3.74,0
0702703005,07027,005,03,027,07,04,0702703,07027,"Balears, Illes",Illes Balears,ES,5,3,2,Inca,22,22,613.315,140,252664,20,22,Mallorca,Inside Airbnb 2026-06,seccion_censal,0,0,0,16.2,6.9,3.74,140
0702801001,07028,001,01,028,07,04,0702801,07028,"Balears, Illes",Illes Balears,ES,5,3,2,Lloret de Vistalegre,41,41,328.5,203,411984,28,41,Mallorca,Inside Airbnb 2026-06,seccion_censal,0,0,0,16.2,6.9,3.74,203
0702901001,07029,001,01,029,07,04,0702901,07029,"Balears, Illes",Illes Balears,ES,5,3,2,Lloseta,6,4,220.0,24,147930,5,6,Mallorca,Inside Airbnb 2026-06,seccion_censal,0,0,0,16.2,6.9,3.74,24
0702901002,07029,002,01,029,07,04,0702901,07029,"Balears, Illes",Illes Balears,ES,5,3,2,Lloseta,8,8,381.66499999999996,49,201954,4,8,Mallorca,Inside Airbnb 2026-06,seccion_censal,0,0,0,16.2,6.9,3.74,49
0702902001,07029,001,02,029,07,04,0702902,07029,"Balears, Illes",Illes Balears,ES,5,3,2,Lloseta,10,8,842.4,69,141815,8,10,Mallorca,Inside Airbnb 2026-06,seccion_censal,0,0,0,16.2,6.9,3.74,69
0702902002,07029,002,02,029,07,04,0702902,07029,"Balears, Illes",Illes Balears,ES,5,3,2,Lloseta,26,26,507.855,164,273778,21,26,Mallorca,Inside Airbnb 2026-06,seccion_censal,0,0,0,16.2,6.9,3.74,164
0703001001,07030,001,01,030,07,04,0703001,07030,"Balears, Illes",Illes Balears,ES,5,3,2,Llubí,55,55,372.0,321,442020,36,55,Mallorca,Inside Airbnb 2026-06,seccion_censal,0,0,0,16.2,6.9,3.74,321
0703002001,07030,001,02,030,07,04,0703002,07030,"Balears, Illes",Illes Balears,ES,5,3,2,Llubí,43,37,280.5,248,494310,29,43,Mallorca,Inside Airbnb 2026-06,seccion_censal,0,0,0,16.2,6.9,3.74,248
0703101001,07031,001,01,031,07,04,0703101,07031,"Balears, Illes",Illes Balears,ES,5,3,2,Llucmajor,8,8,335.67,51,72601,7,8,Mallorca,Inside Airbnb 2026-06,seccion_censal,0,0,0,16.2,6.9,3.74,51
0703101002,07031,002,01,031,07,04,0703101,07031,"Balears, Illes",Illes Balears,ES,5,3,2,Llucmajor,0,0,,0,0,0,0,Mallorca,shapefile INE 2025 (sin datos de turismo),seccion_censal,0,0,0,16.2,6.9,3.74,0
0703101003,07031,003,01,031,07,04,0703101,07031,"Balears, Illes",Illes Balears,ES,5,3,2,Llucmajor,73,65,295.0,383,914084,45,73,Mallorca,Inside Airbnb 2026-06,seccion_censal,0,0,0,16.2,6.9,3.74,383
0703102001,07031,001,02,031,07,04,0703102,07031,"Balears, Illes",Illes Balears,ES,5,3,2,Llucmajor,2,2,481.66999999999996,14,3632,2,2,Mallorca,Inside Airbnb 2026-06,seccion_censal,0,0,0,16.2,6.9,3.74,14
0703102002,07031,002,02,031,07,04,0703102,07031,"Balears, Illes",Illes Balears,ES,5,3,2,Llucmajor,0,0,,0,0,0,0,Mallorca,shapefile INE 2025 (sin datos de turismo),seccion_censal,0,0,0,16.2,6.9,3.74,0
0703103001,07031,001,03,031,07,04,0703103,07031,"Balears, Illes",Illes Balears,ES,5,3,2,Llucmajor,0,0,,0,0,0,0,Mallorca,shapefile INE 2025 (sin datos de turismo),seccion_censal,0,0,0,16.2,6.9,3.74,0
0703103002,07031,002,03,031,07,04,0703103,07031,"Balears, Illes",Illes Balears,ES,5,3,2,Llucmajor,0,0,,0,0,0,0,Mallorca,shapefile INE 2025 (sin datos de turismo),seccion_censal,0,0,0,16.2,6.9,3.74,0
0703103003,07031,003,03,031,07,04,0703103,07031,"Balears, Illes",Illes Balears,ES,5,3,2,Llucmajor,67,55,299.0,362,684201,42,64,Mallorca,Inside Airbnb 2026-06,seccion_censal,0,0,0,16.2,6.9,3.74,362
0703104001,07031,001,04,031,07,04,0703104,07031,"Balears, Illes",Illes Balears,ES,5,3,2,Llucmajor,3,3,266.14,18,80509,2,3,Mallorca,Inside Airbnb 2026-06,seccion_censal,0,0,0,16.2,6.9,3.74,18
0703104002,07031,002,04,031,07,04,0703104,07031,"Balears, Illes",Illes Balears,ES,5,3,2,Llucmajor,62,55,490.0,428,1038497,43,62,Mallorca,Inside Airbnb 2026-06,seccion_censal,0,0,0,16.2,6.9,3.74,428
0703104003,07031,003,04,031,07,04,0703104,07031,"Balears, Illes",Illes Balears,ES,5,3,2,Llucmajor,3,3,322.5,14,51534,3,3,Mallorca,Inside Airbnb 2026-06,seccion_censal,0,0,0,16.2,6.9,3.74,14
0703104004,07031,004,04,031,07,04,0703104,07031,"Balears, Illes",Illes Balears,ES,5,3,2,Llucmajor,3,3,316.0,13,83158,3,3,Mallorca,Inside Airbnb 2026-06,seccion_censal,0,0,0,16.2,6.9,3.74,13
0703104005,07031,005,04,031,07,04,0703104,07031,"Balears, Illes",Illes Balears,ES,5,3,2,Llucmajor,6,0,68.35,12,78414,2,5,Mallorca,Inside Airbnb 2026-06,seccion_censal,0,0,0,16.2,6.9,3.74,12
0703104006,07031,006,04,031,07,04,0703104,07031,"Balears, Illes",Illes Balears,ES,5,3,2,Llucmajor,4,3,222.1,16,52158,4,4,Mallorca,Inside Airbnb 2026-06,seccion_censal,0,0,0,16.2,6.9,3.74,16
0703104007,07031,007,04,031,07,04,0703104,07031,"Balears, Illes",Illes Balears,ES,5,3,2,Llucmajor,24,24,549.0,180,651403,21,23,Mallorca,Inside Airbnb 2026-06,seccion_censal,0,0,0,16.2,6.9,3.74,180
0703104009,07031,009,04,031,07,04,0703104,07031,"Balears, Illes",Illes Balears,ES,5,3,2,Llucmajor,19,18,920.7,168,473422,13,19,Mallorca,Inside Airbnb 2026-06,seccion_censal,0,0,0,16.2,6.9,3.74,168
0703104010,07031,010,04,031,07,04,0703104,07031,"Balears, Illes",Illes Balears,ES,5,3,2,Llucmajor,84,84,441.53499999999997,479,1881850,64,84,Mallorca,Inside Airbnb 2026-06,seccion_censal,0,0,0,16.2,6.9,3.74,479
0703104011,07031,011,04,031,07,04,0703104,07031,"Balears, Illes",Illes Balears,ES,5,3,2,Llucmajor,33,33,848.75,266,544655,31,33,Mallorca,Inside Airbnb 2026-06,seccion_censal,0,0,0,16.2,6.9,3.74,266
0703104012,07031,012,04,031,07,04,0703104,07031,"Balears, Illes",Illes Balears,ES,5,3,2,Llucmajor,19,19,546.8,135,572828,19,19,Mallorca,Inside Airbnb 2026-06,seccion_censal,0,0,0,16.2,6.9,3.74,135
0703104013,07031,013,04,031,07,04,0703104,07031,"Balears, Illes",Illes Balears,ES,5,3,2,Llucmajor,0,0,,0,0,0,0,Mallorca,shapefile INE 2025 (sin datos de turismo),seccion_censal,0,0,0,16.2,6.9,3.74,0
0703104014,07031,014,04,031,07,04,0703104,07031,"Balears, Illes",Illes Balears,ES,5,3,2,Llucmajor,22,22,529.25,158,357832,18,22,Mallorca,Inside Airbnb 2026-06,seccion_censal,0,0,0,16.2,6.9,3.74,158
0703105001,07031,001,05,031,07,04,0703105,07031,"Balears, Illes",Illes Balears,ES,5,3,2,Llucmajor,2,1,67.335,6,8382,2,2,Mallorca,Inside Airbnb 2026-06,seccion_censal,0,0,0,16.2,6.9,3.74,6
0703201001,07032,001,01,032,07,04,0703201,07032,"Balears, Illes",Illes Balears,ES,5,3,3,Maó,12,9,289.0,29,33068,3,12,Menorca,Inside Airbnb 2026-06,seccion_censal,0,0,0,16.2,6.9,3.74,29
0703201002,07032,002,01,032,07,04,0703201,07032,"Balears, Illes",Illes Balears,ES,5,3,3,Maó,6,4,294.83500000000004,23,17472,5,6,Menorca,Inside Airbnb 2026-06,seccion_censal,0,0,0,16.2,6.9,3.74,23
0703202001,07032,001,02,032,07,04,0703202,07032,"Balears, Illes",Illes Balears,ES,5,3,3,Maó,2,2,401.855,10,14926,2,2,Menorca,Inside Airbnb 2026-06,seccion_censal,0,0,0,16.2,6.9,3.74,10
0703202002,07032,002,02,032,07,04,0703202,07032,"Balears, Illes",Illes Balears,ES,5,3,3,Maó,1,1,1345.0,12,48420,1,1,Menorca,Inside Airbnb 2026-06,seccion_censal,0,0,0,16.2,6.9,3.74,12
0703202003,07032,003,02,032,07,04,0703202,07032,"Balears, Illes",Illes Balears,ES,5,3,3,Maó,0,0,,0,0,0,0,Mallorca,shapefile INE 2025 (sin datos de turismo),seccion_censal,0,0,0,16.2,6.9,3.74,0
0703202004,07032,004,02,032,07,04,0703202,07032,"Balears, Illes",Illes Balears,ES,5,3,3,Maó,1,1,628.0,8,87920,1,0,Menorca,Inside Airbnb 2026-06,seccion_censal,0,0,0,16.2,6.9,3.74,8
0703203001,07032,001,03,032,07,04,0703203,07032,"Balears, Illes",Illes Balears,ES,5,3,3,Maó,5,1,295.3,16,39347,2,5,Menorca,Inside Airbnb 2026-06,seccion_censal,0,0,0,16.2,6.9,3.74,16
0703203002,07032,002,03,032,07,04,0703203,07032,"Balears, Illes",Illes Balears,ES,5,3,3,Maó,1,1,155.0,2,14880,1,1,Menorca,Inside Airbnb 2026-06,seccion_censal,0,0,0,16.2,6.9,3.74,2
0703203003,07032,003,03,032,07,04,0703203,07032,"Balears, Illes",Illes Balears,ES,5,3,3,Maó,53,48,558.86,354,826628,38,50,Menorca,Inside Airbnb 2026-06,seccion_censal,0,0,0,16.2,6.9,3.74,354
0703203004,07032,004,03,032,07,04,0703203,07032,"Balears, Illes",Illes Balears,ES,5,3,3,Maó,0,0,,0,0,0,0,Mallorca,shapefile INE 2025 (sin datos de turismo),seccion_censal,0,0,0,16.2,6.9,3.74,0
0703203005,07032,005,03,032,07,04,0703203,07032,"Balears, Illes",Illes Balears,ES,5,3,3,Maó,0,0,,0,0,0,0,Mallorca,shapefile INE 2025 (sin datos de turismo),seccion_censal,0,0,0,16.2,6.9,3.74,0
0703203006,07032,006,03,032,07,04,0703203,07032,"Balears, Illes",Illes Balears,ES,5,3,3,Maó,4,4,415.145,30,23420,4,4,Menorca,Inside Airbnb 2026-06,seccion_censal,0,0,0,16.2,6.9,3.74,30
0703203007,07032,007,03,032,07,04,0703203,07032,"Balears, Illes",Illes Balears,ES,5,3,3,Maó,0,0,,0,0,0,0,Mallorca,shapefile INE 2025 (sin datos de turismo),seccion_censal,0,0,0,16.2,6.9,3.74,0
0703204001,07032,001,04,032,07,04,0703204,07032,"Balears, Illes",Illes Balears,ES,5,3,3,Maó,2,2,357.46500000000003,13,83796,2,2,Menorca,Inside Airbnb 2026-06,seccion_censal,0,0,0,16.2,6.9,3.74,13
0703204002,07032,002,04,032,07,04,0703204,07032,"Balears, Illes",Illes Balears,ES,5,3,3,Maó,0,0,,0,0,0,0,Mallorca,shapefile INE 2025 (sin datos de turismo),seccion_censal,0,0,0,16.2,6.9,3.74,0
0703205001,07032,001,05,032,07,04,0703205,07032,"Balears, Illes",Illes Balears,ES,5,3,3,Maó,61,61,545.29,385,601338,43,59,Menorca,Inside Airbnb 2026-06,seccion_censal,0,0,0,16.2,6.9,3.74,385
0703301001,07033,001,01,033,07,04,0703301,07033,"Balears, Illes",Illes Balears,ES,5,3,2,Manacor,2,2,,11,0,1,2,Mallorca,Inside Airbnb 2026-06,seccion_censal,0,0,0,16.2,6.9,3.74,11
0703301002,07033,002,01,033,07,04,0703301,07033,"Balears, Illes",Illes Balears,ES,5,3,2,Manacor,2,2,974.6,18,0,2,2,Mallorca,Inside Airbnb 2026-06,seccion_censal,0,0,0,16.2,6.9,3.74,18
0703301003,07033,003,01,033,07,04,0703301,07033,"Balears, Illes",Illes Balears,ES,5,3,2,Manacor,0,0,,0,0,0,0,Mallorca,shapefile INE 2025 (sin datos de turismo),seccion_censal,0,0,0,16.2,6.9,3.74,0
0703301004,07033,004,01,033,07,04,0703301,07033,"Balears, Illes",Illes Balears,ES,5,3,2,Manacor,118,114,341.33,733,1145069,68,116,Mallorca,Inside Airbnb 2026-06,seccion_censal,0,0,0,16.2,6.9,3.74,733
0703302001,07033,001,02,033,07,04,0703302,07033,"Balears, Illes",Illes Balears,ES,5,3,2,Manacor,1,1,228.25,4,16434,1,1,Mallorca,Inside Airbnb 2026-06,seccion_censal,0,0,0,16.2,6.9,3.74,4
0703302002,07033,002,02,033,07,04,0703302,07033,"Balears, Illes",Illes Balears,ES,5,3,2,Manacor,0,0,,0,0,0,0,Mallorca,shapefile INE 2025 (sin datos de turismo),seccion_censal,0,0,0,16.2,6.9,3.74,0
0703302003,07033,003,02,033,07,04,0703302,07033,"Balears, Illes",Illes Balears,ES,5,3,2,Manacor,3,3,681.4250000000001,19,0,3,3,Mallorca,Inside Airbnb 2026-06,seccion_censal,0,0,0,16.2,6.9,3.74,19
0703302004,07033,004,02,033,07,04,0703302,07033,"Balears, Illes",Illes Balears,ES,5,3,2,Manacor,90,86,419.46,624,1164545,53,89,Mallorca,Inside Airbnb 2026-06,seccion_censal,0,0,0,16.2,6.9,3.74,624
0703303001,07033,001,03,033,07,04,0703303,07033,"Balears, Illes",Illes Balears,ES,5,3,2,Manacor,0,0,,0,0,0,0,Mallorca,shapefile INE 2025 (sin datos de turismo),seccion_censal,0,0,0,16.2,6.9,3.74,0
0703303002,07033,002,03,033,07,04,0703303,07033,"Balears, Illes",Illes Balears,ES,5,3,2,Manacor,1,0,46.5,1,8091,1,1,Mallorca,Inside Airbnb 2026-06,seccion_censal,0,0,0,16.2,6.9,3.74,1
0703303003,07033,003,03,033,07,04,0703303,07033,"Balears, Illes",Illes Balears,ES,5,3,2,Manacor,2,2,498.415,9,0,2,2,Mallorca,Inside Airbnb 2026-06,seccion_censal,0,0,0,16.2,6.9,3.74,9
0703303004,07033,004,03,033,07,04,0703303,07033,"Balears, Illes",Illes Balears,ES,5,3,2,Manacor,0,0,,0,0,0,0,Mallorca,shapefile INE 2025 (sin datos de turismo),seccion_censal,0,0,0,16.2,6.9,3.74,0
0703303005,07033,005,03,033,07,04,0703303,07033,"Balears, Illes",Illes Balears,ES,5,3,2,Manacor,117,109,352.0,738,1076143,69,117,Mallorca,Inside Airbnb 2026-06,seccion_censal,0,0,0,16.2,6.9,3.74,738
0703304001,07033,001,04,033,07,04,0703304,07033,"Balears, Illes",Illes Balears,ES,5,3,2,Manacor,3,0,99.72,6,4121,1,3,Mallorca,Inside Airbnb 2026-06,seccion_censal,0,0,0,16.2,6.9,3.74,6
0703304002,07033,002,04,033,07,04,0703304,07033,"Balears, Illes",Illes Balears,ES,5,3,2,Manacor,0,0,,0,0,0,0,Mallorca,shapefile INE 2025 (sin datos de turismo),seccion_censal,0,0,0,16.2,6.9,3.74,0
0703304003,07033,003,04,033,07,04,0703304,07033,"Balears, Illes",Illes Balears,ES,5,3,2,Manacor,44,39,401.59000000000003,246,752309,27,44,Mallorca,Inside Airbnb 2026-06,seccion_censal,0,0,0,16.2,6.9,3.74,246
0703304004,07033,004,04,033,07,04,0703304,07033,"Balears, Illes",Illes Balears,ES,5,3,2,Manacor,0,0,,0,0,0,0,Mallorca,shapefile INE 2025 (sin datos de turismo),seccion_censal,0,0,0,16.2,6.9,3.74,0
0703305001,07033,001,05,033,07,04,0703305,07033,"Balears, Illes",Illes Balears,ES,5,3,2,Manacor,146,142,337.33,839,1676014,93,146,Mallorca,Inside Airbnb 2026-06,seccion_censal,0,0,0,16.2,6.9,3.74,839
0703305002,07033,002,05,033,07,04,0703305,07033,"Balears, Illes",Illes Balears,ES,5,3,2,Manacor,33,29,227.575,154,527684,26,33,Mallorca,Inside Airbnb 2026-06,seccion_censal,0,0,0,16.2,6.9,3.74,154
0703305003,07033,003,05,033,07,04,0703305,07033,"Balears, Illes",Illes Balears,ES,5,3,2,Manacor,32,29,367.0,200,411626,17,32,Mallorca,Inside Airbnb 2026-06,seccion_censal,0,0,0,16.2,6.9,3.74,200
0703305004,07033,004,05,033,07,04,0703305,07033,"Balears, Illes",Illes Balears,ES,5,3,2,Manacor,14,13,291.0,84,336762,13,14,Mallorca,Inside Airbnb 2026-06,seccion_censal,0,0,0,16.2,6.9,3.74,84
0703306001,07033,001,06,033,07,04,0703306,07033,"Balears, Illes",Illes Balears,ES,5,3,2,Manacor,40,37,258.67,180,525474,28,40,Mallorca,Inside Airbnb 2026-06,seccion_censal,0,0,0,16.2,6.9,3.74,180
0703307001,07033,001,07,033,07,04,0703307,07033,"Balears, Illes",Illes Balears,ES,5,3,2,Manacor,68,65,434.55499999999995,406,703079,42,68,Mallorca,Inside Airbnb 2026-06,seccion_censal,0,0,0,16.2,6.9,3.74,406
0703307002,07033,002,07,033,07,04,0703307,07033,"Balears, Illes",Illes Balears,ES,5,3,2,Manacor,81,81,390.71,560,1109263,52,81,Mallorca,Inside Airbnb 2026-06,seccion_censal,0,0,0,16.2,6.9,3.74,560
0703401001,07034,001,01,034,07,04,0703401,07034,"Balears, Illes",Illes Balears,ES,5,3,2,Mancor de la Vall,41,41,370.3,280,564106,24,41,Mallorca,Inside Airbnb 2026-06,seccion_censal,0,0,0,16.2,6.9,3.74,280
0703501001,07035,001,01,035,07,04,0703501,07035,"Balears, Illes",Illes Balears,ES,5,3,2,Maria de la Salut,39,35,352.15,238,388409,29,38,Mallorca,Inside Airbnb 2026-06,seccion_censal,0,0,0,16.2,6.9,3.74,238
0703502001,07035,001,02,035,07,04,0703502,07035,"Balears, Illes",Illes Balears,ES,5,3,2,Maria de la Salut,29,28,348.8,193,425571,24,29,Mallorca,Inside Airbnb 2026-06,seccion_censal,0,0,0,16.2,6.9,3.74,193
0703601001,07036,001,01,036,07,04,0703601,07036,"Balears, Illes",Illes Balears,ES,5,3,2,Marratxí,6,6,725.75,36,176760,5,6,Mallorca,Inside Airbnb 2026-06,seccion_censal,0,0,0,16.2,6.9,3.74,36
0703601002,07036,002,01,036,07,04,0703601,07036,"Balears, Illes",Illes Balears,ES,5,3,2,Marratxí,9,9,672.79,65,252222,9,9,Mallorca,Inside Airbnb 2026-06,seccion_censal,0,0,0,16.2,6.9,3.74,65
0703601003,07036,003,01,036,07,04,0703601,07036,"Balears, Illes",Illes Balears,ES,5,3,2,Marratxí,0,0,,0,0,0,0,Mallorca,shapefile INE 2025 (sin datos de turismo),seccion_censal,0,0,0,16.2,6.9,3.74,0
0703601004,07036,004,01,036,07,04,0703601,07036,"Balears, Illes",Illes Balears,ES,5,3,2,Marratxí,14,14,776.0,121,583052,13,14,Mallorca,Inside Airbnb 2026-06,seccion_censal,0,0,0,16.2,6.9,3.74,121
0703601005,07036,005,01,036,07,04,0703601,07036,"Balears, Illes",Illes Balears,ES,5,3,2,Marratxí,7,6,662.0,51,353540,7,7,Mallorca,Inside Airbnb 2026-06,seccion_censal,0,0,0,16.2,6.9,3.74,51
0703601007,07036,007,01,036,07,04,0703601,07036,"Balears, Illes",Illes Balears,ES,5,3,2,Marratxí,10,9,664.79,70,187755,10,10,Mallorca,Inside Airbnb 2026-06,seccion_censal,0,0,0,16.2,6.9,3.74,70
0703602001,07036,001,02,036,07,04,0703602,07036,"Balears, Illes",Illes Balears,ES,5,3,2,Marratxí,0,0,,0,0,0,0,Mallorca,shapefile INE 2025 (sin datos de turismo),seccion_censal,0,0,0,16.2,6.9,3.74,0
0703602002,07036,002,02,036,07,04,0703602,07036,"Balears, Illes",Illes Balears,ES,5,3,2,Marratxí,1,1,679.0,5,114072,1,1,Mallorca,Inside Airbnb 2026-06,seccion_censal,0,0,0,16.2,6.9,3.74,5
0703602003,07036,003,02,036,07,04,0703602,07036,"Balears, Illes",Illes Balears,ES,5,3,2,Marratxí,0,0,,0,0,0,0,Mallorca,shapefile INE 2025 (sin datos de turismo),seccion_censal,0,0,0,16.2,6.9,3.74,0
0703602004,07036,004,02,036,07,04,0703602,07036,"Balears, Illes",Illes Balears,ES,5,3,2,Marratxí,1,1,342.4,6,43142,1,1,Mallorca,Inside Airbnb 2026-06,seccion_censal,0,0,0,16.2,6.9,3.74,6
0703602005,07036,005,02,036,07,04,0703602,07036,"Balears, Illes",Illes Balears,ES,5,3,2,Marratxí,0,0,,0,0,0,0,Mallorca,shapefile INE 2025 (sin datos de turismo),seccion_censal,0,0,0,16.2,6.9,3.74,0
0703602006,07036,006,02,036,07,04,0703602,07036,"Balears, Illes",Illes Balears,ES,5,3,2,Marratxí,2,2,399.1,10,78646,2,2,Mallorca,Inside Airbnb 2026-06,seccion_censal,0,0,0,16.2,6.9,3.74,10
0703602007,07036,007,02,036,07,04,0703602,07036,"Balears, Illes",Illes Balears,ES,5,3,2,Marratxí,6,6,709.165,44,156484,6,6,Mallorca,Inside Airbnb 2026-06,seccion_censal,0,0,0,16.2,6.9,3.74,44
0703602008,07036,008,02,036,07,04,0703602,07036,"Balears, Illes",Illes Balears,ES,5,3,2,Marratxí,5,5,585.665,37,148186,5,5,Mallorca,Inside Airbnb 2026-06,seccion_censal,0,0,0,16.2,6.9,3.74,37
0703602009,07036,009,02,036,07,04,0703602,07036,"Balears, Illes",Illes Balears,ES,5,3,2,Marratxí,16,16,1058.33,125,473935,15,16,Mallorca,Inside Airbnb 2026-06,seccion_censal,0,0,0,16.2,6.9,3.74,125
0703602010,07036,010,02,036,07,04,0703602,07036,"Balears, Illes",Illes Balears,ES,5,3,2,Marratxí,1,1,,6,0,1,1,Mallorca,Inside Airbnb 2026-06,seccion_censal,0,0,0,16.2,6.9,3.74,6
0703602011,07036,011,02,036,07,04,0703602,07036,"Balears, Illes",Illes Balears,ES,5,3,2,Marratxí,1,1,607.75,6,61991,1,1,Mallorca,Inside Airbnb 2026-06,seccion_censal,0,0,0,16.2,6.9,3.74,6
0703602012,07036,012,02,036,07,04,0703602,07036,"Balears, Illes",Illes Balears,ES,5,3,2,Marratxí,5,5,595.01,33,96627,5,5,Mallorca,Inside Airbnb 2026-06,seccion_censal,0,0,0,16.2,6.9,3.74,33
0703602013,07036,013,02,036,07,04,0703602,07036,"Balears, Illes",Illes Balears,ES,5,3,2,Marratxí,0,0,,0,0,0,0,Mallorca,shapefile INE 2025 (sin datos de turismo),seccion_censal,0,0,0,16.2,6.9,3.74,0
0703602014,07036,014,02,036,07,04,0703602,07036,"Balears, Illes",Illes Balears,ES,5,3,2,Marratxí,0,0,,0,0,0,0,Mallorca,shapefile INE 2025 (sin datos de turismo),seccion_censal,0,0,0,16.2,6.9,3.74,0
0703602015,07036,015,02,036,07,04,0703602,07036,"Balears, Illes",Illes Balears,ES,5,3,2,Marratxí,2,2,368.03499999999997,16,20136,2,2,Mallorca,Inside Airbnb 2026-06,seccion_censal,0,0,0,16.2,6.9,3.74,16
0703602016,07036,016,02,036,07,04,0703602,07036,"Balears, Illes",Illes Balears,ES,5,3,2,Marratxí,0,0,,0,0,0,0,Mallorca,shapefile INE 2025 (sin datos de turismo),seccion_censal,0,0,0,16.2,6.9,3.74,0
0703701001,07037,001,01,037,07,04,0703701,07037,"Balears, Illes",Illes Balears,ES,5,3,3,"Mercadal, Es",7,2,245.0,24,27926,4,6,Menorca,Inside Airbnb 2026-06,seccion_censal,0,0,0,16.2,6.9,3.74,24
0703701002,07037,002,01,037,07,04,0703701,07037,"Balears, Illes",Illes Balears,ES,5,3,3,"Mercadal, Es",13,13,480.0,78,145421,10,13,Menorca,Inside Airbnb 2026-06,seccion_censal,0,0,0,16.2,6.9,3.74,78
0703801001,07038,001,01,038,07,04,0703801,07038,"Balears, Illes",Illes Balears,ES,5,3,2,Montuïri,1,1,295.0,6,5310,1,1,Mallorca,Inside Airbnb 2026-06,seccion_censal,0,0,0,16.2,6.9,3.74,6
0703802001,07038,001,02,038,07,04,0703802,07038,"Balears, Illes",Illes Balears,ES,5,3,2,Montuïri,43,35,371.25,255,639225,21,43,Mallorca,Inside Airbnb 2026-06,seccion_censal,0,0,0,16.2,6.9,3.74,255
0703901001,07039,001,01,039,07,04,0703901,07039,"Balears, Illes",Illes Balears,ES,5,3,2,Muro,11,11,321.0,70,110240,9,11,Mallorca,Inside Airbnb 2026-06,seccion_censal,0,0,0,16.2,6.9,3.74,70
0703901002,07039,002,01,039,07,04,0703901,07039,"Balears, Illes",Illes Balears,ES,5,3,2,Muro,265,261,466.0,1803,2612174,118,261,Mallorca,Inside Airbnb 2026-06,seccion_censal,0,0,0,16.2,6.9,3.74,1803
0703902001,07039,001,02,039,07,04,0703902,07039,"Balears, Illes",Illes Balears,ES,5,3,2,Muro,12,12,111.68,49,34656,9,12,Mallorca,Inside Airbnb 2026-06,seccion_censal,0,0,0,16.2,6.9,3.74,49
0703902002,07039,002,02,039,07,04,0703902,07039,"Balears, Illes",Illes Balears,ES,5,3,2,Muro,48,48,413.33,290,662283,29,48,Mallorca,Inside Airbnb 2026-06,seccion_censal,0,0,0,16.2,6.9,3.74,290
0704001001,07040,001,01,040,07,04,0704001,07040,"Balears, Illes",Illes Balears,ES,5,3,2,Palma,12,12,194.805,31,404473,7,12,Mallorca,Inside Airbnb 2026-06,seccion_censal,0,0,0,16.2,6.9,3.74,31
0704001002,07040,002,01,040,07,04,0704001,07040,"Balears, Illes",Illes Balears,ES,5,3,2,Palma,24,12,362.42,77,76526,12,22,Mallorca,Inside Airbnb 2026-06,seccion_censal,0,0,0,16.2,6.9,3.74,77
0704001003,07040,003,01,040,07,04,0704001,07040,"Balears, Illes",Illes Balears,ES,5,3,2,Palma,17,15,242.625,45,451158,11,17,Mallorca,Inside Airbnb 2026-06,seccion_censal,0,0,0,16.2,6.9,3.74,45
0704001004,07040,004,01,040,07,04,0704001,07040,"Balears, Illes",Illes Balears,ES,5,3,2,Palma,11,11,128.3,36,192621,10,11,Mallorca,Inside Airbnb 2026-06,seccion_censal,0,0,0,16.2,6.9,3.74,36
0704001005,07040,005,01,040,07,04,0704001,07040,"Balears, Illes",Illes Balears,ES,5,3,2,Palma,32,30,286.25,78,931149,17,32,Mallorca,Inside Airbnb 2026-06,seccion_censal,0,0,0,16.2,6.9,3.74,78
0704001006,07040,006,01,040,07,04,0704001,07040,"Balears, Illes",Illes Balears,ES,5,3,2,Palma,13,10,211.5,27,203225,8,13,Mallorca,Inside Airbnb 2026-06,seccion_censal,0,0,0,16.2,6.9,3.74,27
0704001007,07040,007,01,040,07,04,0704001,07040,"Balears, Illes",Illes Balears,ES,5,3,2,Palma,19,19,293.75,49,405311,9,19,Mallorca,Inside Airbnb 2026-06,seccion_censal,0,0,0,16.2,6.9,3.74,49
0704001008,07040,008,01,040,07,04,0704001,07040,"Balears, Illes",Illes Balears,ES,5,3,2,Palma,15,15,129.22500000000002,52,345245,14,15,Mallorca,Inside Airbnb 2026-06,seccion_censal,0,0,0,16.2,6.9,3.74,52
0704001009,07040,009,01,040,07,04,0704001,07040,"Balears, Illes",Illes Balears,ES,5,3,2,Palma,3,3,71.9,10,60456,3,3,Mallorca,Inside Airbnb 2026-06,seccion_censal,0,0,0,16.2,6.9,3.74,10
0704001010,07040,010,01,040,07,04,0704001,07040,"Balears, Illes",Illes Balears,ES,5,3,2,Palma,6,4,108.235,14,29348,4,6,Mallorca,Inside Airbnb 2026-06,seccion_censal,0,0,0,16.2,6.9,3.74,14
0704001011,07040,011,01,040,07,04,0704001,07040,"Balears, Illes",Illes Balears,ES,5,3,2,Palma,8,5,218.0,36,1678,4,8,Mallorca,Inside Airbnb 2026-06,seccion_censal,0,0,0,16.2,6.9,3.74,36
0704001012,07040,012,01,040,07,04,0704001,07040,"Balears, Illes",Illes Balears,ES,5,3,2,Palma,22,16,273.605,62,857322,7,22,Mallorca,Inside Airbnb 2026-06,seccion_censal,0,0,0,16.2,6.9,3.74,62
0704001013,07040,013,01,040,07,04,0704001,07040,"Balears, Illes",Illes Balears,ES,5,3,2,Palma,14,10,137.55,33,94263,8,13,Mallorca,Inside Airbnb 2026-06,seccion_censal,0,0,0,16.2,6.9,3.74,33
0704001014,07040,014,01,040,07,04,0704001,07040,"Balears, Illes",Illes Balears,ES,5,3,2,Palma,3,2,179.0,11,23524,3,3,Mallorca,Inside Airbnb 2026-06,seccion_censal,0,0,0,16.2,6.9,3.74,11
0704001015,07040,015,01,040,07,04,0704001,07040,"Balears, Illes",Illes Balears,ES,5,3,2,Palma,4,4,256.665,14,95344,4,4,Mallorca,Inside Airbnb 2026-06,seccion_censal,0,0,0,16.2,6.9,3.74,14
0704001016,07040,016,01,040,07,04,0704001,07040,"Balears, Illes",Illes Balears,ES,5,3,2,Palma,0,0,,0,0,0,0,Mallorca,shapefile INE 2025 (sin datos de turismo),seccion_censal,0,0,0,16.2,6.9,3.74,0
0704001017,07040,017,01,040,07,04,0704001,07040,"Balears, Illes",Illes Balears,ES,5,3,2,Palma,0,0,,0,0,0,0,Mallorca,shapefile INE 2025 (sin datos de turismo),seccion_censal,0,0,0,16.2,6.9,3.74,0
0704001018,07040,018,01,040,07,04,0704001,07040,"Balears, Illes",Illes Balears,ES,5,3,2,Palma,14,14,88.495,48,204395,11,14,Mallorca,Inside Airbnb 2026-06,seccion_censal,0,0,0,16.2,6.9,3.74,48
0704001019,07040,019,01,040,07,04,0704001,07040,"Balears, Illes",Illes Balears,ES,5,3,2,Palma,52,48,307.8,198,1987426,22,52,Mallorca,Inside Airbnb 2026-06,seccion_censal,0,0,0,16.2,6.9,3.74,198
0704002001,07040,001,02,040,07,04,0704002,07040,"Balears, Illes",Illes Balears,ES,5,3,2,Palma,2,2,217.67000000000002,5,13732,2,2,Mallorca,Inside Airbnb 2026-06,seccion_censal,0,0,0,16.2,6.9,3.74,5
0704002002,07040,002,02,040,07,04,0704002,07040,"Balears, Illes",Illes Balears,ES,5,3,2,Palma,0,0,,0,0,0,0,Mallorca,shapefile INE 2025 (sin datos de turismo),seccion_censal,0,0,0,16.2,6.9,3.74,0
0704002003,07040,003,02,040,07,04,0704002,07040,"Balears, Illes",Illes Balears,ES,5,3,2,Palma,15,13,249.6,32,109685,3,13,Mallorca,Inside Airbnb 2026-06,seccion_censal,0,0,0,16.2,6.9,3.74,32
0704002004,07040,004,02,040,07,04,0704002,07040,"Balears, Illes",Illes Balears,ES,5,3,2,Palma,3,2,113.14,10,6693,3,3,Mallorca,Inside Airbnb 2026-06,seccion_censal,0,0,0,16.2,6.9,3.74,10
0704002005,07040,005,02,040,07,04,0704002,07040,"Balears, Illes",Illes Balears,ES,5,3,2,Palma,1,1,513.67,6,49312,1,1,Mallorca,Inside Airbnb 2026-06,seccion_censal,0,0,0,16.2,6.9,3.74,6
0704002006,07040,006,02,040,07,04,0704002,07040,"Balears, Illes",Illes Balears,ES,5,3,2,Palma,19,17,216.0,76,344660,9,19,Mallorca,Inside Airbnb 2026-06,seccion_censal,0,0,0,16.2,6.9,3.74,76
0704002007,07040,007,02,040,07,04,0704002,07040,"Balears, Illes",Illes Balears,ES,5,3,2,Palma,12,12,331.16499999999996,65,565927,11,12,Mallorca,Inside Airbnb 2026-06,seccion_censal,0,0,0,16.2,6.9,3.74,65
0704002008,07040,008,02,040,07,04,0704002,07040,"Balears, Illes",Illes Balears,ES,5,3,2,Palma,4,4,230.835,14,110505,4,4,Mallorca,Inside Airbnb 2026-06,seccion_censal,0,0,0,16.2,6.9,3.74,14
0704002009,07040,009,02,040,07,04,0704002,07040,"Balears, Illes",Illes Balears,ES,5,3,2,Palma,6,5,562.55,20,81010,3,6,Mallorca,Inside Airbnb 2026-06,seccion_censal,0,0,0,16.2,6.9,3.74,20
0704002010,07040,010,02,040,07,04,0704002,07040,"Balears, Illes",Illes Balears,ES,5,3,2,Palma,3,3,582.0,15,198941,3,3,Mallorca,Inside Airbnb 2026-06,seccion_censal,0,0,0,16.2,6.9,3.74,15
0704002011,07040,011,02,040,07,04,0704002,07040,"Balears, Illes",Illes Balears,ES,5,3,2,Palma,14,12,179.67,44,202957,8,14,Mallorca,Inside Airbnb 2026-06,seccion_censal,0,0,0,16.2,6.9,3.74,44
0704002012,07040,012,02,040,07,04,0704002,07040,"Balears, Illes",Illes Balears,ES,5,3,2,Palma,13,13,133.775,49,293818,11,13,Mallorca,Inside Airbnb 2026-06,seccion_censal,0,0,0,16.2,6.9,3.74,49
0704002013,07040,013,02,040,07,04,0704002,07040,"Balears, Illes",Illes Balears,ES,5,3,2,Palma,5,4,131.65,30,176369,4,5,Mallorca,Inside Airbnb 2026-06,seccion_censal,0,0,0,16.2,6.9,3.74,30
0704002014,07040,014,02,040,07,04,0704002,07040,"Balears, Illes",Illes Balears,ES,5,3,2,Palma,14,14,739.43,98,283082,11,14,Mallorca,Inside Airbnb 2026-06,seccion_censal,0,0,0,16.2,6.9,3.74,98
0704002015,07040,015,02,040,07,04,0704002,07040,"Balears, Illes",Illes Balears,ES,5,3,2,Palma,8,8,647.7850000000001,60,340365,7,8,Mallorca,Inside Airbnb 2026-06,seccion_censal,0,0,0,16.2,6.9,3.74,60
0704002016,07040,016,02,040,07,04,0704002,07040,"Balears, Illes",Illes Balears,ES,5,3,2,Palma,11,7,206.75,31,286323,6,11,Mallorca,Inside Airbnb 2026-06,seccion_censal,0,0,0,16.2,6.9,3.74,31
0704002017,07040,017,02,040,07,04,0704002,07040,"Balears, Illes",Illes Balears,ES,5,3,2,Palma,15,14,100.47,35,113289,12,15,Mallorca,Inside Airbnb 2026-06,seccion_censal,0,0,0,16.2,6.9,3.74,35
0704002018,07040,018,02,040,07,04,0704002,07040,"Balears, Illes",Illes Balears,ES,5,3,2,Palma,17,10,221.0,76,637525,10,17,Mallorca,Inside Airbnb 2026-06,seccion_censal,0,0,0,16.2,6.9,3.74,76
0704002019,07040,019,02,040,07,04,0704002,07040,"Balears, Illes",Illes Balears,ES,5,3,2,Palma,1,1,240.0,2,56160,1,1,Mallorca,Inside Airbnb 2026-06,seccion_censal,0,0,0,16.2,6.9,3.74,2
0704002021,07040,021,02,040,07,04,0704002,07040,"Balears, Illes",Illes Balears,ES,5,3,2,Palma,1,1,408.57,7,88251,1,1,Mallorca,Inside Airbnb 2026-06,seccion_censal,0,0,0,16.2,6.9,3.74,7
0704002022,07040,022,02,040,07,04,0704002,07040,"Balears, Illes",Illes Balears,ES,5,3,2,Palma,6,6,90.9,16,24143,4,6,Mallorca,Inside Airbnb 2026-06,seccion_censal,0,0,0,16.2,6.9,3.74,16
0704002023,07040,023,02,040,07,04,0704002,07040,"Balears, Illes",Illes Balears,ES,5,3,2,Palma,5,5,102.28999999999999,17,48746,5,5,Mallorca,Inside Airbnb 2026-06,seccion_censal,0,0,0,16.2,6.9,3.74,17
0704002024,07040,024,02,040,07,04,0704002,07040,"Balears, Illes",Illes Balears,ES,5,3,2,Palma,5,5,127.48,18,88173,5,5,Mallorca,Inside Airbnb 2026-06,seccion_censal,0,0,0,16.2,6.9,3.74,18
0704002025,07040,025,02,040,07,04,0704002,07040,"Balears, Illes",Illes Balears,ES,5,3,2,Palma,4,4,296.115,17,74398,4,4,Mallorca,Inside Airbnb 2026-06,seccion_censal,0,0,0,16.2,6.9,3.74,17
0704002026,07040,026,02,040,07,04,0704002,07040,"Balears, Illes",Illes Balears,ES,5,3,2,Palma,2,2,127.035,5,20813,2,2,Mallorca,Inside Airbnb 2026-06,seccion_censal,0,0,0,16.2,6.9,3.74,5
0704002027,07040,027,02,040,07,04,0704002,07040,"Balears, Illes",Illes Balears,ES,5,3,2,Palma,4,4,375.02,16,127342,4,4,Mallorca,Inside Airbnb 2026-06,seccion_censal,0,0,0,16.2,6.9,3.74,16
0704002028,07040,028,02,040,07,04,0704002,07040,"Balears, Illes",Illes Balears,ES,5,3,2,Palma,5,5,977.67,43,447026,4,5,Mallorca,Inside Airbnb 2026-06,seccion_censal,0,0,0,16.2,6.9,3.74,43
0704002029,07040,029,02,040,07,04,0704002,07040,"Balears, Illes",Illes Balears,ES,5,3,2,Palma,1,1,219.96,4,13638,1,1,Mallorca,Inside Airbnb 2026-06,seccion_censal,0,0,0,16.2,6.9,3.74,4
0704002030,07040,030,02,040,07,04,0704002,07040,"Balears, Illes",Illes Balears,ES,5,3,2,Palma,1,0,29.13,1,7428,1,1,Mallorca,Inside Airbnb 2026-06,seccion_censal,0,0,0,16.2,6.9,3.74,1
0704002031,07040,031,02,040,07,04,0704002,07040,"Balears, Illes",Illes Balears,ES,5,3,2,Palma,4,4,233.735,17,156098,4,4,Mallorca,Inside Airbnb 2026-06,seccion_censal,0,0,0,16.2,6.9,3.74,17
0704002032,07040,032,02,040,07,04,0704002,07040,"Balears, Illes",Illes Balears,ES,5,3,2,Palma,4,3,286.0,11,124684,2,4,Mallorca,Inside Airbnb 2026-06,seccion_censal,0,0,0,16.2,6.9,3.74,11
0704002033,07040,033,02,040,07,04,0704002,07040,"Balears, Illes",Illes Balears,ES,5,3,2,Palma,6,4,144.235,21,288409,5,6,Mallorca,Inside Airbnb 2026-06,seccion_censal,0,0,0,16.2,6.9,3.74,21
0704002034,07040,034,02,040,07,04,0704002,07040,"Balears, Illes",Illes Balears,ES,5,3,2,Palma,7,2,53.34,20,52628,5,7,Mallorca,Inside Airbnb 2026-06,seccion_censal,0,0,0,16.2,6.9,3.74,20
0704002035,07040,035,02,040,07,04,0704002,07040,"Balears, Illes",Illes Balears,ES,5,3,2,Palma,4,0,280.0,8,32461,2,4,Mallorca,Inside Airbnb 2026-06,seccion_censal,0,0,0,16.2,6.9,3.74,8
0704002036,07040,036,02,040,07,04,0704002,07040,"Balears, Illes",Illes Balears,ES,5,3,2,Palma,1,0,120.83,2,1933,1,1,Mallorca,Inside Airbnb 2026-06,seccion_censal,0,0,0,16.2,6.9,3.74,2
0704002037,07040,037,02,040,07,04,0704002,07040,"Balears, Illes",Illes Balears,ES,5,3,2,Palma,0,0,,0,0,0,0,Mallorca,shapefile INE 2025 (sin datos de turismo),seccion_censal,0,0,0,16.2,6.9,3.74,0
0704002038,07040,038,02,040,07,04,0704002,07040,"Balears, Illes",Illes Balears,ES,5,3,2,Palma,0,0,,0,0,0,0,Mallorca,shapefile INE 2025 (sin datos de turismo),seccion_censal,0,0,0,16.2,6.9,3.74,0
0704002039,07040,039,02,040,07,04,0704002,07040,"Balears, Illes",Illes Balears,ES,5,3,2,Palma,2,2,112.565,10,16096,2,2,Mallorca,Inside Airbnb 2026-06,seccion_censal,0,0,0,16.2,6.9,3.74,10
0704002040,07040,040,02,040,07,04,0704002,07040,"Balears, Illes",Illes Balears,ES,5,3,2,Palma,1,0,22.68,1,5783,1,1,Mallorca,Inside Airbnb 2026-06,seccion_censal,0,0,0,16.2,6.9,3.74,1
0704002041,07040,041,02,040,07,04,0704002,07040,"Balears, Illes",Illes Balears,ES,5,3,2,Palma,1,0,,1,0,1,1,Mallorca,Inside Airbnb 2026-06,seccion_censal,0,0,0,16.2,6.9,3.74,1
0704002042,07040,042,02,040,07,04,0704002,07040,"Balears, Illes",Illes Balears,ES,5,3,2,Palma,0,0,,0,0,0,0,Mallorca,shapefile INE 2025 (sin datos de turismo),seccion_censal,0,0,0,16.2,6.9,3.74,0
0704002043,07040,043,02,040,07,04,0704002,07040,"Balears, Illes",Illes Balears,ES,5,3,2,Palma,0,0,,0,0,0,0,Mallorca,shapefile INE 2025 (sin datos de turismo),seccion_censal,0,0,0,16.2,6.9,3.74,0
0704002044,07040,044,02,040,07,04,0704002,07040,"Balears, Illes",Illes Balears,ES,5,3,2,Palma,0,0,,0,0,0,0,Mallorca,shapefile INE 2025 (sin datos de turismo),seccion_censal,0,0,0,16.2,6.9,3.74,0
0704002045,07040,045,02,040,07,04,0704002,07040,"Balears, Illes",Illes Balears,ES,5,3,2,Palma,0,0,,0,0,0,0,Mallorca,shapefile INE 2025 (sin datos de turismo),seccion_censal,0,0,0,16.2,6.9,3.74,0
0704002046,07040,046,02,040,07,04,0704002,07040,"Balears, Illes",Illes Balears,ES,5,3,2,Palma,0,0,,0,0,0,0,Mallorca,shapefile INE 2025 (sin datos de turismo),seccion_censal,0,0,0,16.2,6.9,3.74,0
0704002047,07040,047,02,040,07,04,0704002,07040,"Balears, Illes",Illes Balears,ES,5,3,2,Palma,0,0,,0,0,0,0,Mallorca,shapefile INE 2025 (sin datos de turismo),seccion_censal,0,0,0,16.2,6.9,3.74,0
0704002048,07040,048,02,040,07,04,0704002,07040,"Balears, Illes",Illes Balears,ES,5,3,2,Palma,2,2,296.8,10,0,2,2,Mallorca,Inside Airbnb 2026-06,seccion_censal,0,0,0,16.2,6.9,3.74,10
0704002049,07040,049,02,040,07,04,0704002,07040,"Balears, Illes",Illes Balears,ES,5,3,2,Palma,0,0,,0,0,0,0,Mallorca,shapefile INE 2025 (sin datos de turismo),seccion_censal,0,0,0,16.2,6.9,3.74,0
0704002050,07040,050,02,040,07,04,0704002,07040,"Balears, Illes",Illes Balears,ES,5,3,2,Palma,1,1,311.0,4,0,1,1,Mallorca,Inside Airbnb 2026-06,seccion_censal,0,0,0,16.2,6.9,3.74,4
0704002051,07040,051,02,040,07,04,0704002,07040,"Balears, Illes",Illes Balears,ES,5,3,2,Palma,0,0,,0,0,0,0,Mallorca,shapefile INE 2025 (sin datos de turismo),seccion_censal,0,0,0,16.2,6.9,3.74,0
0704002052,07040,052,02,040,07,04,0704002,07040,"Balears, Illes",Illes Balears,ES,5,3,2,Palma,0,0,,0,0,0,0,Mallorca,shapefile INE 2025 (sin datos de turismo),seccion_censal,0,0,0,16.2,6.9,3.74,0
0704002053,07040,053,02,040,07,04,0704002,07040,"Balears, Illes",Illes Balears,ES,5,3,2,Palma,0,0,,0,0,0,0,Mallorca,shapefile INE 2025 (sin datos de turismo),seccion_censal,0,0,0,16.2,6.9,3.74,0
0704002054,07040,054,02,040,07,04,0704002,07040,"Balears, Illes",Illes Balears,ES,5,3,2,Palma,5,5,581.67,32,114008,5,5,Mallorca,Inside Airbnb 2026-06,seccion_censal,0,0,0,16.2,6.9,3.74,32
0704002055,07040,055,02,040,07,04,0704002,07040,"Balears, Illes",Illes Balears,ES,5,3,2,Palma,0,0,,0,0,0,0,Mallorca,shapefile INE 2025 (sin datos de turismo),seccion_censal,0,0,0,16.2,6.9,3.74,0
0704002056,07040,056,02,040,07,04,0704002,07040,"Balears, Illes",Illes Balears,ES,5,3,2,Palma,12,12,2335.645,97,56486,12,12,Mallorca,Inside Airbnb 2026-06,seccion_censal,0,0,0,16.2,6.9,3.74,97
0704002057,07040,057,02,040,07,04,0704002,07040,"Balears, Illes",Illes Balears,ES,5,3,2,Palma,3,0,43.31,3,0,1,3,Mallorca,Inside Airbnb 2026-06,seccion_censal,0,0,0,16.2,6.9,3.74,3
0704002058,07040,058,02,040,07,04,0704002,07040,"Balears, Illes",Illes Balears,ES,5,3,2,Palma,3,1,589.755,13,38216,2,3,Mallorca,Inside Airbnb 2026-06,seccion_censal,0,0,0,16.2,6.9,3.74,13
0704002059,07040,059,02,040,07,04,0704002,07040,"Balears, Illes",Illes Balears,ES,5,3,2,Palma,3,3,913.83,21,106580,3,3,Mallorca,Inside Airbnb 2026-06,seccion_censal,0,0,0,16.2,6.9,3.74,21
0704002060,07040,060,02,040,07,04,0704002,07040,"Balears, Illes",Illes Balears,ES,5,3,2,Palma,0,0,,0,0,0,0,Mallorca,shapefile INE 2025 (sin datos de turismo),seccion_censal,0,0,0,16.2,6.9,3.74,0
0704002061,07040,061,02,040,07,04,0704002,07040,"Balears, Illes",Illes Balears,ES,5,3,2,Palma,0,0,,0,0,0,0,Mallorca,shapefile INE 2025 (sin datos de turismo),seccion_censal,0,0,0,16.2,6.9,3.74,0
0704002062,07040,062,02,040,07,04,0704002,07040,"Balears, Illes",Illes Balears,ES,5,3,2,Palma,1,1,,3,0,1,1,Mallorca,Inside Airbnb 2026-06,seccion_censal,0,0,0,16.2,6.9,3.74,3
0704002064,07040,064,02,040,07,04,0704002,07040,"Balears, Illes",Illes Balears,ES,5,3,2,Palma,2,1,315.0,6,3780,2,2,Mallorca,Inside Airbnb 2026-06,seccion_censal,0,0,0,16.2,6.9,3.74,6
0704002065,07040,065,02,040,07,04,0704002,07040,"Balears, Illes",Illes Balears,ES,5,3,2,Palma,2,0,180.0,3,34920,1,2,Mallorca,Inside Airbnb 2026-06,seccion_censal,0,0,0,16.2,6.9,3.74,3
0704002066,07040,066,02,040,07,04,0704002,07040,"Balears, Illes",Illes Balears,ES,5,3,2,Palma,3,3,132.83,10,113585,3,3,Mallorca,Inside Airbnb 2026-06,seccion_censal,0,0,0,16.2,6.9,3.74,10
0704002067,07040,067,02,040,07,04,0704002,07040,"Balears, Illes",Illes Balears,ES,5,3,2,Palma,2,2,441.24,10,44356,2,2,Mallorca,Inside Airbnb 2026-06,seccion_censal,0,0,0,16.2,6.9,3.74,10
0704002068,07040,068,02,040,07,04,0704002,07040,"Balears, Illes",Illes Balears,ES,5,3,2,Palma,0,0,,0,0,0,0,Mallorca,shapefile INE 2025 (sin datos de turismo),seccion_censal,0,0,0,16.2,6.9,3.74,0
0704002069,07040,069,02,040,07,04,0704002,07040,"Balears, Illes",Illes Balears,ES,5,3,2,Palma,0,0,,0,0,0,0,Mallorca,shapefile INE 2025 (sin datos de turismo),seccion_censal,0,0,0,16.2,6.9,3.74,0
0704002070,07040,070,02,040,07,04,0704002,07040,"Balears, Illes",Illes Balears,ES,5,3,2,Palma,0,0,,0,0,0,0,Mallorca,shapefile INE 2025 (sin datos de turismo),seccion_censal,0,0,0,16.2,6.9,3.74,0
0704003001,07040,001,03,040,07,04,0704003,07040,"Balears, Illes",Illes Balears,ES,5,3,2,Palma,3,3,396.0,8,28536,1,3,Mallorca,Inside Airbnb 2026-06,seccion_censal,0,0,0,16.2,6.9,3.74,8
0704003002,07040,002,03,040,07,04,0704003,07040,"Balears, Illes",Illes Balears,ES,5,3,2,Palma,2,2,201.415,8,13253,2,2,Mallorca,Inside Airbnb 2026-06,seccion_censal,0,0,0,16.2,6.9,3.74,8
0704003003,07040,003,03,040,07,04,0704003,07040,"Balears, Illes",Illes Balears,ES,5,3,2,Palma,2,1,98.76,6,8877,2,2,Mallorca,Inside Airbnb 2026-06,seccion_censal,0,0,0,16.2,6.9,3.74,6
0704003004,07040,004,03,040,07,04,0704003,07040,"Balears, Illes",Illes Balears,ES,5,3,2,Palma,0,0,,0,0,0,0,Mallorca,shapefile INE 2025 (sin datos de turismo),seccion_censal,0,0,0,16.2,6.9,3.74,0
0704003005,07040,005,03,040,07,04,0704003,07040,"Balears, Illes",Illes Balears,ES,5,3,2,Palma,0,0,,0,0,0,0,Mallorca,shapefile INE 2025 (sin datos de turismo),seccion_censal,0,0,0,16.2,6.9,3.74,0
0704003006,07040,006,03,040,07,04,0704003,07040,"Balears, Illes",Illes Balears,ES,5,3,2,Palma,4,4,270.625,18,89250,2,4,Mallorca,Inside Airbnb 2026-06,seccion_censal,0,0,0,16.2,6.9,3.74,18
0704003007,07040,007,03,040,07,04,0704003,07040,"Balears, Illes",Illes Balears,ES,5,3,2,Palma,1,1,277.4,3,0,1,1,Mallorca,Inside Airbnb 2026-06,seccion_censal,0,0,0,16.2,6.9,3.74,3
0704003008,07040,008,03,040,07,04,0704003,07040,"Balears, Illes",Illes Balears,ES,5,3,2,Palma,2,2,322.4,10,0,1,2,Mallorca,Inside Airbnb 2026-06,seccion_censal,0,0,0,16.2,6.9,3.74,10
0704003009,07040,009,03,040,07,04,0704003,07040,"Balears, Illes",Illes Balears,ES,5,3,2,Palma,1,1,277.4,5,0,1,1,Mallorca,Inside Airbnb 2026-06,seccion_censal,0,0,0,16.2,6.9,3.74,5
0704003010,07040,010,03,040,07,04,0704003,07040,"Balears, Illes",Illes Balears,ES,5,3,2,Palma,3,1,84.895,10,36455,2,3,Mallorca,Inside Airbnb 2026-06,seccion_censal,0,0,0,16.2,6.9,3.74,10
0704003011,07040,011,03,040,07,04,0704003,07040,"Balears, Illes",Illes Balears,ES,5,3,2,Palma,0,0,,0,0,0,0,Mallorca,shapefile INE 2025 (sin datos de turismo),seccion_censal,0,0,0,16.2,6.9,3.74,0
0704003012,07040,012,03,040,07,04,0704003,07040,"Balears, Illes",Illes Balears,ES,5,3,2,Palma,1,1,344.0,4,45408,1,1,Mallorca,Inside Airbnb 2026-06,seccion_censal,0,0,0,16.2,6.9,3.74,4
0704003013,07040,013,03,040,07,04,0704003,07040,"Balears, Illes",Illes Balears,ES,5,3,2,Palma,0,0,,0,0,0,0,Mallorca,shapefile INE 2025 (sin datos de turismo),seccion_censal,0,0,0,16.2,6.9,3.74,0
0704003014,07040,014,03,040,07,04,0704003,07040,"Balears, Illes",Illes Balears,ES,5,3,2,Palma,1,1,214.23,6,0,1,1,Mallorca,Inside Airbnb 2026-06,seccion_censal,0,0,0,16.2,6.9,3.74,6
0704003015,07040,015,03,040,07,04,0704003,07040,"Balears, Illes",Illes Balears,ES,5,3,2,Palma,0,0,,0,0,0,0,Mallorca,shapefile INE 2025 (sin datos de turismo),seccion_censal,0,0,0,16.2,6.9,3.74,0
0704003016,07040,016,03,040,07,04,0704003,07040,"Balears, Illes",Illes Balears,ES,5,3,2,Palma,0,0,,0,0,0,0,Mallorca,shapefile INE 2025 (sin datos de turismo),seccion_censal,0,0,0,16.2,6.9,3.74,0
0704003017,07040,017,03,040,07,04,0704003,07040,"Balears, Illes",Illes Balears,ES,5,3,2,Palma,3,3,548.33,22,188842,2,3,Mallorca,Inside Airbnb 2026-06,seccion_censal,0,0,0,16.2,6.9,3.74,22
0704003018,07040,018,03,040,07,04,0704003,07040,"Balears, Illes",Illes Balears,ES,5,3,2,Palma,1,1,128.87,4,32862,1,1,Mallorca,Inside Airbnb 2026-06,seccion_censal,0,0,0,16.2,6.9,3.74,4
0704003019,07040,019,03,040,07,04,0704003,07040,"Balears, Illes",Illes Balears,ES,5,3,2,Palma,0,0,,0,0,0,0,Mallorca,shapefile INE 2025 (sin datos de turismo),seccion_censal,0,0,0,16.2,6.9,3.74,0
0704003020,07040,020,03,040,07,04,0704003,07040,"Balears, Illes",Illes Balears,ES,5,3,2,Palma,0,0,,0,0,0,0,Mallorca,shapefile INE 2025 (sin datos de turismo),seccion_censal,0,0,0,16.2,6.9,3.74,0
0704003021,07040,021,03,040,07,04,0704003,07040,"Balears, Illes",Illes Balears,ES,5,3,2,Palma,1,0,59.6,4,0,1,1,Mallorca,Inside Airbnb 2026-06,seccion_censal,0,0,0,16.2,6.9,3.74,4
0704003022,07040,022,03,040,07,04,0704003,07040,"Balears, Illes",Illes Balears,ES,5,3,2,Palma,1,0,110.8,4,0,1,1,Mallorca,Inside Airbnb 2026-06,seccion_censal,0,0,0,16.2,6.9,3.74,4
0704003023,07040,023,03,040,07,04,0704003,07040,"Balears, Illes",Illes Balears,ES,5,3,2,Palma,0,0,,0,0,0,0,Mallorca,shapefile INE 2025 (sin datos de turismo),seccion_censal,0,0,0,16.2,6.9,3.74,0
0704003024,07040,024,03,040,07,04,0704003,07040,"Balears, Illes",Illes Balears,ES,5,3,2,Palma,1,1,685.0,6,57540,1,1,Mallorca,Inside Airbnb 2026-06,seccion_censal,0,0,0,16.2,6.9,3.74,6
0704003025,07040,025,03,040,07,04,0704003,07040,"Balears, Illes",Illes Balears,ES,5,3,2,Palma,0,0,,0,0,0,0,Mallorca,shapefile INE 2025 (sin datos de turismo),seccion_censal,0,0,0,16.2,6.9,3.74,0
0704003026,07040,026,03,040,07,04,0704003,07040,"Balears, Illes",Illes Balears,ES,5,3,2,Palma,0,0,,0,0,0,0,Mallorca,shapefile INE 2025 (sin datos de turismo),seccion_censal,0,0,0,16.2,6.9,3.74,0
0704003027,07040,027,03,040,07,04,0704003,07040,"Balears, Illes",Illes Balears,ES,5,3,2,Palma,0,0,,0,0,0,0,Mallorca,shapefile INE 2025 (sin datos de turismo),seccion_censal,0,0,0,16.2,6.9,3.74,0
0704003028,07040,028,03,040,07,04,0704003,07040,"Balears, Illes",Illes Balears,ES,5,3,2,Palma,0,0,,0,0,0,0,Mallorca,shapefile INE 2025 (sin datos de turismo),seccion_censal,0,0,0,16.2,6.9,3.74,0
0704003029,07040,029,03,040,07,04,0704003,07040,"Balears, Illes",Illes Balears,ES,5,3,2,Palma,0,0,,0,0,0,0,Mallorca,shapefile INE 2025 (sin datos de turismo),seccion_censal,0,0,0,16.2,6.9,3.74,0
0704003030,07040,030,03,040,07,04,0704003,07040,"Balears, Illes",Illes Balears,ES,5,3,2,Palma,0,0,,0,0,0,0,Mallorca,shapefile INE 2025 (sin datos de turismo),seccion_censal,0,0,0,16.2,6.9,3.74,0
0704003031,07040,031,03,040,07,04,0704003,07040,"Balears, Illes",Illes Balears,ES,5,3,2,Palma,0,0,,0,0,0,0,Mallorca,shapefile INE 2025 (sin datos de turismo),seccion_censal,0,0,0,16.2,6.9,3.74,0
0704003032,07040,032,03,040,07,04,0704003,07040,"Balears, Illes",Illes Balears,ES,5,3,2,Palma,0,0,,0,0,0,0,Mallorca,shapefile INE 2025 (sin datos de turismo),seccion_censal,0,0,0,16.2,6.9,3.74,0
0704003033,07040,033,03,040,07,04,0704003,07040,"Balears, Illes",Illes Balears,ES,5,3,2,Palma,0,0,,0,0,0,0,Mallorca,shapefile INE 2025 (sin datos de turismo),seccion_censal,0,0,0,16.2,6.9,3.74,0
0704003034,07040,034,03,040,07,04,0704003,07040,"Balears, Illes",Illes Balears,ES,5,3,2,Palma,0,0,,0,0,0,0,Mallorca,shapefile INE 2025 (sin datos de turismo),seccion_censal,0,0,0,16.2,6.9,3.74,0
0704003035,07040,035,03,040,07,04,0704003,07040,"Balears, Illes",Illes Balears,ES,5,3,2,Palma,5,5,524.255,41,122451,5,5,Mallorca,Inside Airbnb 2026-06,seccion_censal,0,0,0,16.2,6.9,3.74,41
0704003036,07040,036,03,040,07,04,0704003,07040,"Balears, Illes",Illes Balears,ES,5,3,2,Palma,9,9,619.15,55,348092,8,9,Mallorca,Inside Airbnb 2026-06,seccion_censal,0,0,0,16.2,6.9,3.74,55
0704003037,07040,037,03,040,07,04,0704003,07040,"Balears, Illes",Illes Balears,ES,5,3,2,Palma,5,5,357.0,34,109800,5,5,Mallorca,Inside Airbnb 2026-06,seccion_censal,0,0,0,16.2,6.9,3.74,34
0704003038,07040,038,03,040,07,04,0704003,07040,"Balears, Illes",Illes Balears,ES,5,3,2,Palma,10,10,726.0,88,347442,10,10,Mallorca,Inside Airbnb 2026-06,seccion_censal,0,0,0,16.2,6.9,3.74,88
0704003039,07040,039,03,040,07,04,0704003,07040,"Balears, Illes",Illes Balears,ES,5,3,2,Palma,7,7,705.0,52,283409,7,7,Mallorca,Inside Airbnb 2026-06,seccion_censal,0,0,0,16.2,6.9,3.74,52
0704003040,07040,040,03,040,07,04,0704003,07040,"Balears, Illes",Illes Balears,ES,5,3,2,Palma,0,0,,0,0,0,0,Mallorca,shapefile INE 2025 (sin datos de turismo),seccion_censal,0,0,0,16.2,6.9,3.74,0
0704003041,07040,041,03,040,07,04,0704003,07040,"Balears, Illes",Illes Balears,ES,5,3,2,Palma,0,0,,0,0,0,0,Mallorca,shapefile INE 2025 (sin datos de turismo),seccion_censal,0,0,0,16.2,6.9,3.74,0
0704003042,07040,042,03,040,07,04,0704003,07040,"Balears, Illes",Illes Balears,ES,5,3,2,Palma,2,0,118.47999999999999,4,23233,1,2,Mallorca,Inside Airbnb 2026-06,seccion_censal,0,0,0,16.2,6.9,3.74,4
0704003043,07040,043,03,040,07,04,0704003,07040,"Balears, Illes",Illes Balears,ES,5,3,2,Palma,0,0,,0,0,0,0,Mallorca,shapefile INE 2025 (sin datos de turismo),seccion_censal,0,0,0,16.2,6.9,3.74,0
0704003045,07040,045,03,040,07,04,0704003,07040,"Balears, Illes",Illes Balears,ES,5,3,2,Palma,0,0,,0,0,0,0,Mallorca,shapefile INE 2025 (sin datos de turismo),seccion_censal,0,0,0,16.2,6.9,3.74,0
0704003046,07040,046,03,040,07,04,0704003,07040,"Balears, Illes",Illes Balears,ES,5,3,2,Palma,0,0,,0,0,0,0,Mallorca,shapefile INE 2025 (sin datos de turismo),seccion_censal,0,0,0,16.2,6.9,3.74,0
0704003047,07040,047,03,040,07,04,0704003,07040,"Balears, Illes",Illes Balears,ES,5,3,2,Palma,0,0,,0,0,0,0,Mallorca,shapefile INE 2025 (sin datos de turismo),seccion_censal,0,0,0,16.2,6.9,3.74,0
0704003048,07040,048,03,040,07,04,0704003,07040,"Balears, Illes",Illes Balears,ES,5,3,2,Palma,0,0,,0,0,0,0,Mallorca,shapefile INE 2025 (sin datos de turismo),seccion_censal,0,0,0,16.2,6.9,3.74,0
0704003049,07040,049,03,040,07,04,0704003,07040,"Balears, Illes",Illes Balears,ES,5,3,2,Palma,6,6,456.47,54,83445,6,6,Mallorca,Inside Airbnb 2026-06,seccion_censal,0,0,0,16.2,6.9,3.74,54
0704003050,07040,050,03,040,07,04,0704003,07040,"Balears, Illes",Illes Balears,ES,5,3,2,Palma,1,1,105.0,1,15750,1,1,Mallorca,Inside Airbnb 2026-06,seccion_censal,0,0,0,16.2,6.9,3.74,1
0704003051,07040,051,03,040,07,04,0704003,07040,"Balears, Illes",Illes Balears,ES,5,3,2,Palma,0,0,,0,0,0,0,Mallorca,shapefile INE 2025 (sin datos de turismo),seccion_censal,0,0,0,16.2,6.9,3.74,0
0704003052,07040,052,03,040,07,04,0704003,07040,"Balears, Illes",Illes Balears,ES,5,3,2,Palma,1,1,345.6,4,10368,1,1,Mallorca,Inside Airbnb 2026-06,seccion_censal,0,0,0,16.2,6.9,3.74,4
0704003053,07040,053,03,040,07,04,0704003,07040,"Balears, Illes",Illes Balears,ES,5,3,2,Palma,0,0,,0,0,0,0,Mallorca,shapefile INE 2025 (sin datos de turismo),seccion_censal,0,0,0,16.2,6.9,3.74,0
0704003054,07040,054,03,040,07,04,0704003,07040,"Balears, Illes",Illes Balears,ES,5,3,2,Palma,2,2,777.7149999999999,20,11640,2,2,Mallorca,Inside Airbnb 2026-06,seccion_censal,0,0,0,16.2,6.9,3.74,20
0704003055,07040,055,03,040,07,04,0704003,07040,"Balears, Illes",Illes Balears,ES,5,3,2,Palma,0,0,,0,0,0,0,Mallorca,shapefile INE 2025 (sin datos de turismo),seccion_censal,0,0,0,16.2,6.9,3.74,0
0704004001,07040,001,04,040,07,04,0704004,07040,"Balears, Illes",Illes Balears,ES,5,3,2,Palma,2,2,124.60499999999999,7,43716,2,2,Mallorca,Inside Airbnb 2026-06,seccion_censal,0,0,0,16.2,6.9,3.74,7
0704004002,07040,002,04,040,07,04,0704004,07040,"Balears, Illes",Illes Balears,ES,5,3,2,Palma,3,1,53.1,7,13718,3,3,Mallorca,Inside Airbnb 2026-06,seccion_censal,0,0,0,16.2,6.9,3.74,7
0704004003,07040,003,04,040,07,04,0704004,07040,"Balears, Illes",Illes Balears,ES,5,3,2,Palma,2,0,45.71,3,13934,1,2,Mallorca,Inside Airbnb 2026-06,seccion_censal,0,0,0,16.2,6.9,3.74,3
0704004004,07040,004,04,040,07,04,0704004,07040,"Balears, Illes",Illes Balears,ES,5,3,2,Palma,6,4,134.415,21,90756,6,6,Mallorca,Inside Airbnb 2026-06,seccion_censal,0,0,0,16.2,6.9,3.74,21
0704004005,07040,005,04,040,07,04,0704004,07040,"Balears, Illes",Illes Balears,ES,5,3,2,Palma,0,0,,0,0,0,0,Mallorca,shapefile INE 2025 (sin datos de turismo),seccion_censal,0,0,0,16.2,6.9,3.74,0
0704004006,07040,006,04,040,07,04,0704004,07040,"Balears, Illes",Illes Balears,ES,5,3,2,Palma,2,2,124.91999999999999,7,0,2,2,Mallorca,Inside Airbnb 2026-06,seccion_censal,0,0,0,16.2,6.9,3.74,7
0704004007,07040,007,04,040,07,04,0704004,07040,"Balears, Illes",Illes Balears,ES,5,3,2,Palma,0,0,,0,0,0,0,Mallorca,shapefile INE 2025 (sin datos de turismo),seccion_censal,0,0,0,16.2,6.9,3.74,0
0704004008,07040,008,04,040,07,04,0704004,07040,"Balears, Illes",Illes Balears,ES,5,3,2,Palma,1,1,120.58,3,28939,1,1,Mallorca,Inside Airbnb 2026-06,seccion_censal,0,0,0,16.2,6.9,3.74,3
0704004009,07040,009,04,040,07,04,0704004,07040,"Balears, Illes",Illes Balears,ES,5,3,2,Palma,0,0,,0,0,0,0,Mallorca,shapefile INE 2025 (sin datos de turismo),seccion_censal,0,0,0,16.2,6.9,3.74,0
0704004010,07040,010,04,040,07,04,0704004,07040,"Balears, Illes",Illes Balears,ES,5,3,2,Palma,0,0,,0,0,0,0,Mallorca,shapefile INE 2025 (sin datos de turismo),seccion_censal,0,0,0,16.2,6.9,3.74,0
0704004011,07040,011,04,040,07,04,0704004,07040,"Balears, Illes",Illes Balears,ES,5,3,2,Palma,1,1,1052.0,5,31560,1,1,Mallorca,Inside Airbnb 2026-06,seccion_censal,0,0,0,16.2,6.9,3.74,5
0704004012,07040,012,04,040,07,04,0704004,07040,"Balears, Illes",Illes Balears,ES,5,3,2,Palma,0,0,,0,0,0,0,Mallorca,shapefile INE 2025 (sin datos de turismo),seccion_censal,0,0,0,16.2,6.9,3.74,0
0704004013,07040,013,04,040,07,04,0704004,07040,"Balears, Illes",Illes Balears,ES,5,3,2,Palma,0,0,,0,0,0,0,Mallorca,shapefile INE 2025 (sin datos de turismo),seccion_censal,0,0,0,16.2,6.9,3.74,0
0704004014,07040,014,04,040,07,04,0704004,07040,"Balears, Illes",Illes Balears,ES,5,3,2,Palma,1,1,104.49,4,0,1,1,Mallorca,Inside Airbnb 2026-06,seccion_censal,0,0,0,16.2,6.9,3.74,4
0704004015,07040,015,04,040,07,04,0704004,07040,"Balears, Illes",Illes Balears,ES,5,3,2,Palma,0,0,,0,0,0,0,Mallorca,shapefile INE 2025 (sin datos de turismo),seccion_censal,0,0,0,16.2,6.9,3.74,0
0704004016,07040,016,04,040,07,04,0704004,07040,"Balears, Illes",Illes Balears,ES,5,3,2,Palma,0,0,,0,0,0,0,Mallorca,shapefile INE 2025 (sin datos de turismo),seccion_censal,0,0,0,16.2,6.9,3.74,0
0704004017,07040,017,04,040,07,04,0704004,07040,"Balears, Illes",Illes Balears,ES,5,3,2,Palma,0,0,,0,0,0,0,Mallorca,shapefile INE 2025 (sin datos de turismo),seccion_censal,0,0,0,16.2,6.9,3.74,0
0704004018,07040,018,04,040,07,04,0704004,07040,"Balears, Illes",Illes Balears,ES,5,3,2,Palma,0,0,,0,0,0,0,Mallorca,shapefile INE 2025 (sin datos de turismo),seccion_censal,0,0,0,16.2,6.9,3.74,0
0704004019,07040,019,04,040,07,04,0704004,07040,"Balears, Illes",Illes Balears,ES,5,3,2,Palma,0,0,,0,0,0,0,Mallorca,shapefile INE 2025 (sin datos de turismo),seccion_censal,0,0,0,16.2,6.9,3.74,0
0704004020,07040,020,04,040,07,04,0704004,07040,"Balears, Illes",Illes Balears,ES,5,3,2,Palma,0,0,,0,0,0,0,Mallorca,shapefile INE 2025 (sin datos de turismo),seccion_censal,0,0,0,16.2,6.9,3.74,0
0704004021,07040,021,04,040,07,04,0704004,07040,"Balears, Illes",Illes Balears,ES,5,3,2,Palma,0,0,,0,0,0,0,Mallorca,shapefile INE 2025 (sin datos de turismo),seccion_censal,0,0,0,16.2,6.9,3.74,0
0704004022,07040,022,04,040,07,04,0704004,07040,"Balears, Illes",Illes Balears,ES,5,3,2,Palma,0,0,,0,0,0,0,Mallorca,shapefile INE 2025 (sin datos de turismo),seccion_censal,0,0,0,16.2,6.9,3.74,0
0704004023,07040,023,04,040,07,04,0704004,07040,"Balears, Illes",Illes Balears,ES,5,3,2,Palma,0,0,,0,0,0,0,Mallorca,shapefile INE 2025 (sin datos de turismo),seccion_censal,0,0,0,16.2,6.9,3.74,0
0704004024,07040,024,04,040,07,04,0704004,07040,"Balears, Illes",Illes Balears,ES,5,3,2,Palma,0,0,,0,0,0,0,Mallorca,shapefile INE 2025 (sin datos de turismo),seccion_censal,0,0,0,16.2,6.9,3.74,0
0704004026,07040,026,04,040,07,04,0704004,07040,"Balears, Illes",Illes Balears,ES,5,3,2,Palma,1,0,89.21,2,0,1,1,Mallorca,Inside Airbnb 2026-06,seccion_censal,0,0,0,16.2,6.9,3.74,2
0704004027,07040,027,04,040,07,04,0704004,07040,"Balears, Illes",Illes Balears,ES,5,3,2,Palma,3,2,87.11500000000001,10,0,3,3,Mallorca,Inside Airbnb 2026-06,seccion_censal,0,0,0,16.2,6.9,3.74,10
0704004028,07040,028,04,040,07,04,0704004,07040,"Balears, Illes",Illes Balears,ES,5,3,2,Palma,0,0,,0,0,0,0,Mallorca,shapefile INE 2025 (sin datos de turismo),seccion_censal,0,0,0,16.2,6.9,3.74,0
0704004029,07040,029,04,040,07,04,0704004,07040,"Balears, Illes",Illes Balears,ES,5,3,2,Palma,0,0,,0,0,0,0,Mallorca,shapefile INE 2025 (sin datos de turismo),seccion_censal,0,0,0,16.2,6.9,3.74,0
0704004030,07040,030,04,040,07,04,0704004,07040,"Balears, Illes",Illes Balears,ES,5,3,2,Palma,3,1,257.0,8,29310,2,3,Mallorca,Inside Airbnb 2026-06,seccion_censal,0,0,0,16.2,6.9,3.74,8
0704004031,07040,031,04,040,07,04,0704004,07040,"Balears, Illes",Illes Balears,ES,5,3,2,Palma,2,2,214.64499999999998,10,75422,2,2,Mallorca,Inside Airbnb 2026-06,seccion_censal,0,0,0,16.2,6.9,3.74,10
0704004032,07040,032,04,040,07,04,0704004,07040,"Balears, Illes",Illes Balears,ES,5,3,2,Palma,0,0,,0,0,0,0,Mallorca,shapefile INE 2025 (sin datos de turismo),seccion_censal,0,0,0,16.2,6.9,3.74,0
0704004033,07040,033,04,040,07,04,0704004,07040,"Balears, Illes",Illes Balears,ES,5,3,2,Palma,2,1,76.2,4,23640,2,2,Mallorca,Inside Airbnb 2026-06,seccion_censal,0,0,0,16.2,6.9,3.74,4
0704004034,07040,034,04,040,07,04,0704004,07040,"Balears, Illes",Illes Balears,ES,5,3,2,Palma,1,1,333.0,5,17982,1,1,Mallorca,Inside Airbnb 2026-06,seccion_censal,0,0,0,16.2,6.9,3.74,5
0704004035,07040,035,04,040,07,04,0704004,07040,"Balears, Illes",Illes Balears,ES,5,3,2,Palma,2,0,108.075,4,5618,1,2,Mallorca,Inside Airbnb 2026-06,seccion_censal,0,0,0,16.2,6.9,3.74,4
0704004036,07040,036,04,040,07,04,0704004,07040,"Balears, Illes",Illes Balears,ES,5,3,2,Palma,0,0,,0,0,0,0,Mallorca,shapefile INE 2025 (sin datos de turismo),seccion_censal,0,0,0,16.2,6.9,3.74,0
0704004037,07040,037,04,040,07,04,0704004,07040,"Balears, Illes",Illes Balears,ES,5,3,2,Palma,2,0,87.565,3,822,2,2,Mallorca,Inside Airbnb 2026-06,seccion_censal,0,0,0,16.2,6.9,3.74,3
0704004038,07040,038,04,040,07,04,0704004,07040,"Balears, Illes",Illes Balears,ES,5,3,2,Palma,0,0,,0,0,0,0,Mallorca,shapefile INE 2025 (sin datos de turismo),seccion_censal,0,0,0,16.2,6.9,3.74,0
0704004039,07040,039,04,040,07,04,0704004,07040,"Balears, Illes",Illes Balears,ES,5,3,2,Palma,0,0,,0,0,0,0,Mallorca,shapefile INE 2025 (sin datos de turismo),seccion_censal,0,0,0,16.2,6.9,3.74,0
0704004040,07040,040,04,040,07,04,0704004,07040,"Balears, Illes",Illes Balears,ES,5,3,2,Palma,0,0,,0,0,0,0,Mallorca,shapefile INE 2025 (sin datos de turismo),seccion_censal,0,0,0,16.2,6.9,3.74,0
0704004041,07040,041,04,040,07,04,0704004,07040,"Balears, Illes",Illes Balears,ES,5,3,2,Palma,0,0,,0,0,0,0,Mallorca,shapefile INE 2025 (sin datos de turismo),seccion_censal,0,0,0,16.2,6.9,3.74,0
0704004042,07040,042,04,040,07,04,0704004,07040,"Balears, Illes",Illes Balears,ES,5,3,2,Palma,0,0,,0,0,0,0,Mallorca,shapefile INE 2025 (sin datos de turismo),seccion_censal,0,0,0,16.2,6.9,3.74,0
0704004043,07040,043,04,040,07,04,0704004,07040,"Balears, Illes",Illes Balears,ES,5,3,2,Palma,0,0,,0,0,0,0,Mallorca,shapefile INE 2025 (sin datos de turismo),seccion_censal,0,0,0,16.2,6.9,3.74,0
0704004044,07040,044,04,040,07,04,0704004,07040,"Balears, Illes",Illes Balears,ES,5,3,2,Palma,0,0,,0,0,0,0,Mallorca,shapefile INE 2025 (sin datos de turismo),seccion_censal,0,0,0,16.2,6.9,3.74,0
0704004045,07040,045,04,040,07,04,0704004,07040,"Balears, Illes",Illes Balears,ES,5,3,2,Palma,0,0,,0,0,0,0,Mallorca,shapefile INE 2025 (sin datos de turismo),seccion_censal,0,0,0,16.2,6.9,3.74,0
0704004046,07040,046,04,040,07,04,0704004,07040,"Balears, Illes",Illes Balears,ES,5,3,2,Palma,0,0,,0,0,0,0,Mallorca,shapefile INE 2025 (sin datos de turismo),seccion_censal,0,0,0,16.2,6.9,3.74,0
0704004047,07040,047,04,040,07,04,0704004,07040,"Balears, Illes",Illes Balears,ES,5,3,2,Palma,0,0,,0,0,0,0,Mallorca,shapefile INE 2025 (sin datos de turismo),seccion_censal,0,0,0,16.2,6.9,3.74,0
0704004049,07040,049,04,040,07,04,0704004,07040,"Balears, Illes",Illes Balears,ES,5,3,2,Palma,0,0,,0,0,0,0,Mallorca,shapefile INE 2025 (sin datos de turismo),seccion_censal,0,0,0,16.2,6.9,3.74,0
0704004050,07040,050,04,040,07,04,0704004,07040,"Balears, Illes",Illes Balears,ES,5,3,2,Palma,1,1,454.71,6,0,1,1,Mallorca,Inside Airbnb 2026-06,seccion_censal,0,0,0,16.2,6.9,3.74,6
0704004051,07040,051,04,040,07,04,0704004,07040,"Balears, Illes",Illes Balears,ES,5,3,2,Palma,2,0,113.78,4,27600,1,2,Mallorca,Inside Airbnb 2026-06,seccion_censal,0,0,0,16.2,6.9,3.74,4
0704004052,07040,052,04,040,07,04,0704004,07040,"Balears, Illes",Illes Balears,ES,5,3,2,Palma,0,0,,0,0,0,0,Mallorca,shapefile INE 2025 (sin datos de turismo),seccion_censal,0,0,0,16.2,6.9,3.74,0
0704004053,07040,053,04,040,07,04,0704004,07040,"Balears, Illes",Illes Balears,ES,5,3,2,Palma,0,0,,0,0,0,0,Mallorca,shapefile INE 2025 (sin datos de turismo),seccion_censal,0,0,0,16.2,6.9,3.74,0
0704004054,07040,054,04,040,07,04,0704004,07040,"Balears, Illes",Illes Balears,ES,5,3,2,Palma,0,0,,0,0,0,0,Mallorca,shapefile INE 2025 (sin datos de turismo),seccion_censal,0,0,0,16.2,6.9,3.74,0
0704004055,07040,055,04,040,07,04,0704004,07040,"Balears, Illes",Illes Balears,ES,5,3,2,Palma,1,1,356.14,6,0,1,1,Mallorca,Inside Airbnb 2026-06,seccion_censal,0,0,0,16.2,6.9,3.74,6
0704004056,07040,056,04,040,07,04,0704004,07040,"Balears, Illes",Illes Balears,ES,5,3,2,Palma,4,2,180.5,9,136213,4,4,Mallorca,Inside Airbnb 2026-06,seccion_censal,0,0,0,16.2,6.9,3.74,9
0704004057,07040,057,04,040,07,04,0704004,07040,"Balears, Illes",Illes Balears,ES,5,3,2,Palma,1,1,208.23,6,0,1,1,Mallorca,Inside Airbnb 2026-06,seccion_censal,0,0,0,16.2,6.9,3.74,6
0704004058,07040,058,04,040,07,04,0704004,07040,"Balears, Illes",Illes Balears,ES,5,3,2,Palma,1,1,94.03,4,16925,1,1,Mallorca,Inside Airbnb 2026-06,seccion_censal,0,0,0,16.2,6.9,3.74,4
0704004059,07040,059,04,040,07,04,0704004,07040,"Balears, Illes",Illes Balears,ES,5,3,2,Palma,1,1,122.9,6,31340,1,1,Mallorca,Inside Airbnb 2026-06,seccion_censal,0,0,0,16.2,6.9,3.74,6
0704004060,07040,060,04,040,07,04,0704004,07040,"Balears, Illes",Illes Balears,ES,5,3,2,Palma,2,1,99.25999999999999,5,30952,2,2,Mallorca,Inside Airbnb 2026-06,seccion_censal,0,0,0,16.2,6.9,3.74,5
0704004061,07040,061,04,040,07,04,0704004,07040,"Balears, Illes",Illes Balears,ES,5,3,2,Palma,2,0,100.61500000000001,4,51314,1,2,Mallorca,Inside Airbnb 2026-06,seccion_censal,0,0,0,16.2,6.9,3.74,4
0704004062,07040,062,04,040,07,04,0704004,07040,"Balears, Illes",Illes Balears,ES,5,3,2,Palma,1,0,155.0,2,35340,1,1,Mallorca,Inside Airbnb 2026-06,seccion_censal,0,0,0,16.2,6.9,3.74,2
0704004063,07040,063,04,040,07,04,0704004,07040,"Balears, Illes",Illes Balears,ES,5,3,2,Palma,0,0,,0,0,0,0,Mallorca,shapefile INE 2025 (sin datos de turismo),seccion_censal,0,0,0,16.2,6.9,3.74,0
0704004064,07040,064,04,040,07,04,0704004,07040,"Balears, Illes",Illes Balears,ES,5,3,2,Palma,1,1,98.68,2,0,1,1,Mallorca,Inside Airbnb 2026-06,seccion_censal,0,0,0,16.2,6.9,3.74,2
0704004065,07040,065,04,040,07,04,0704004,07040,"Balears, Illes",Illes Balears,ES,5,3,2,Palma,0,0,,0,0,0,0,Mallorca,shapefile INE 2025 (sin datos de turismo),seccion_censal,0,0,0,16.2,6.9,3.74,0
0704004066,07040,066,04,040,07,04,0704004,07040,"Balears, Illes",Illes Balears,ES,5,3,2,Palma,0,0,,0,0,0,0,Mallorca,shapefile INE 2025 (sin datos de turismo),seccion_censal,0,0,0,16.2,6.9,3.74,0
0704004067,07040,067,04,040,07,04,0704004,07040,"Balears, Illes",Illes Balears,ES,5,3,2,Palma,0,0,,0,0,0,0,Mallorca,shapefile INE 2025 (sin datos de turismo),seccion_censal,0,0,0,16.2,6.9,3.74,0
0704004068,07040,068,04,040,07,04,0704004,07040,"Balears, Illes",Illes Balears,ES,5,3,2,Palma,0,0,,0,0,0,0,Mallorca,shapefile INE 2025 (sin datos de turismo),seccion_censal,0,0,0,16.2,6.9,3.74,0
0704004069,07040,069,04,040,07,04,0704004,07040,"Balears, Illes",Illes Balears,ES,5,3,2,Palma,0,0,,0,0,0,0,Mallorca,shapefile INE 2025 (sin datos de turismo),seccion_censal,0,0,0,16.2,6.9,3.74,0
0704004070,07040,070,04,040,07,04,0704004,07040,"Balears, Illes",Illes Balears,ES,5,3,2,Palma,0,0,,0,0,0,0,Mallorca,shapefile INE 2025 (sin datos de turismo),seccion_censal,0,0,0,16.2,6.9,3.74,0
0704004071,07040,071,04,040,07,04,0704004,07040,"Balears, Illes",Illes Balears,ES,5,3,2,Palma,0,0,,0,0,0,0,Mallorca,shapefile INE 2025 (sin datos de turismo),seccion_censal,0,0,0,16.2,6.9,3.74,0
0704004072,07040,072,04,040,07,04,0704004,07040,"Balears, Illes",Illes Balears,ES,5,3,2,Palma,3,2,509.67,22,169731,3,3,Mallorca,Inside Airbnb 2026-06,seccion_censal,0,0,0,16.2,6.9,3.74,22
0704004073,07040,073,04,040,07,04,0704004,07040,"Balears, Illes",Illes Balears,ES,5,3,2,Palma,2,1,131.64,6,38997,2,2,Mallorca,Inside Airbnb 2026-06,seccion_censal,0,0,0,16.2,6.9,3.74,6
0704004074,07040,074,04,040,07,04,0704004,07040,"Balears, Illes",Illes Balears,ES,5,3,2,Palma,21,21,113.0,127,303446,10,21,Mallorca,Inside Airbnb 2026-06,seccion_censal,0,0,0,16.2,6.9,3.74,127
0704004075,07040,075,04,040,07,04,0704004,07040,"Balears, Illes",Illes Balears,ES,5,3,2,Palma,8,7,488.0,64,407409,7,8,Mallorca,Inside Airbnb 2026-06,seccion_censal,0,0,0,16.2,6.9,3.74,64
0704004076,07040,076,04,040,07,04,0704004,07040,"Balears, Illes",Illes Balears,ES,5,3,2,Palma,0,0,,0,0,0,0,Mallorca,shapefile INE 2025 (sin datos de turismo),seccion_censal,0,0,0,16.2,6.9,3.74,0
0704004078,07040,078,04,040,07,04,0704004,07040,"Balears, Illes",Illes Balears,ES,5,3,2,Palma,4,3,207.8,17,74122,4,4,Mallorca,Inside Airbnb 2026-06,seccion_censal,0,0,0,16.2,6.9,3.74,17
0704004079,07040,079,04,040,07,04,0704004,07040,"Balears, Illes",Illes Balears,ES,5,3,2,Palma,16,16,781.71,152,754598,14,16,Mallorca,Inside Airbnb 2026-06,seccion_censal,0,0,0,16.2,6.9,3.74,152
0704004080,07040,080,04,040,07,04,0704004,07040,"Balears, Illes",Illes Balears,ES,5,3,2,Palma,1,1,981.67,12,100130,1,1,Mallorca,Inside Airbnb 2026-06,seccion_censal,0,0,0,16.2,6.9,3.74,12
0704004081,07040,081,04,040,07,04,0704004,07040,"Balears, Illes",Illes Balears,ES,5,3,2,Palma,15,15,763.5,145,520421,14,15,Mallorca,Inside Airbnb 2026-06,seccion_censal,0,0,0,16.2,6.9,3.74,145
0704004082,07040,082,04,040,07,04,0704004,07040,"Balears, Illes",Illes Balears,ES,5,3,2,Palma,0,0,,0,0,0,0,Mallorca,shapefile INE 2025 (sin datos de turismo),seccion_censal,0,0,0,16.2,6.9,3.74,0
0704004083,07040,083,04,040,07,04,0704004,07040,"Balears, Illes",Illes Balears,ES,5,3,2,Palma,24,21,396.7,178,727928,15,24,Mallorca,Inside Airbnb 2026-06,seccion_censal,0,0,0,16.2,6.9,3.74,178
0704004084,07040,084,04,040,07,04,0704004,07040,"Balears, Illes",Illes Balears,ES,5,3,2,Palma,3,3,537.71,12,0,3,3,Mallorca,Inside Airbnb 2026-06,seccion_censal,0,0,0,16.2,6.9,3.74,12
0704004085,07040,085,04,040,07,04,0704004,07040,"Balears, Illes",Illes Balears,ES,5,3,2,Palma,0,0,,0,0,0,0,Mallorca,shapefile INE 2025 (sin datos de turismo),seccion_censal,0,0,0,16.2,6.9,3.74,0
0704004086,07040,086,04,040,07,04,0704004,07040,"Balears, Illes",Illes Balears,ES,5,3,2,Palma,0,0,,0,0,0,0,Mallorca,shapefile INE 2025 (sin datos de turismo),seccion_censal,0,0,0,16.2,6.9,3.74,0
0704004087,07040,087,04,040,07,04,0704004,07040,"Balears, Illes",Illes Balears,ES,5,3,2,Palma,1,1,799.0,8,19176,1,1,Mallorca,Inside Airbnb 2026-06,seccion_censal,0,0,0,16.2,6.9,3.74,8
0704004088,07040,088,04,040,07,04,0704004,07040,"Balears, Illes",Illes Balears,ES,5,3,2,Palma,0,0,,0,0,0,0,Mallorca,shapefile INE 2025 (sin datos de turismo),seccion_censal,0,0,0,16.2,6.9,3.74,0
0704005001,07040,001,05,040,07,04,0704005,07040,"Balears, Illes",Illes Balears,ES,5,3,2,Palma,3,3,348.665,11,80792,3,3,Mallorca,Inside Airbnb 2026-06,seccion_censal,0,0,0,16.2,6.9,3.74,11
0704005002,07040,002,05,040,07,04,0704005,07040,"Balears, Illes",Illes Balears,ES,5,3,2,Palma,7,5,308.33500000000004,32,237853,4,7,Mallorca,Inside Airbnb 2026-06,seccion_censal,0,0,0,16.2,6.9,3.74,32
0704005003,07040,003,05,040,07,04,0704005,07040,"Balears, Illes",Illes Balears,ES,5,3,2,Palma,9,9,590.0,62,575471,9,9,Mallorca,Inside Airbnb 2026-06,seccion_censal,0,0,0,16.2,6.9,3.74,62
0704005004,07040,004,05,040,07,04,0704005,07040,"Balears, Illes",Illes Balears,ES,5,3,2,Palma,1,1,75.91,3,0,1,0,Mallorca,Inside Airbnb 2026-06,seccion_censal,0,0,0,16.2,6.9,3.74,3
0704005005,07040,005,05,040,07,04,0704005,07040,"Balears, Illes",Illes Balears,ES,5,3,2,Palma,2,2,251.0,9,90648,2,2,Mallorca,Inside Airbnb 2026-06,seccion_censal,0,0,0,16.2,6.9,3.74,9
0704005006,07040,006,05,040,07,04,0704005,07040,"Balears, Illes",Illes Balears,ES,5,3,2,Palma,0,0,,0,0,0,0,Mallorca,shapefile INE 2025 (sin datos de turismo),seccion_censal,0,0,0,16.2,6.9,3.74,0
0704005007,07040,007,05,040,07,04,0704005,07040,"Balears, Illes",Illes Balears,ES,5,3,2,Palma,3,2,226.67499999999998,14,7765,3,3,Mallorca,Inside Airbnb 2026-06,seccion_censal,0,0,0,16.2,6.9,3.74,14
0704005008,07040,008,05,040,07,04,0704005,07040,"Balears, Illes",Illes Balears,ES,5,3,2,Palma,1,1,724.0,8,60816,1,1,Mallorca,Inside Airbnb 2026-06,seccion_censal,0,0,0,16.2,6.9,3.74,8
0704005009,07040,009,05,040,07,04,0704005,07040,"Balears, Illes",Illes Balears,ES,5,3,2,Palma,32,31,643.665,239,1441523,23,32,Mallorca,Inside Airbnb 2026-06,seccion_censal,0,0,0,16.2,6.9,3.74,239
0704005010,07040,010,05,040,07,04,0704005,07040,"Balears, Illes",Illes Balears,ES,5,3,2,Palma,17,17,942.67,123,368077,15,17,Mallorca,Inside Airbnb 2026-06,seccion_censal,0,0,0,16.2,6.9,3.74,123
0704005011,07040,011,05,040,07,04,0704005,07040,"Balears, Illes",Illes Balears,ES,5,3,2,Palma,5,5,714.67,42,128086,3,5,Mallorca,Inside Airbnb 2026-06,seccion_censal,0,0,0,16.2,6.9,3.74,42
0704005012,07040,012,05,040,07,04,0704005,07040,"Balears, Illes",Illes Balears,ES,5,3,2,Palma,7,7,250.0,34,153899,5,7,Mallorca,Inside Airbnb 2026-06,seccion_censal,0,0,0,16.2,6.9,3.74,34
0704005013,07040,013,05,040,07,04,0704005,07040,"Balears, Illes",Illes Balears,ES,5,3,2,Palma,6,2,592.125,41,206657,4,6,Mallorca,Inside Airbnb 2026-06,seccion_censal,0,0,0,16.2,6.9,3.74,41
0704005014,07040,014,05,040,07,04,0704005,07040,"Balears, Illes",Illes Balears,ES,5,3,2,Palma,17,8,131.36,86,151297,9,16,Mallorca,Inside Airbnb 2026-06,seccion_censal,0,0,0,16.2,6.9,3.74,86
0704005015,07040,015,05,040,07,04,0704005,07040,"Balears, Illes",Illes Balears,ES,5,3,2,Palma,7,7,431.5,29,313985,7,7,Mallorca,Inside Airbnb 2026-06,seccion_censal,0,0,0,16.2,6.9,3.74,29
0704005016,07040,016,05,040,07,04,0704005,07040,"Balears, Illes",Illes Balears,ES,5,3,2,Palma,1,1,123.89,4,0,1,1,Mallorca,Inside Airbnb 2026-06,seccion_censal,0,0,0,16.2,6.9,3.74,4
0704005017,07040,017,05,040,07,04,0704005,07040,"Balears, Illes",Illes Balears,ES,5,3,2,Palma,1,0,127.0,2,9144,1,1,Mallorca,Inside Airbnb 2026-06,seccion_censal,0,0,0,16.2,6.9,3.74,2
0704005018,07040,018,05,040,07,04,0704005,07040,"Balears, Illes",Illes Balears,ES,5,3,2,Palma,1,1,311.5,13,65415,1,1,Mallorca,Inside Airbnb 2026-06,seccion_censal,0,0,0,16.2,6.9,3.74,13
0704005019,07040,019,05,040,07,04,0704005,07040,"Balears, Illes",Illes Balears,ES,5,3,2,Palma,9,9,477.0,48,223232,7,9,Mallorca,Inside Airbnb 2026-06,seccion_censal,0,0,0,16.2,6.9,3.74,48
0704005020,07040,020,05,040,07,04,0704005,07040,"Balears, Illes",Illes Balears,ES,5,3,2,Palma,8,7,170.65,45,149921,8,8,Mallorca,Inside Airbnb 2026-06,seccion_censal,0,0,0,16.2,6.9,3.74,45
0704005021,07040,021,05,040,07,04,0704005,07040,"Balears, Illes",Illes Balears,ES,5,3,2,Palma,8,7,215.68,41,169721,7,8,Mallorca,Inside Airbnb 2026-06,seccion_censal,0,0,0,16.2,6.9,3.74,41
0704005022,07040,022,05,040,07,04,0704005,07040,"Balears, Illes",Illes Balears,ES,5,3,2,Palma,1,0,91.33,2,20275,1,1,Mallorca,Inside Airbnb 2026-06,seccion_censal,0,0,0,16.2,6.9,3.74,2
0704101001,07041,001,01,041,07,04,0704101,07041,"Balears, Illes",Illes Balears,ES,5,3,2,Petra,89,83,440.0,704,848213,40,88,Mallorca,Inside Airbnb 2026-06,seccion_censal,0,0,0,16.2,6.9,3.74,704
0704102001,07041,001,02,041,07,04,0704102,07041,"Balears, Illes",Illes Balears,ES,5,3,2,Petra,81,79,360.47,550,822457,58,81,Mallorca,Inside Airbnb 2026-06,seccion_censal,0,0,0,16.2,6.9,3.74,550
0704201001,07042,001,01,042,07,04,0704201,07042,"Balears, Illes",Illes Balears,ES,5,3,2,Pollença,159,157,465.0,1026,1691426,81,159,Mallorca,Inside Airbnb 2026-06,seccion_censal,0,0,0,16.2,6.9,3.74,1026
0704201002,07042,002,01,042,07,04,0704201,07042,"Balears, Illes",Illes Balears,ES,5,3,2,Pollença,58,56,337.6,310,813451,41,57,Mallorca,Inside Airbnb 2026-06,seccion_censal,0,0,0,16.2,6.9,3.74,310
0704202001,07042,001,02,042,07,04,0704202,07042,"Balears, Illes",Illes Balears,ES,5,3,2,Pollença,507,500,438.07,3169,5315033,146,506,Mallorca,Inside Airbnb 2026-06,seccion_censal,0,0,0,16.2,6.9,3.74,3169
0704203001,07042,001,03,042,07,04,0704203,07042,"Balears, Illes",Illes Balears,ES,5,3,2,Pollença,414,414,464.33500000000004,2589,3632045,131,413,Mallorca,Inside Airbnb 2026-06,seccion_censal,0,0,0,16.2,6.9,3.74,2589
0704203002,07042,002,03,042,07,04,0704203,07042,"Balears, Illes",Illes Balears,ES,5,3,2,Pollença,175,172,458.1,1099,1595156,81,174,Mallorca,Inside Airbnb 2026-06,seccion_censal,0,0,0,16.2,6.9,3.74,1099
0704203003,07042,003,03,042,07,04,0704203,07042,"Balears, Illes",Illes Balears,ES,5,3,2,Pollença,479,475,399.46500000000003,2735,5016460,178,477,Mallorca,Inside Airbnb 2026-06,seccion_censal,0,0,0,16.2,6.9,3.74,2735
0704203004,07042,004,03,042,07,04,0704203,07042,"Balears, Illes",Illes Balears,ES,5,3,2,Pollença,171,171,319.6,889,2538597,108,171,Mallorca,Inside Airbnb 2026-06,seccion_censal,0,0,0,16.2,6.9,3.74,889
0704204001,07042,001,04,042,07,04,0704204,07042,"Balears, Illes",Illes Balears,ES,5,3,2,Pollença,290,281,463.71500000000003,1840,2645191,105,290,Mallorca,Inside Airbnb 2026-06,seccion_censal,0,0,0,16.2,6.9,3.74,1840
0704301001,07043,001,01,043,07,04,0704301,07043,"Balears, Illes",Illes Balears,ES,5,3,2,Porreres,9,9,213.5,47,204182,6,9,Mallorca,Inside Airbnb 2026-06,seccion_censal,0,0,0,16.2,6.9,3.74,47
0704301002,07043,002,01,043,07,04,0704301,07043,"Balears, Illes",Illes Balears,ES,5,3,2,Porreres,27,25,514.17,146,175542,18,27,Mallorca,Inside Airbnb 2026-06,seccion_censal,0,0,0,16.2,6.9,3.74,146
0704302001,07043,001,02,043,07,04,0704302,07043,"Balears, Illes",Illes Balears,ES,5,3,2,Porreres,3,3,221.44,16,26922,3,3,Mallorca,Inside Airbnb 2026-06,seccion_censal,0,0,0,16.2,6.9,3.74,16
0704302002,07043,002,02,043,07,04,0704302,07043,"Balears, Illes",Illes Balears,ES,5,3,2,Porreres,37,34,390.0,182,328025,22,37,Mallorca,Inside Airbnb 2026-06,seccion_censal,0,0,0,16.2,6.9,3.74,182
0704403001,07044,001,03,044,07,04,0704403,07044,"Balears, Illes",Illes Balears,ES,5,3,2,"Pobla, Sa",23,23,304.515,145,302384,15,23,Mallorca,Inside Airbnb 2026-06,seccion_censal,0,0,0,16.2,6.9,3.74,145
0704403002,07044,002,03,044,07,04,0704403,07044,"Balears, Illes",Illes Balears,ES,5,3,2,"Pobla, Sa",23,23,374.4,153,197746,17,23,Mallorca,Inside Airbnb 2026-06,seccion_censal,0,0,0,16.2,6.9,3.74,153
0704404001,07044,001,04,044,07,04,0704404,07044,"Balears, Illes",Illes Balears,ES,5,3,2,"Pobla, Sa",117,117,397.07,732,1092202,72,117,Mallorca,Inside Airbnb 2026-06,seccion_censal,0,0,0,16.2,6.9,3.74,732
0704404002,07044,002,04,044,07,04,0704404,07044,"Balears, Illes",Illes Balears,ES,5,3,2,"Pobla, Sa",20,20,365.355,106,181303,15,20,Mallorca,Inside Airbnb 2026-06,seccion_censal,0,0,0,16.2,6.9,3.74,106
0704501001,07045,001,01,045,07,04,0704501,07045,"Balears, Illes",Illes Balears,ES,5,3,2,Puigpunyent,39,33,507.80999999999995,197,550543,27,39,Mallorca,Inside Airbnb 2026-06,seccion_censal,0,0,0,16.2,6.9,3.74,197
0704601001,07046,001,01,046,07,04,0704601,07046,"Balears, Illes",Illes Balears,ES,5,3,1,Sant Antoni de Portmany,0,0,,0,0,0,0,Eivissa,HUT Consell d'Eivissa 2026,municipio,330,2486,254,16.2,6.9,3.74,2486
0704601003,07046,003,01,046,07,04,0704601,07046,"Balears, Illes",Illes Balears,ES,5,3,1,Sant Antoni de Portmany,0,0,,0,0,0,0,Eivissa,HUT Consell d'Eivissa 2026,municipio,330,2486,254,16.2,6.9,3.74,2486
0704601004,07046,004,01,046,07,04,0704601,07046,"Balears, Illes",Illes Balears,ES,5,3,1,Sant Antoni de Portmany,0,0,,0,0,0,0,Eivissa,HUT Consell d'Eivissa 2026,municipio,330,2486,254,16.2,6.9,3.74,2486
0704601005,07046,005,01,046,07,04,0704601,07046,"Balears, Illes",Illes Balears,ES,5,3,1,Sant Antoni de Portmany,0,0,,0,0,0,0,Eivissa,HUT Consell d'Eivissa 2026,municipio,330,2486,254,16.2,6.9,3.74,2486
0704601006,07046,006,01,046,07,04,0704601,07046,"Balears, Illes",Illes Balears,ES,5,3,1,Sant Antoni de Portmany,0,0,,0,0,0,0,Eivissa,HUT Consell d'Eivissa 2026,municipio,330,2486,254,16.2,6.9,3.74,2486
0704601007,07046,007,01,046,07,04,0704601,07046,"Balears, Illes",Illes Balears,ES,5,3,1,Sant Antoni de Portmany,0,0,,0,0,0,0,Eivissa,HUT Consell d'Eivissa 2026,municipio,330,2486,254,16.2,6.9,3.74,2486
0704601008,07046,008,01,046,07,04,0704601,07046,"Balears, Illes",Illes Balears,ES,5,3,1,Sant Antoni de Portmany,0,0,,0,0,0,0,Eivissa,HUT Consell d'Eivissa 2026,municipio,330,2486,254,16.2,6.9,3.74,2486
0704601010,07046,010,01,046,07,04,0704601,07046,"Balears, Illes",Illes Balears,ES,5,3,1,Sant Antoni de Portmany,0,0,,0,0,0,0,Eivissa,HUT Consell d'Eivissa 2026,municipio,330,2486,254,16.2,6.9,3.74,2486
0704602001,07046,001,02,046,07,04,0704602,07046,"Balears, Illes",Illes Balears,ES,5,3,1,Sant Antoni de Portmany,0,0,,0,0,0,0,Eivissa,HUT Consell d'Eivissa 2026,municipio,330,2486,254,16.2,6.9,3.74,2486
0704602002,07046,002,02,046,07,04,0704602,07046,"Balears, Illes",Illes Balears,ES,5,3,1,Sant Antoni de Portmany,0,0,,0,0,0,0,Eivissa,HUT Consell d'Eivissa 2026,municipio,330,2486,254,16.2,6.9,3.74,2486
0704701001,07047,001,01,047,07,04,0704701,07047,"Balears, Illes",Illes Balears,ES,5,3,2,Sencelles,56,55,401.5,357,891704,43,56,Mallorca,Inside Airbnb 2026-06,seccion_censal,0,0,0,16.2,6.9,3.74,357
0704702001,07047,001,02,047,07,04,0704702,07047,"Balears, Illes",Illes Balears,ES,5,3,2,Sencelles,51,51,470.75,356,863858,45,51,Mallorca,Inside Airbnb 2026-06,seccion_censal,0,0,0,16.2,6.9,3.74,356
0704801001,07048,001,01,048,07,04,0704801,07048,"Balears, Illes",Illes Balears,ES,5,3,1,Sant Josep de sa Talaia,0,0,,0,0,0,0,Eivissa,HUT Consell d'Eivissa 2026,municipio,945,7296,898,16.2,6.9,3.74,7296
0704801002,07048,002,01,048,07,04,0704801,07048,"Balears, Illes",Illes Balears,ES,5,3,1,Sant Josep de sa Talaia,0,0,,0,0,0,0,Eivissa,HUT Consell d'Eivissa 2026,municipio,945,7296,898,16.2,6.9,3.74,7296
0704801003,07048,003,01,048,07,04,0704801,07048,"Balears, Illes",Illes Balears,ES,5,3,1,Sant Josep de sa Talaia,0,0,,0,0,0,0,Eivissa,HUT Consell d'Eivissa 2026,municipio,945,7296,898,16.2,6.9,3.74,7296
0704801004,07048,004,01,048,07,04,0704801,07048,"Balears, Illes",Illes Balears,ES,5,3,1,Sant Josep de sa Talaia,0,0,,0,0,0,0,Eivissa,HUT Consell d'Eivissa 2026,municipio,945,7296,898,16.2,6.9,3.74,7296
0704801005,07048,005,01,048,07,04,0704801,07048,"Balears, Illes",Illes Balears,ES,5,3,1,Sant Josep de sa Talaia,0,0,,0,0,0,0,Eivissa,HUT Consell d'Eivissa 2026,municipio,945,7296,898,16.2,6.9,3.74,7296
0704801006,07048,006,01,048,07,04,0704801,07048,"Balears, Illes",Illes Balears,ES,5,3,1,Sant Josep de sa Talaia,0,0,,0,0,0,0,Eivissa,HUT Consell d'Eivissa 2026,municipio,945,7296,898,16.2,6.9,3.74,7296
0704801007,07048,007,01,048,07,04,0704801,07048,"Balears, Illes",Illes Balears,ES,5,3,1,Sant Josep de sa Talaia,0,0,,0,0,0,0,Eivissa,HUT Consell d'Eivissa 2026,municipio,945,7296,898,16.2,6.9,3.74,7296
0704802001,07048,001,02,048,07,04,0704802,07048,"Balears, Illes",Illes Balears,ES,5,3,1,Sant Josep de sa Talaia,0,0,,0,0,0,0,Eivissa,HUT Consell d'Eivissa 2026,municipio,945,7296,898,16.2,6.9,3.74,7296
0704802002,07048,002,02,048,07,04,0704802,07048,"Balears, Illes",Illes Balears,ES,5,3,1,Sant Josep de sa Talaia,0,0,,0,0,0,0,Eivissa,HUT Consell d'Eivissa 2026,municipio,945,7296,898,16.2,6.9,3.74,7296
0704802003,07048,003,02,048,07,04,0704802,07048,"Balears, Illes",Illes Balears,ES,5,3,1,Sant Josep de sa Talaia,0,0,,0,0,0,0,Eivissa,HUT Consell d'Eivissa 2026,municipio,945,7296,898,16.2,6.9,3.74,7296
0704802004,07048,004,02,048,07,04,0704802,07048,"Balears, Illes",Illes Balears,ES,5,3,1,Sant Josep de sa Talaia,0,0,,0,0,0,0,Eivissa,HUT Consell d'Eivissa 2026,municipio,945,7296,898,16.2,6.9,3.74,7296
0704802005,07048,005,02,048,07,04,0704802,07048,"Balears, Illes",Illes Balears,ES,5,3,1,Sant Josep de sa Talaia,0,0,,0,0,0,0,Eivissa,HUT Consell d'Eivissa 2026,municipio,945,7296,898,16.2,6.9,3.74,7296
0704802006,07048,006,02,048,07,04,0704802,07048,"Balears, Illes",Illes Balears,ES,5,3,1,Sant Josep de sa Talaia,0,0,,0,0,0,0,Eivissa,HUT Consell d'Eivissa 2026,municipio,945,7296,898,16.2,6.9,3.74,7296
0704901001,07049,001,01,049,07,04,0704901,07049,"Balears, Illes",Illes Balears,ES,5,3,2,Sant Joan,10,10,276.0,64,138352,9,10,Mallorca,Inside Airbnb 2026-06,seccion_censal,0,0,0,16.2,6.9,3.74,64
0704902001,07049,001,02,049,07,04,0704902,07049,"Balears, Illes",Illes Balears,ES,5,3,2,Sant Joan,30,30,307.78499999999997,185,471588,20,29,Mallorca,Inside Airbnb 2026-06,seccion_censal,0,0,0,16.2,6.9,3.74,185
0705001001,07050,001,01,050,07,04,0705001,07050,"Balears, Illes",Illes Balears,ES,5,3,1,Sant Joan de Labritja,0,0,,0,0,0,0,Eivissa,HUT Consell d'Eivissa 2026,municipio,245,1917,132,16.2,6.9,3.74,1917
0705001002,07050,002,01,050,07,04,0705001,07050,"Balears, Illes",Illes Balears,ES,5,3,1,Sant Joan de Labritja,0,0,,0,0,0,0,Eivissa,HUT Consell d'Eivissa 2026,municipio,245,1917,132,16.2,6.9,3.74,1917
0705001003,07050,003,01,050,07,04,0705001,07050,"Balears, Illes",Illes Balears,ES,5,3,1,Sant Joan de Labritja,0,0,,0,0,0,0,Eivissa,HUT Consell d'Eivissa 2026,municipio,245,1917,132,16.2,6.9,3.74,1917
0705101001,07051,001,01,051,07,04,0705101,07051,"Balears, Illes",Illes Balears,ES,5,3,2,Sant Llorenç des Cardassar,29,29,448.0,185,248144,23,29,Mallorca,Inside Airbnb 2026-06,seccion_censal,0,0,0,16.2,6.9,3.74,185
0705101002,07051,002,01,051,07,04,0705101,07051,"Balears, Illes",Illes Balears,ES,5,3,2,Sant Llorenç des Cardassar,88,75,314.6,509,593070,49,88,Mallorca,Inside Airbnb 2026-06,seccion_censal,0,0,0,16.2,6.9,3.74,509
0705102001,07051,001,02,051,07,04,0705102,07051,"Balears, Illes",Illes Balears,ES,5,3,2,Sant Llorenç des Cardassar,35,35,562.4,276,621268,29,35,Mallorca,Inside Airbnb 2026-06,seccion_censal,0,0,0,16.2,6.9,3.74,276
0705102002,07051,002,02,051,07,04,0705102,07051,"Balears, Illes",Illes Balears,ES,5,3,2,Sant Llorenç des Cardassar,68,66,214.0,282,1003673,34,68,Mallorca,Inside Airbnb 2026-06,seccion_censal,0,0,0,16.2,6.9,3.74,282
0705102003,07051,003,02,051,07,04,0705102,07051,"Balears, Illes",Illes Balears,ES,5,3,2,Sant Llorenç des Cardassar,62,60,331.0,413,584885,39,62,Mallorca,Inside Airbnb 2026-06,seccion_censal,0,0,0,16.2,6.9,3.74,413
0705201001,07052,001,01,052,07,04,0705201,07052,"Balears, Illes",Illes Balears,ES,5,3,3,Sant Lluís,2,2,378.895,10,31507,2,2,Menorca,Inside Airbnb 2026-06,seccion_censal,0,0,0,16.2,6.9,3.74,10
0705201002,07052,002,01,052,07,04,0705201,07052,"Balears, Illes",Illes Balears,ES,5,3,3,Sant Lluís,1,1,171.25,4,7193,1,1,Menorca,Inside Airbnb 2026-06,seccion_censal,0,0,0,16.2,6.9,3.74,4
0705202001,07052,001,02,052,07,04,0705202,07052,"Balears, Illes",Illes Balears,ES,5,3,3,Sant Lluís,27,27,682.33,222,266130,20,26,Menorca,Inside Airbnb 2026-06,seccion_censal,0,0,0,16.2,6.9,3.74,222
0705301001,07053,001,01,053,07,04,0705301,07053,"Balears, Illes",Illes Balears,ES,5,3,2,Santa Eugènia,11,11,553.5,72,239916,11,11,Mallorca,Inside Airbnb 2026-06,seccion_censal,0,0,0,16.2,6.9,3.74,72
0705401001,07054,001,01,054,07,04,0705401,07054,"Balears, Illes",Illes Balears,ES,5,3,1,Santa Eulària des Riu,0,0,,0,0,0,0,Eivissa,HUT Consell d'Eivissa 2026,municipio,803,6249,676,16.2,6.9,3.74,6249
0705401002,07054,002,01,054,07,04,0705401,07054,"Balears, Illes",Illes Balears,ES,5,3,1,Santa Eulària des Riu,0,0,,0,0,0,0,Eivissa,HUT Consell d'Eivissa 2026,municipio,803,6249,676,16.2,6.9,3.74,6249
0705401003,07054,003,01,054,07,04,0705401,07054,"Balears, Illes",Illes Balears,ES,5,3,1,Santa Eulària des Riu,0,0,,0,0,0,0,Eivissa,HUT Consell d'Eivissa 2026,municipio,803,6249,676,16.2,6.9,3.74,6249
0705401004,07054,004,01,054,07,04,0705401,07054,"Balears, Illes",Illes Balears,ES,5,3,1,Santa Eulària des Riu,0,0,,0,0,0,0,Eivissa,HUT Consell d'Eivissa 2026,municipio,803,6249,676,16.2,6.9,3.74,6249
0705401005,07054,005,01,054,07,04,0705401,07054,"Balears, Illes",Illes Balears,ES,5,3,1,Santa Eulària des Riu,0,0,,0,0,0,0,Eivissa,HUT Consell d'Eivissa 2026,municipio,803,6249,676,16.2,6.9,3.74,6249
0705401006,07054,006,01,054,07,04,0705401,07054,"Balears, Illes",Illes Balears,ES,5,3,1,Santa Eulària des Riu,0,0,,0,0,0,0,Eivissa,HUT Consell d'Eivissa 2026,municipio,803,6249,676,16.2,6.9,3.74,6249
0705401007,07054,007,01,054,07,04,0705401,07054,"Balears, Illes",Illes Balears,ES,5,3,1,Santa Eulària des Riu,0,0,,0,0,0,0,Eivissa,HUT Consell d'Eivissa 2026,municipio,803,6249,676,16.2,6.9,3.74,6249
0705401008,07054,008,01,054,07,04,0705401,07054,"Balears, Illes",Illes Balears,ES,5,3,1,Santa Eulària des Riu,0,0,,0,0,0,0,Eivissa,HUT Consell d'Eivissa 2026,municipio,803,6249,676,16.2,6.9,3.74,6249
0705401009,07054,009,01,054,07,04,0705401,07054,"Balears, Illes",Illes Balears,ES,5,3,1,Santa Eulària des Riu,0,0,,0,0,0,0,Eivissa,HUT Consell d'Eivissa 2026,municipio,803,6249,676,16.2,6.9,3.74,6249
0705402001,07054,001,02,054,07,04,0705402,07054,"Balears, Illes",Illes Balears,ES,5,3,1,Santa Eulària des Riu,0,0,,0,0,0,0,Eivissa,HUT Consell d'Eivissa 2026,municipio,803,6249,676,16.2,6.9,3.74,6249
0705402002,07054,002,02,054,07,04,0705402,07054,"Balears, Illes",Illes Balears,ES,5,3,1,Santa Eulària des Riu,0,0,,0,0,0,0,Eivissa,HUT Consell d'Eivissa 2026,municipio,803,6249,676,16.2,6.9,3.74,6249
0705403001,07054,001,03,054,07,04,0705403,07054,"Balears, Illes",Illes Balears,ES,5,3,1,Santa Eulària des Riu,0,0,,0,0,0,0,Eivissa,HUT Consell d'Eivissa 2026,municipio,803,6249,676,16.2,6.9,3.74,6249
0705404001,07054,001,04,054,07,04,0705404,07054,"Balears, Illes",Illes Balears,ES,5,3,1,Santa Eulària des Riu,0,0,,0,0,0,0,Eivissa,HUT Consell d'Eivissa 2026,municipio,803,6249,676,16.2,6.9,3.74,6249
0705404002,07054,002,04,054,07,04,0705404,07054,"Balears, Illes",Illes Balears,ES,5,3,1,Santa Eulària des Riu,0,0,,0,0,0,0,Eivissa,HUT Consell d'Eivissa 2026,municipio,803,6249,676,16.2,6.9,3.74,6249
0705404003,07054,003,04,054,07,04,0705404,07054,"Balears, Illes",Illes Balears,ES,5,3,1,Santa Eulària des Riu,0,0,,0,0,0,0,Eivissa,HUT Consell d'Eivissa 2026,municipio,803,6249,676,16.2,6.9,3.74,6249
0705405001,07054,001,05,054,07,04,0705405,07054,"Balears, Illes",Illes Balears,ES,5,3,1,Santa Eulària des Riu,0,0,,0,0,0,0,Eivissa,HUT Consell d'Eivissa 2026,municipio,803,6249,676,16.2,6.9,3.74,6249
0705405002,07054,002,05,054,07,04,0705405,07054,"Balears, Illes",Illes Balears,ES,5,3,1,Santa Eulària des Riu,0,0,,0,0,0,0,Eivissa,HUT Consell d'Eivissa 2026,municipio,803,6249,676,16.2,6.9,3.74,6249
0705405003,07054,003,05,054,07,04,0705405,07054,"Balears, Illes",Illes Balears,ES,5,3,1,Santa Eulària des Riu,0,0,,0,0,0,0,Eivissa,HUT Consell d'Eivissa 2026,municipio,803,6249,676,16.2,6.9,3.74,6249
0705501001,07055,001,01,055,07,04,0705501,07055,"Balears, Illes",Illes Balears,ES,5,3,2,Santa Margalida,18,11,184.0,91,265515,13,18,Mallorca,Inside Airbnb 2026-06,seccion_censal,0,0,0,16.2,6.9,3.74,91
0705501002,07055,002,01,055,07,04,0705501,07055,"Balears, Illes",Illes Balears,ES,5,3,2,Santa Margalida,36,36,333.75,164,377209,28,35,Mallorca,Inside Airbnb 2026-06,seccion_censal,0,0,0,16.2,6.9,3.74,164
0705502001,07055,001,02,055,07,04,0705502,07055,"Balears, Illes",Illes Balears,ES,5,3,2,Santa Margalida,64,64,419.5,386,859966,48,64,Mallorca,Inside Airbnb 2026-06,seccion_censal,0,0,0,16.2,6.9,3.74,386
0705502002,07055,002,02,055,07,04,0705502,07055,"Balears, Illes",Illes Balears,ES,5,3,2,Santa Margalida,226,225,325.75,1330,2424887,126,226,Mallorca,Inside Airbnb 2026-06,seccion_censal,0,0,0,16.2,6.9,3.74,1330
0705502003,07055,003,02,055,07,04,0705502,07055,"Balears, Illes",Illes Balears,ES,5,3,2,Santa Margalida,178,170,346.0,1044,2067456,94,178,Mallorca,Inside Airbnb 2026-06,seccion_censal,0,0,0,16.2,6.9,3.74,1044
0705502004,07055,004,02,055,07,04,0705502,07055,"Balears, Illes",Illes Balears,ES,5,3,2,Santa Margalida,69,69,292.4,374,855534,37,68,Mallorca,Inside Airbnb 2026-06,seccion_censal,0,0,0,16.2,6.9,3.74,374
0705502005,07055,005,02,055,07,04,0705502,07055,"Balears, Illes",Illes Balears,ES,5,3,2,Santa Margalida,57,57,242.875,347,461208,32,57,Mallorca,Inside Airbnb 2026-06,seccion_censal,0,0,0,16.2,6.9,3.74,347
0705601001,07056,001,01,056,07,04,0705601,07056,"Balears, Illes",Illes Balears,ES,5,3,2,Santa María del Camí,20,14,403.29999999999995,123,240902,14,20,Mallorca,Inside Airbnb 2026-06,seccion_censal,0,0,0,16.2,6.9,3.74,123
0705601002,07056,002,01,056,07,04,0705601,07056,"Balears, Illes",Illes Balears,ES,5,3,2,Santa María del Camí,1,1,2049.0,6,98352,1,1,Mallorca,Inside Airbnb 2026-06,seccion_censal,0,0,0,16.2,6.9,3.74,6
0705602001,07056,001,02,056,07,04,0705602,07056,"Balears, Illes",Illes Balears,ES,5,3,2,Santa María del Camí,24,18,391.4,147,461451,18,24,Mallorca,Inside Airbnb 2026-06,seccion_censal,0,0,0,16.2,6.9,3.74,147
0705602002,07056,002,02,056,07,04,0705602,07056,"Balears, Illes",Illes Balears,ES,5,3,2,Santa María del Camí,3,3,707.57,26,121158,3,3,Mallorca,Inside Airbnb 2026-06,seccion_censal,0,0,0,16.2,6.9,3.74,26
0705701001,07057,001,01,057,07,04,0705701,07057,"Balears, Illes",Illes Balears,ES,5,3,2,Santanyí,61,56,652.81,424,957409,37,61,Mallorca,Inside Airbnb 2026-06,seccion_censal,0,0,0,16.2,6.9,3.74,424
0705701002,07057,002,01,057,07,04,0705701,07057,"Balears, Illes",Illes Balears,ES,5,3,2,Santanyí,167,150,385.0,862,2180161,67,167,Mallorca,Inside Airbnb 2026-06,seccion_censal,0,0,0,16.2,6.9,3.74,862
0705701003,07057,003,01,057,07,04,0705701,07057,"Balears, Illes",Illes Balears,ES,5,3,2,Santanyí,37,33,570.0,269,271400,24,36,Mallorca,Inside Airbnb 2026-06,seccion_censal,0,0,0,16.2,6.9,3.74,269
0705701004,07057,004,01,057,07,04,0705701,07057,"Balears, Illes",Illes Balears,ES,5,3,2,Santanyí,141,134,452.5,875,2455141,68,141,Mallorca,Inside Airbnb 2026-06,seccion_censal,0,0,0,16.2,6.9,3.74,875
0705701005,07057,005,01,057,07,04,0705701,07057,"Balears, Illes",Illes Balears,ES,5,3,2,Santanyí,195,188,491.33,1292,3578260,94,193,Mallorca,Inside Airbnb 2026-06,seccion_censal,0,0,0,16.2,6.9,3.74,1292
0705701006,07057,006,01,057,07,04,0705701,07057,"Balears, Illes",Illes Balears,ES,5,3,2,Santanyí,146,132,344.2,722,3096640,52,146,Mallorca,Inside Airbnb 2026-06,seccion_censal,0,0,0,16.2,6.9,3.74,722
0705702001,07057,001,02,057,07,04,0705702,07057,"Balears, Illes",Illes Balears,ES,5,3,2,Santanyí,154,152,464.44500000000005,930,2999946,93,153,Mallorca,Inside Airbnb 2026-06,seccion_censal,0,0,0,16.2,6.9,3.74,930
0705702002,07057,002,02,057,07,04,0705702,07057,"Balears, Illes",Illes Balears,ES,5,3,2,Santanyí,69,68,291.75,371,1143895,42,69,Mallorca,Inside Airbnb 2026-06,seccion_censal,0,0,0,16.2,6.9,3.74,371
0705801001,07058,001,01,058,07,04,0705801,07058,"Balears, Illes",Illes Balears,ES,5,3,2,Selva,98,98,458.14,601,1261367,62,96,Mallorca,Inside Airbnb 2026-06,seccion_censal,0,0,0,16.2,6.9,3.74,601
0705801002,07058,002,01,058,07,04,0705801,07058,"Balears, Illes",Illes Balears,ES,5,3,2,Selva,101,87,353.8,553,1029250,55,101,Mallorca,Inside Airbnb 2026-06,seccion_censal,0,0,0,16.2,6.9,3.74,553
0705802001,07058,001,02,058,07,04,0705802,07058,"Balears, Illes",Illes Balears,ES,5,3,2,Selva,61,47,343.8,335,822456,42,61,Mallorca,Inside Airbnb 2026-06,seccion_censal,0,0,0,16.2,6.9,3.74,335
0705901001,07059,001,01,059,07,04,0705901,07059,"Balears, Illes",Illes Balears,ES,5,3,2,"Salines, Ses",107,104,448.91499999999996,650,1422215,67,107,Mallorca,Inside Airbnb 2026-06,seccion_censal,0,0,0,16.2,6.9,3.74,650
0705901002,07059,002,01,059,07,04,0705901,07059,"Balears, Illes",Illes Balears,ES,5,3,2,"Salines, Ses",134,129,242.4,590,2076549,65,133,Mallorca,Inside Airbnb 2026-06,seccion_censal,0,0,0,16.2,6.9,3.74,590
0706001001,07060,001,01,060,07,04,0706001,07060,"Balears, Illes",Illes Balears,ES,5,3,2,Sineu,44,40,401.0,282,382277,31,43,Mallorca,Inside Airbnb 2026-06,seccion_censal,0,0,0,16.2,6.9,3.74,282
0706002001,07060,001,02,060,07,04,0706002,07060,"Balears, Illes",Illes Balears,ES,5,3,2,Sineu,41,41,394.57,224,421503,28,41,Mallorca,Inside Airbnb 2026-06,seccion_censal,0,0,0,16.2,6.9,3.74,224
0706101001,07061,001,01,061,07,04,0706101,07061,"Balears, Illes",Illes Balears,ES,5,3,2,Sóller,30,24,376.59,181,940436,25,30,Mallorca,Inside Airbnb 2026-06,seccion_censal,0,0,0,16.2,6.9,3.74,181
0706101002,07061,002,01,061,07,04,0706101,07061,"Balears, Illes",Illes Balears,ES,5,3,2,Sóller,7,7,609.86,36,65955,7,7,Mallorca,Inside Airbnb 2026-06,seccion_censal,0,0,0,16.2,6.9,3.74,36
0706101003,07061,003,01,061,07,04,0706101,07061,"Balears, Illes",Illes Balears,ES,5,3,2,Sóller,24,22,366.86,123,699135,17,24,Mallorca,Inside Airbnb 2026-06,seccion_censal,0,0,0,16.2,6.9,3.74,123
0706102001,07061,001,02,061,07,04,0706102,07061,"Balears, Illes",Illes Balears,ES,5,3,2,Sóller,55,47,365.0,243,1565340,41,55,Mallorca,Inside Airbnb 2026-06,seccion_censal,0,0,0,16.2,6.9,3.74,243
0706102002,07061,002,02,061,07,04,0706102,07061,"Balears, Illes",Illes Balears,ES,5,3,2,Sóller,29,20,312.8,113,934739,20,29,Mallorca,Inside Airbnb 2026-06,seccion_censal,0,0,0,16.2,6.9,3.74,113
0706102003,07061,003,02,061,07,04,0706102,07061,"Balears, Illes",Illes Balears,ES,5,3,2,Sóller,19,13,277.0,86,233698,12,19,Mallorca,Inside Airbnb 2026-06,seccion_censal,0,0,0,16.2,6.9,3.74,86
0706102004,07061,004,02,061,07,04,0706102,07061,"Balears, Illes",Illes Balears,ES,5,3,2,Sóller,46,44,428.605,260,1186404,35,46,Mallorca,Inside Airbnb 2026-06,seccion_censal,0,0,0,16.2,6.9,3.74,260
0706103001,07061,001,03,061,07,04,0706103,07061,"Balears, Illes",Illes Balears,ES,5,3,2,Sóller,46,45,583.2,255,1629546,40,46,Mallorca,Inside Airbnb 2026-06,seccion_censal,0,0,0,16.2,6.9,3.74,255
0706103002,07061,002,03,061,07,04,0706103,07061,"Balears, Illes",Illes Balears,ES,5,3,2,Sóller,185,182,312.8,848,5209860,112,185,Mallorca,Inside Airbnb 2026-06,seccion_censal,0,0,0,16.2,6.9,3.74,848
0706201001,07062,001,01,062,07,04,0706201,07062,"Balears, Illes",Illes Balears,ES,5,3,2,Son Servera,12,12,481.0,81,68117,12,12,Mallorca,Inside Airbnb 2026-06,seccion_censal,0,0,0,16.2,6.9,3.74,81
0706201002,07062,002,01,062,07,04,0706201,07062,"Balears, Illes",Illes Balears,ES,5,3,2,Son Servera,37,37,138.0,133,308619,16,37,Mallorca,Inside Airbnb 2026-06,seccion_censal,0,0,0,16.2,6.9,3.74,133
0706201003,07062,003,01,062,07,04,0706201,07062,"Balears, Illes",Illes Balears,ES,5,3,2,Son Servera,141,141,662.0,981,1316496,76,141,Mallorca,Inside Airbnb 2026-06,seccion_censal,0,0,0,16.2,6.9,3.74,981
0706201004,07062,004,01,062,07,04,0706201,07062,"Balears, Illes",Illes Balears,ES,5,3,2,Son Servera,48,46,176.0,189,664577,27,48,Mallorca,Inside Airbnb 2026-06,seccion_censal,0,0,0,16.2,6.9,3.74,189
0706201005,07062,005,01,062,07,04,0706201,07062,"Balears, Illes",Illes Balears,ES,5,3,2,Son Servera,16,16,229.57,65,191268,12,16,Mallorca,Inside Airbnb 2026-06,seccion_censal,0,0,0,16.2,6.9,3.74,65
0706202001,07062,001,02,062,07,04,0706202,07062,"Balears, Illes",Illes Balears,ES,5,3,2,Son Servera,54,54,552.285,376,564523,35,54,Mallorca,Inside Airbnb 2026-06,seccion_censal,0,0,0,16.2,6.9,3.74,376
0706301001,07063,001,01,063,07,04,0706301,07063,"Balears, Illes",Illes Balears,ES,5,3,2,Valldemossa,103,94,356.75,559,2603603,63,103,Mallorca,Inside Airbnb 2026-06,seccion_censal,0,0,0,16.2,6.9,3.74,559
0706401001,07064,001,01,064,07,04,0706401,07064,"Balears, Illes",Illes Balears,ES,5,3,3,"Castell, Es",5,0,151.0,10,23939,2,5,Menorca,Inside Airbnb 2026-06,seccion_censal,0,0,0,16.2,6.9,3.74,10
0706401002,07064,002,01,064,07,04,0706401,07064,"Balears, Illes",Illes Balears,ES,5,3,3,"Castell, Es",2,2,3564.5,18,139062,2,1,Menorca,Inside Airbnb 2026-06,seccion_censal,0,0,0,16.2,6.9,3.74,18
0706401003,07064,003,01,064,07,04,0706401,07064,"Balears, Illes",Illes Balears,ES,5,3,3,"Castell, Es",27,19,271.0,133,207494,18,27,Menorca,Inside Airbnb 2026-06,seccion_censal,0,0,0,16.2,6.9,3.74,133
0706401004,07064,004,01,064,07,04,0706401,07064,"Balears, Illes",Illes Balears,ES,5,3,3,"Castell, Es",0,0,,0,0,0,0,Mallorca,shapefile INE 2025 (sin datos de turismo),seccion_censal,0,0,0,16.2,6.9,3.74,0
0706401005,07064,005,01,064,07,04,0706401,07064,"Balears, Illes",Illes Balears,ES,5,3,3,"Castell, Es",13,11,348.29,59,87564,13,13,Menorca,Inside Airbnb 2026-06,seccion_censal,0,0,0,16.2,6.9,3.74,59
0706501001,07065,001,01,065,07,04,0706501,07065,"Balears, Illes",Illes Balears,ES,5,3,2,Vilafranca de Bonany,7,7,361.96500000000003,38,29529,7,7,Mallorca,Inside Airbnb 2026-06,seccion_censal,0,0,0,16.2,6.9,3.74,38
0706502001,07065,001,02,065,07,04,0706502,07065,"Balears, Illes",Illes Balears,ES,5,3,2,Vilafranca de Bonany,33,33,391.6,219,540544,22,32,Mallorca,Inside Airbnb 2026-06,seccion_censal,0,0,0,16.2,6.9,3.74,219
0790101001,07901,001,01,901,07,04,0790101,07901,"Balears, Illes",Illes Balears,ES,5,3,2,Ariany,87,85,456.14,609,1126032,52,87,Mallorca,Inside Airbnb 2026-06,seccion_censal,0,0,0,16.2,6.9,3.74,609
0790201001,07902,001,01,902,07,04,0790201,07902,"Balears, Illes",Illes Balears,ES,5,3,3,"Migjorn Gran, Es",45,41,529.29,307,412443,18,45,Menorca,Inside Airbnb 2026-06,seccion_censal,0,0,0,16.2,6.9,3.74,307
0701002001,07010,001,02,010,07,04,0701002,07010,"Balears, Illes",Illes Balears,ES,5,3,2,Bunyola,4,4,182.0,21,38489,4,4,Mallorca,Inside Airbnb 2026-06,seccion_censal,0,0,0,16.2,6.9,3.74,21
0701002002,07010,002,02,010,07,04,0701002,07010,"Balears, Illes",Illes Balears,ES,5,3,2,Bunyola,18,18,799.75,133,527151,17,18,Mallorca,Inside Airbnb 2026-06,seccion_censal,0,0,0,16.2,6.9,3.74,133
0702204004,07022,004,04,022,07,04,0702204,07022,"Balears, Illes",Illes Balears,ES,5,3,2,Felanitx,115,112,405.90999999999997,670,1496380,54,115,Mallorca,Inside Airbnb 2026-06,seccion_censal,0,0,0,16.2,6.9,3.74,670
0702204003,07022,003,04,022,07,04,0702204,07022,"Balears, Illes",Illes Balears,ES,5,3,2,Felanitx,70,70,542.6,445,1566108,46,69,Mallorca,Inside Airbnb 2026-06,seccion_censal,0,0,0,16.2,6.9,3.74,445
0702604006,07026,006,04,026,07,04,0702604,07026,"Balears, Illes",Illes Balears,ES,5,3,1,Eivissa,0,0,,0,0,0,0,Eivissa,HUT Consell d'Eivissa 2026,municipio,41,236,22,16.2,6.9,3.74,236
0702604025,07026,025,04,026,07,04,0702604,07026,"Balears, Illes",Illes Balears,ES,5,3,1,Eivissa,0,0,,0,0,0,0,Eivissa,HUT Consell d'Eivissa 2026,municipio,41,236,22,16.2,6.9,3.74,236
0700402001,07004,001,02,004,07,04,0700402,07004,"Balears, Illes",Illes Balears,ES,5,3,2,Algaida,31,29,499.58500000000004,195,699735,25,31,Mallorca,Inside Airbnb 2026-06,seccion_censal,0,0,0,16.2,6.9,3.74,195
0700402002,07004,002,02,004,07,04,0700402,07004,"Balears, Illes",Illes Balears,ES,5,3,2,Algaida,9,9,291.43,54,142376,9,9,Mallorca,Inside Airbnb 2026-06,seccion_censal,0,0,0,16.2,6.9,3.74,54
0704601011,07046,011,01,046,07,04,0704601,07046,"Balears, Illes",Illes Balears,ES,5,3,1,Sant Antoni de Portmany,0,0,,0,0,0,0,Eivissa,HUT Consell d'Eivissa 2026,municipio,330,2486,254,16.2,6.9,3.74,2486
0704601009,07046,009,01,046,07,04,0704601,07046,"Balears, Illes",Illes Balears,ES,5,3,1,Sant Antoni de Portmany,0,0,,0,0,0,0,Eivissa,HUT Consell d'Eivissa 2026,municipio,330,2486,254,16.2,6.9,3.74,2486
0704601002,07046,002,01,046,07,04,0704601,07046,"Balears, Illes",Illes Balears,ES,5,3,1,Sant Antoni de Portmany,0,0,,0,0,0,0,Eivissa,HUT Consell d'Eivissa 2026,municipio,330,2486,254,16.2,6.9,3.74,2486
0704003044,07040,044,03,040,07,04,0704003,07040,"Balears, Illes",Illes Balears,ES,5,3,2,Palma,2,2,1231.835,18,344880,2,2,Mallorca,Inside Airbnb 2026-06,seccion_censal,0,0,0,16.2,6.9,3.74,18
0704003056,07040,056,03,040,07,04,0704003,07040,"Balears, Illes",Illes Balears,ES,5,3,2,Palma,0,0,,0,0,0,0,Mallorca,shapefile INE 2025 (sin datos de turismo),seccion_censal,0,0,0,16.2,6.9,3.74,0
0701502002,07015,002,02,015,07,04,0701502,07015,"Balears, Illes",Illes Balears,ES,5,3,3,Ciutadella de Menorca,70,70,272.0,381,634834,33,67,Menorca,Inside Airbnb 2026-06,seccion_censal,0,0,0,16.2,6.9,3.74,381
0701502005,07015,005,02,015,07,04,0701502,07015,"Balears, Illes",Illes Balears,ES,5,3,3,Ciutadella de Menorca,1,1,354.0,5,12744,1,1,Menorca,Inside Airbnb 2026-06,seccion_censal,0,0,0,16.2,6.9,3.74,5
0705202002,07052,002,02,052,07,04,0705202,07052,"Balears, Illes",Illes Balears,ES,5,3,3,Sant Lluís,324,324,545.0,2105,5303330,179,318,Menorca,Inside Airbnb 2026-06,seccion_censal,0,0,0,16.2,6.9,3.74,2105
0705202003,07052,003,02,052,07,04,0705202,07052,"Balears, Illes",Illes Balears,ES,5,3,3,Sant Lluís,155,151,518.2,941,2462048,76,145,Menorca,Inside Airbnb 2026-06,seccion_censal,0,0,0,16.2,6.9,3.74,941
0703701003,07037,003,01,037,07,04,0703701,07037,"Balears, Illes",Illes Balears,ES,5,3,3,"Mercadal, Es",161,160,284.0,801,2043709,66,150,Menorca,Inside Airbnb 2026-06,seccion_censal,0,0,0,16.2,6.9,3.74,801
0703701004,07037,004,01,037,07,04,0703701,07037,"Balears, Illes",Illes Balears,ES,5,3,3,"Mercadal, Es",509,502,273.0,2560,4818965,276,486,Menorca,Inside Airbnb 2026-06,seccion_censal,0,0,0,16.2,6.9,3.74,2560
0703104008,07031,008,04,031,07,04,0703104,07031,"Balears, Illes",Illes Balears,ES,5,3,2,Llucmajor,33,32,679.0,268,1009328,28,33,Mallorca,Inside Airbnb 2026-06,seccion_censal,0,0,0,16.2,6.9,3.74,268
0703104015,07031,015,04,031,07,04,0703104,07031,"Balears, Illes",Illes Balears,ES,5,3,2,Llucmajor,11,11,505.0,77,421191,10,11,Mallorca,Inside Airbnb 2026-06,seccion_censal,0,0,0,16.2,6.9,3.74,77
0702702005,07027,005,02,027,07,04,0702702,07027,"Balears, Illes",Illes Balears,ES,5,3,2,Inca,0,0,,0,0,0,0,Mallorca,shapefile INE 2025 (sin datos de turismo),seccion_censal,0,0,0,16.2,6.9,3.74,0
0702702008,07027,008,02,027,07,04,0702702,07027,"Balears, Illes",Illes Balears,ES,5,3,2,Inca,0,0,,0,0,0,0,Mallorca,shapefile INE 2025 (sin datos de turismo),seccion_censal,0,0,0,16.2,6.9,3.74,0
0704402001,07044,001,02,044,07,04,0704402,07044,"Balears, Illes",Illes Balears,ES,5,3,2,"Pobla, Sa",4,4,729.855,23,22212,4,4,Mallorca,Inside Airbnb 2026-06,seccion_censal,0,0,0,16.2,6.9,3.74,23
0704401001,07044,001,01,044,07,04,0704401,07044,"Balears, Illes",Illes Balears,ES,5,3,2,"Pobla, Sa",7,7,269.2,41,146362,6,7,Mallorca,Inside Airbnb 2026-06,seccion_censal,0,0,0,16.2,6.9,3.74,41
0704402002,07044,002,02,044,07,04,0704402,07044,"Balears, Illes",Illes Balears,ES,5,3,2,"Pobla, Sa",41,41,386.53499999999997,276,601515,24,41,Mallorca,Inside Airbnb 2026-06,seccion_censal,0,0,0,16.2,6.9,3.74,276
0704004077,07040,077,04,040,07,04,0704004,07040,"Balears, Illes",Illes Balears,ES,5,3,2,Palma,0,0,,0,0,0,0,Mallorca,shapefile INE 2025 (sin datos de turismo),seccion_censal,0,0,0,16.2,6.9,3.74,0
0704004089,07040,089,04,040,07,04,0704004,07040,"Balears, Illes",Illes Balears,ES,5,3,2,Palma,0,0,,0,0,0,0,Mallorca,shapefile INE 2025 (sin datos de turismo),seccion_censal,0,0,0,16.2,6.9,3.74,0
0704002063,07040,063,02,040,07,04,0704002,07040,"Balears, Illes",Illes Balears,ES,5,3,2,Palma,12,12,220.0,38,389429,9,11,Mallorca,Inside Airbnb 2026-06,seccion_censal,0,0,0,16.2,6.9,3.74,38
0703601006,07036,006,01,036,07,04,0703601,07036,"Balears, Illes",Illes Balears,ES,5,3,2,Marratxí,5,4,761.0,30,124146,5,5,Mallorca,Inside Airbnb 2026-06,seccion_censal,0,0,0,16.2,6.9,3.74,30
0703601008,07036,008,01,036,07,04,0703601,07036,"Balears, Illes",Illes Balears,ES,5,3,2,Marratxí,2,2,934.75,32,46605,2,2,Mallorca,Inside Airbnb 2026-06,seccion_censal,0,0,0,16.2,6.9,3.74,32
