CUSEC,CUMUN,CSEC,CPRO,CCA,CUDIS,CLAU2,NPRO,NCA,CNUT0,CNUT1,CNUT2,CNUT3,NMUN,airbnb_listings,airbnb_entire_homes,airbnb_price_median,airbnb_accommodates_total,airbnb_revenue_total,airbnb_hosts_unicos,airbnb_con_licencia,viviendas_totales,consumo_p10_kwh,consumo_p25_kwh,consumo_p50_kwh,consumo_p75_kwh,consumo_p90_kwh,isla,fuente,granularidad,hut_registros,hut_plazas,hut_habitaciones,viviendas_vacias_pct_ccaa,viviendas_uso_esporadico_pct_ccaa,viviendas_turisticas_pct_ccaa_2025M05,plazas_turisticas,airbnb_listings_por_1000_viviendas
0700101001,07001,001,07,04,0700101,07001,"Balears, Illes",Illes Balears,ES,5,3,2,Alaró,8,7,856.0,52,188738,7,8,3246,1.016,2.021,3.507,5.301,7.614,Mallorca,Inside Airbnb 2026-06,seccion_censal,0,0,0,16.2,6.9,3.74,52,2.4645717806531118
0700101002,07001,002,07,04,0700101,07001,"Balears, Illes",Illes Balears,ES,5,3,2,Alaró,59,57,457.7,353,1330661,45,59,3246,1.016,2.021,3.507,5.301,7.614,Mallorca,Inside Airbnb 2026-06,seccion_censal,0,0,0,16.2,6.9,3.74,353,18.176216882316698
0700102001,07001,001,07,04,0700102,07001,"Balears, Illes",Illes Balears,ES,5,3,2,Alaró,2,2,1580.125,20,23582,2,2,3246,920.0,1.982,3.181,5.084,7.858,Mallorca,Inside Airbnb 2026-06,seccion_censal,0,0,0,16.2,6.9,3.74,20,0.6161429451632779
0700201001,07002,001,07,04,0700201,07002,"Balears, Illes",Illes Balears,ES,5,3,3,Alaior,11,11,368.1,70,122510,8,11,6968,0.0,0.0,0.0,0.0,0.0,Menorca,Inside Airbnb 2026-06,seccion_censal,0,0,0,16.2,6.9,3.74,70,1.5786452353616531
0700201002,07002,002,07,04,0700201,07002,"Balears, Illes",Illes Balears,ES,5,3,3,Alaior,356,352,364.5,1967,3878460,129,339,6968,0.0,0.0,0.0,0.0,0.0,Menorca,Inside Airbnb 2026-06,seccion_censal,0,0,0,16.2,6.9,3.74,1967,51.09070034443169
0700202001,07002,001,07,04,0700202,07002,"Balears, Illes",Illes Balears,ES,5,3,3,Alaior,14,14,411.71,102,140798,14,14,6968,0.0,0.0,0.0,0.0,0.0,Menorca,Inside Airbnb 2026-06,seccion_censal,0,0,0,16.2,6.9,3.74,102,2.0091848450057403
0700202002,07002,002,07,04,0700202,07002,"Balears, Illes",Illes Balears,ES,5,3,3,Alaior,11,11,629.33,76,177469,11,10,6968,0.0,0.0,0.0,0.0,0.0,Menorca,Inside Airbnb 2026-06,seccion_censal,0,0,0,16.2,6.9,3.74,76,1.5786452353616531
0700202003,07002,003,07,04,0700202,07002,"Balears, Illes",Illes Balears,ES,5,3,3,Alaior,235,231,295.0,1170,3021631,115,228,6968,0.0,0.0,0.0,0.0,0.0,Menorca,Inside Airbnb 2026-06,seccion_censal,0,0,0,16.2,6.9,3.74,1170,33.7256027554535
0700301001,07003,001,07,04,0700301,07003,"Balears, Illes",Illes Balears,ES,5,3,2,Alcúdia,68,59,404.0,376,669002,43,66,12711,1.103,2.1,3.359,4.882,6.477,Mallorca,Inside Airbnb 2026-06,seccion_censal,0,0,0,16.2,6.9,3.74,376,5.349697112736999
0700301002,07003,002,07,04,0700301,07003,"Balears, Illes",Illes Balears,ES,5,3,2,Alcúdia,25,25,366.86,145,155943,21,25,12711,1.103,2.1,3.359,4.882,6.477,Mallorca,Inside Airbnb 2026-06,seccion_censal,0,0,0,16.2,6.9,3.74,145,1.966800409094485
0700301003,07003,003,07,04,0700301,07003,"Balears, Illes",Illes Balears,ES,5,3,2,Alcúdia,3,3,445.14,22,50000,3,3,12711,1.103,2.1,3.359,4.882,6.477,Mallorca,Inside Airbnb 2026-06,seccion_censal,0,0,0,16.2,6.9,3.74,22,0.2360160490913382
0700301004,07003,004,07,04,0700301,07003,"Balears, Illes",Illes Balears,ES,5,3,2,Alcúdia,11,11,1497.835,79,92150,8,11,12711,1.103,2.1,3.359,4.882,6.477,Mallorca,Inside Airbnb 2026-06,seccion_censal,0,0,0,16.2,6.9,3.74,79,0.8653921800015734
0700302001,07003,001,07,04,0700302,07003,"Balears, Illes",Illes Balears,ES,5,3,2,Alcúdia,503,503,503.78999999999996,3445,7035628,212,501,12711,823.0,1.604,3.177,5.348,8.22,Mallorca,Inside Airbnb 2026-06,seccion_censal,0,0,0,16.2,6.9,3.74,3445,39.572024230981036
0700303001,07003,001,07,04,0700303,07003,"Balears, Illes",Illes Balears,ES,5,3,2,Alcúdia,52,50,353.5,240,1384646,30,52,12711,827.0,1.755,3.085,4.758,6.59,Mallorca,Inside Airbnb 2026-06,seccion_censal,0,0,0,16.2,6.9,3.74,240,4.090944850916529
0700303002,07003,002,07,04,0700303,07003,"Balears, Illes",Illes Balears,ES,5,3,2,Alcúdia,89,88,625.485,637,2029603,56,89,12711,827.0,1.755,3.085,4.758,6.59,Mallorca,Inside Airbnb 2026-06,seccion_censal,0,0,0,16.2,6.9,3.74,637,7.001809456376367
0700303003,07003,003,07,04,0700303,07003,"Balears, Illes",Illes Balears,ES,5,3,2,Alcúdia,19,18,383.0,106,458293,18,19,12711,827.0,1.755,3.085,4.758,6.59,Mallorca,Inside Airbnb 2026-06,seccion_censal,0,0,0,16.2,6.9,3.74,106,1.4947683109118086
0700304001,07003,001,07,04,0700304,07003,"Balears, Illes",Illes Balears,ES,5,3,2,Alcúdia,292,288,367.125,1493,4513918,116,290,12711,533.0,920.0,1.925,3.611,5.387,Mallorca,Inside Airbnb 2026-06,seccion_censal,0,0,0,16.2,6.9,3.74,1493,22.972228778223588
0700304002,07003,002,07,04,0700304,07003,"Balears, Illes",Illes Balears,ES,5,3,2,Alcúdia,159,152,333.4,832,1810714,89,159,12711,533.0,920.0,1.925,3.611,5.387,Mallorca,Inside Airbnb 2026-06,seccion_censal,0,0,0,16.2,6.9,3.74,832,12.508850601840924
0700304003,07003,003,07,04,0700304,07003,"Balears, Illes",Illes Balears,ES,5,3,2,Alcúdia,128,127,374.42,638,2054199,83,127,12711,533.0,920.0,1.925,3.611,5.387,Mallorca,Inside Airbnb 2026-06,seccion_censal,0,0,0,16.2,6.9,3.74,638,10.070018094563762
0700401001,07004,001,07,04,0700401,07004,"Balears, Illes",Illes Balears,ES,5,3,2,Algaida,9,8,455.0,46,167137,7,9,4306,0.0,0.0,0.0,0.0,0.0,Mallorca,Inside Airbnb 2026-06,seccion_censal,0,0,0,16.2,6.9,3.74,46,2.0901068276823036
0700401002,07004,002,07,04,0700401,07004,"Balears, Illes",Illes Balears,ES,5,3,2,Algaida,40,40,736.0,241,920790,26,40,4306,0.0,0.0,0.0,0.0,0.0,Mallorca,Inside Airbnb 2026-06,seccion_censal,0,0,0,16.2,6.9,3.74,241,9.289363678588018
0700501001,07005,001,07,04,0700501,07005,"Balears, Illes",Illes Balears,ES,5,3,2,Andratx,12,12,290.4,54,363772,12,12,11753,1.083,1.988,3.226,4.768,6.785,Mallorca,Inside Airbnb 2026-06,seccion_censal,0,0,0,16.2,6.9,3.74,54,1.021015910831277
0700501002,07005,002,07,04,0700501,07005,"Balears, Illes",Illes Balears,ES,5,3,2,Andratx,17,14,510.91999999999996,119,172530,14,17,11753,1.083,1.988,3.226,4.768,6.785,Mallorca,Inside Airbnb 2026-06,seccion_censal,0,0,0,16.2,6.9,3.74,119,1.446439207010976
0700501003,07005,003,07,04,0700501,07005,"Balears, Illes",Illes Balears,ES,5,3,2,Andratx,19,19,510.975,119,233917,16,19,11753,1.083,1.988,3.226,4.768,6.785,Mallorca,Inside Airbnb 2026-06,seccion_censal,0,0,0,16.2,6.9,3.74,119,1.6166085254828555
0700502001,07005,001,07,04,0700502,07005,"Balears, Illes",Illes Balears,ES,5,3,2,Andratx,100,89,854.665,683,1847396,57,100,11753,652.0,1.28,2.666,5.312,9.293,Mallorca,Inside Airbnb 2026-06,seccion_censal,0,0,0,16.2,6.9,3.74,683,8.508465923593976
0700503001,07005,001,07,04,0700503,07005,"Balears, Illes",Illes Balears,ES,5,3,2,Andratx,32,32,429.33500000000004,190,982703,19,32,11753,469.0,912.0,2.146,4.492,7.045,Mallorca,Inside Airbnb 2026-06,seccion_censal,0,0,0,16.2,6.9,3.74,190,2.7227090955500723
0700601001,07006,001,07,04,0700601,07006,"Balears, Illes",Illes Balears,ES,5,3,2,Artà,233,220,423.78499999999997,1370,2287222,125,232,6092,0.0,0.0,0.0,0.0,0.0,Mallorca,Inside Airbnb 2026-06,seccion_censal,0,0,0,16.2,6.9,3.74,1370,38.24688115561392
0700601002,07006,002,07,04,0700601,07006,"Balears, Illes",Illes Balears,ES,5,3,2,Artà,48,46,355.57,278,453365,36,48,6092,0.0,0.0,0.0,0.0,0.0,Mallorca,Inside Airbnb 2026-06,seccion_censal,0,0,0,16.2,6.9,3.74,278,7.879185817465528
0700601003,07006,003,07,04,0700601,07006,"Balears, Illes",Illes Balears,ES,5,3,2,Artà,62,60,407.43,359,305747,33,62,6092,0.0,0.0,0.0,0.0,0.0,Mallorca,Inside Airbnb 2026-06,seccion_censal,0,0,0,16.2,6.9,3.74,359,10.177281680892973
0700602001,07006,001,07,04,0700602,07006,"Balears, Illes",Illes Balears,ES,5,3,2,Artà,36,35,431.355,210,125187,32,36,6092,0.0,0.0,0.0,0.0,0.0,Mallorca,Inside Airbnb 2026-06,seccion_censal,0,0,0,16.2,6.9,3.74,210,5.909389363099146
0700602002,07006,002,07,04,0700602,07006,"Balears, Illes",Illes Balears,ES,5,3,2,Artà,52,49,400.43,300,235437,39,52,6092,0.0,0.0,0.0,0.0,0.0,Mallorca,Inside Airbnb 2026-06,seccion_censal,0,0,0,16.2,6.9,3.74,300,8.535784635587657
0700701001,07007,001,07,04,0700701,07007,"Balears, Illes",Illes Balears,ES,5,3,2,Banyalbufar,58,50,310.0,303,1470785,47,58,0,0.0,0.0,0.0,0.0,0.0,Mallorca,Inside Airbnb 2026-06,seccion_censal,0,0,0,16.2,6.9,3.74,303,0.0
0700801001,07008,001,07,04,0700801,07008,"Balears, Illes",Illes Balears,ES,5,3,2,Binissalem,19,19,474.9,154,190685,18,19,4561,0.0,0.0,0.0,0.0,0.0,Mallorca,Inside Airbnb 2026-06,seccion_censal,0,0,0,16.2,6.9,3.74,154,4.165753124314843
0700801002,07008,002,07,04,0700801,07008,"Balears, Illes",Illes Balears,ES,5,3,2,Binissalem,14,14,320.0,82,204502,12,14,4561,0.0,0.0,0.0,0.0,0.0,Mallorca,Inside Airbnb 2026-06,seccion_censal,0,0,0,16.2,6.9,3.74,82,3.0695023021267263
0700802001,07008,001,07,04,0700802,07008,"Balears, Illes",Illes Balears,ES,5,3,2,Binissalem,27,27,486.8,184,448639,23,27,4561,0.0,0.0,0.0,0.0,0.0,Mallorca,Inside Airbnb 2026-06,seccion_censal,0,0,0,16.2,6.9,3.74,184,5.91975443981583
0700802002,07008,002,07,04,0700802,07008,"Balears, Illes",Illes Balears,ES,5,3,2,Binissalem,15,14,371.0,104,272108,15,15,4561,0.0,0.0,0.0,0.0,0.0,Mallorca,Inside Airbnb 2026-06,seccion_censal,0,0,0,16.2,6.9,3.74,104,3.28875246656435
0700802003,07008,003,07,04,0700802,07008,"Balears, Illes",Illes Balears,ES,5,3,2,Binissalem,5,5,905.0,47,71040,5,5,4561,0.0,0.0,0.0,0.0,0.0,Mallorca,Inside Airbnb 2026-06,seccion_censal,0,0,0,16.2,6.9,3.74,47,1.0962508221881166
0700901001,07009,001,07,04,0700901,07009,"Balears, Illes",Illes Balears,ES,5,3,2,Búger,141,140,393.33,930,910068,69,140,888,972.0,2.077,3.515,5.471,7.776,Mallorca,Inside Airbnb 2026-06,seccion_censal,0,0,0,16.2,6.9,3.74,930,158.78378378378378
0701001001,07010,001,07,04,0701001,07010,"Balears, Illes",Illes Balears,ES,5,3,2,Bunyola,38,37,392.28499999999997,250,1102079,31,38,3671,1.383,2.481,4.054,6.151,8.67,Mallorca,Inside Airbnb 2026-06,seccion_censal,0,0,0,16.2,6.9,3.74,250,10.351402887496594
0701001002,07010,002,07,04,0701001,07010,"Balears, Illes",Illes Balears,ES,5,3,2,Bunyola,6,6,561.33,43,256435,6,6,3671,1.383,2.481,4.054,6.151,8.67,Mallorca,Inside Airbnb 2026-06,seccion_censal,0,0,0,16.2,6.9,3.74,43,1.6344320348678834
0701101001,07011,001,07,04,0701101,07011,"Balears, Illes",Illes Balears,ES,5,3,2,Calvià,1,1,567.0,6,13608,1,1,36492,1.215,2.327,3.962,6.335,9.334,Mallorca,Inside Airbnb 2026-06,seccion_censal,0,0,0,16.2,6.9,3.74,6,0.027403266469363148
0701101002,07011,002,07,04,0701101,07011,"Balears, Illes",Illes Balears,ES,5,3,2,Calvià,8,8,486.67,40,154670,6,8,36492,1.215,2.327,3.962,6.335,9.334,Mallorca,Inside Airbnb 2026-06,seccion_censal,0,0,0,16.2,6.9,3.74,40,0.21922613175490518
0701101003,07011,003,07,04,0701101,07011,"Balears, Illes",Illes Balears,ES,5,3,2,Calvià,21,16,404.5,89,274773,13,21,36492,1.215,2.327,3.962,6.335,9.334,Mallorca,Inside Airbnb 2026-06,seccion_censal,0,0,0,16.2,6.9,3.74,89,0.575468595856626
0701102001,07011,001,07,04,0701102,07011,"Balears, Illes",Illes Balears,ES,5,3,2,Calvià,10,10,1218.0,80,413276,10,10,36492,811.0,1.489,2.851,5.062,8.726,Mallorca,Inside Airbnb 2026-06,seccion_censal,0,0,0,16.2,6.9,3.74,80,0.27403266469363147
0701102002,07011,002,07,04,0701102,07011,"Balears, Illes",Illes Balears,ES,5,3,2,Calvià,39,37,939.71,245,832324,28,39,36492,811.0,1.489,2.851,5.062,8.726,Mallorca,Inside Airbnb 2026-06,seccion_censal,0,0,0,16.2,6.9,3.74,245,1.0687273923051628
0701102003,07011,003,07,04,0701102,07011,"Balears, Illes",Illes Balears,ES,5,3,2,Calvià,14,14,1447.165,113,460530,13,14,36492,811.0,1.489,2.851,5.062,8.726,Mallorca,Inside Airbnb 2026-06,seccion_censal,0,0,0,16.2,6.9,3.74,113,0.38364573057108403
0701102004,07011,004,07,04,0701102,07011,"Balears, Illes",Illes Balears,ES,5,3,2,Calvià,15,15,467.41499999999996,81,521552,14,15,36492,811.0,1.489,2.851,5.062,8.726,Mallorca,Inside Airbnb 2026-06,seccion_censal,0,0,0,16.2,6.9,3.74,81,0.41104899704044723
0701103001,07011,001,07,04,0701103,07011,"Balears, Illes",Illes Balears,ES,5,3,2,Calvià,1,1,79.55,4,20285,1,1,36492,715.0,1.402,2.592,4.134,6.249,Mallorca,Inside Airbnb 2026-06,seccion_censal,0,0,0,16.2,6.9,3.74,4,0.027403266469363148
0701103002,07011,002,07,04,0701103,07011,"Balears, Illes",Illes Balears,ES,5,3,2,Calvià,13,13,297.5,52,317355,6,13,36492,715.0,1.402,2.592,4.134,6.249,Mallorca,Inside Airbnb 2026-06,seccion_censal,0,0,0,16.2,6.9,3.74,52,0.3562424641017209
0701103003,07011,003,07,04,0701103,07011,"Balears, Illes",Illes Balears,ES,5,3,2,Calvià,25,23,223.0,109,685671,9,25,36492,715.0,1.402,2.592,4.134,6.249,Mallorca,Inside Airbnb 2026-06,seccion_censal,0,0,0,16.2,6.9,3.74,109,0.6850816617340787
0701103004,07011,004,07,04,0701103,07011,"Balears, Illes",Illes Balears,ES,5,3,2,Calvià,21,17,252.0,91,658020,9,17,36492,715.0,1.402,2.592,4.134,6.249,Mallorca,Inside Airbnb 2026-06,seccion_censal,0,0,0,16.2,6.9,3.74,91,0.575468595856626
0701103005,07011,005,07,04,0701103,07011,"Balears, Illes",Illes Balears,ES,5,3,2,Calvià,2,1,356.94,14,100792,2,2,36492,715.0,1.402,2.592,4.134,6.249,Mallorca,Inside Airbnb 2026-06,seccion_censal,0,0,0,16.2,6.9,3.74,14,0.054806532938726296
0701103006,07011,006,07,04,0701103,07011,"Balears, Illes",Illes Balears,ES,5,3,2,Calvià,28,28,1597.67,238,730290,24,28,36492,715.0,1.402,2.592,4.134,6.249,Mallorca,Inside Airbnb 2026-06,seccion_censal,0,0,0,16.2,6.9,3.74,238,0.7672914611421681
0701104001,07011,001,07,04,0701104,07011,"Balears, Illes",Illes Balears,ES,5,3,2,Calvià,0,0,,0,0,0,0,36492,1.281,2.178,3.419,5.039,7.211,Mallorca,shapefile INE 2025 (sin datos de turismo),seccion_censal,0,0,0,16.2,6.9,3.74,0,0.0
0701104002,07011,002,07,04,0701104,07011,"Balears, Illes",Illes Balears,ES,5,3,2,Calvià,1,1,3573.0,5,64314,1,1,36492,1.281,2.178,3.419,5.039,7.211,Mallorca,Inside Airbnb 2026-06,seccion_censal,0,0,0,16.2,6.9,3.74,5,0.027403266469363148
0701104003,07011,003,07,04,0701104,07011,"Balears, Illes",Illes Balears,ES,5,3,2,Calvià,29,29,551.9,198,968816,25,29,36492,1.281,2.178,3.419,5.039,7.211,Mallorca,Inside Airbnb 2026-06,seccion_censal,0,0,0,16.2,6.9,3.74,198,0.7946947276115314
0701104004,07011,004,07,04,0701104,07011,"Balears, Illes",Illes Balears,ES,5,3,2,Calvià,5,5,455.33,31,81653,5,5,36492,1.281,2.178,3.419,5.039,7.211,Mallorca,Inside Airbnb 2026-06,seccion_censal,0,0,0,16.2,6.9,3.74,31,0.13701633234681573
0701105001,07011,001,07,04,0701105,07011,"Balears, Illes",Illes Balears,ES,5,3,2,Calvià,0,0,,0,0,0,0,36492,636.0,1.311,2.618,4.741,7.997,Mallorca,shapefile INE 2025 (sin datos de turismo),seccion_censal,0,0,0,16.2,6.9,3.74,0,0.0
0701105002,07011,002,07,04,0701105,07011,"Balears, Illes",Illes Balears,ES,5,3,2,Calvià,8,7,291.42,49,222083,7,8,36492,636.0,1.311,2.618,4.741,7.997,Mallorca,Inside Airbnb 2026-06,seccion_censal,0,0,0,16.2,6.9,3.74,49,0.21922613175490518
0701105003,07011,003,07,04,0701105,07011,"Balears, Illes",Illes Balears,ES,5,3,2,Calvià,7,2,179.0,17,61254,2,7,36492,636.0,1.311,2.618,4.741,7.997,Mallorca,Inside Airbnb 2026-06,seccion_censal,0,0,0,16.2,6.9,3.74,17,0.19182286528554202
0701105004,07011,004,07,04,0701105,07011,"Balears, Illes",Illes Balears,ES,5,3,2,Calvià,33,33,1255.57,262,455589,22,33,36492,636.0,1.311,2.618,4.741,7.997,Mallorca,Inside Airbnb 2026-06,seccion_censal,0,0,0,16.2,6.9,3.74,262,0.9043077934889838
0701105005,07011,005,07,04,0701105,07011,"Balears, Illes",Illes Balears,ES,5,3,2,Calvià,14,14,194.215,72,193087,8,14,36492,636.0,1.311,2.618,4.741,7.997,Mallorca,Inside Airbnb 2026-06,seccion_censal,0,0,0,16.2,6.9,3.74,72,0.38364573057108403
0701105006,07011,006,07,04,0701105,07011,"Balears, Illes",Illes Balears,ES,5,3,2,Calvià,22,22,728.0,141,713358,18,22,36492,636.0,1.311,2.618,4.741,7.997,Mallorca,Inside Airbnb 2026-06,seccion_censal,0,0,0,16.2,6.9,3.74,141,0.6028718623259893
0701106001,07011,001,07,04,0701106,07011,"Balears, Illes",Illes Balears,ES,5,3,2,Calvià,32,16,120.0,91,448250,12,32,36492,542.0,1.128,2.569,4.24,6.523,Mallorca,Inside Airbnb 2026-06,seccion_censal,0,0,0,16.2,6.9,3.74,91,0.8769045270196207
0701106002,07011,002,07,04,0701106,07011,"Balears, Illes",Illes Balears,ES,5,3,2,Calvià,12,12,384.0,72,302641,9,12,36492,542.0,1.128,2.569,4.24,6.523,Mallorca,Inside Airbnb 2026-06,seccion_censal,0,0,0,16.2,6.9,3.74,72,0.3288391976323578
0701201001,07012,001,07,04,0701201,07012,"Balears, Illes",Illes Balears,ES,5,3,2,Campanet,97,93,408.5,574,1149112,58,97,1911,955.0,2.072,3.65,5.564,7.589,Mallorca,Inside Airbnb 2026-06,seccion_censal,0,0,0,16.2,6.9,3.74,574,50.758765044479325
0701202001,07012,001,07,04,0701202,07012,"Balears, Illes",Illes Balears,ES,5,3,2,Campanet,48,48,446.0,305,439303,36,47,1911,854.0,1.763,3.357,5.164,7.544,Mallorca,Inside Airbnb 2026-06,seccion_censal,0,0,0,16.2,6.9,3.74,305,25.11773940345369
0701301001,07013,001,07,04,0701301,07013,"Balears, Illes",Illes Balears,ES,5,3,2,Campos,3,3,542.8,18,88696,3,3,9148,0.0,0.0,0.0,0.0,0.0,Mallorca,Inside Airbnb 2026-06,seccion_censal,0,0,0,16.2,6.9,3.74,18,0.32794053344993446
0701301002,07013,002,07,04,0701301,07013,"Balears, Illes",Illes Balears,ES,5,3,2,Campos,120,120,510.4,951,837967,67,119,9148,0.0,0.0,0.0,0.0,0.0,Mallorca,Inside Airbnb 2026-06,seccion_censal,0,0,0,16.2,6.9,3.74,951,13.117621337997376
0701302001,07013,001,07,04,0701302,07013,"Balears, Illes",Illes Balears,ES,5,3,2,Campos,1,1,241.67,2,17400,1,1,9148,0.0,0.0,0.0,0.0,0.0,Mallorca,Inside Airbnb 2026-06,seccion_censal,0,0,0,16.2,6.9,3.74,2,0.10931351114997814
0701302002,07013,002,07,04,0701302,07013,"Balears, Illes",Illes Balears,ES,5,3,2,Campos,371,368,415.625,2338,4891519,202,371,9148,0.0,0.0,0.0,0.0,0.0,Mallorca,Inside Airbnb 2026-06,seccion_censal,0,0,0,16.2,6.9,3.74,2338,40.55531263664189
0701302003,07013,003,07,04,0701302,07013,"Balears, Illes",Illes Balears,ES,5,3,2,Campos,6,6,296.66499999999996,31,107537,6,6,9148,0.0,0.0,0.0,0.0,0.0,Mallorca,Inside Airbnb 2026-06,seccion_censal,0,0,0,16.2,6.9,3.74,31,0.6558810668998689
0701401001,07014,001,07,04,0701401,07014,"Balears, Illes",Illes Balears,ES,5,3,2,Capdepera,196,183,365.8,991,1347972,89,196,9119,576.0,1.246,2.579,4.384,6.736,Mallorca,Inside Airbnb 2026-06,seccion_censal,0,0,0,16.2,6.9,3.74,991,21.493584822897247
0701401002,07014,002,07,04,0701401,07014,"Balears, Illes",Illes Balears,ES,5,3,2,Capdepera,87,75,507.2,477,318551,51,87,9119,576.0,1.246,2.579,4.384,6.736,Mallorca,Inside Airbnb 2026-06,seccion_censal,0,0,0,16.2,6.9,3.74,477,9.540519793837044
0701401003,07014,003,07,04,0701401,07014,"Balears, Illes",Illes Balears,ES,5,3,2,Capdepera,69,68,419.5,433,665375,55,69,9119,576.0,1.246,2.579,4.384,6.736,Mallorca,Inside Airbnb 2026-06,seccion_censal,0,0,0,16.2,6.9,3.74,433,7.566619146836276
0701401004,07014,004,07,04,0701401,07014,"Balears, Illes",Illes Balears,ES,5,3,2,Capdepera,95,82,465.0,411,872420,46,94,9119,576.0,1.246,2.579,4.384,6.736,Mallorca,Inside Airbnb 2026-06,seccion_censal,0,0,0,16.2,6.9,3.74,411,10.417808970281829
0701401005,07014,005,07,04,0701401,07014,"Balears, Illes",Illes Balears,ES,5,3,2,Capdepera,19,16,157.025,92,113573,16,19,9119,576.0,1.246,2.579,4.384,6.736,Mallorca,Inside Airbnb 2026-06,seccion_censal,0,0,0,16.2,6.9,3.74,92,2.0835617940563655
0701401006,07014,006,07,04,0701401,07014,"Balears, Illes",Illes Balears,ES,5,3,2,Capdepera,52,49,245.5,232,387963,28,52,9119,576.0,1.246,2.579,4.384,6.736,Mallorca,Inside Airbnb 2026-06,seccion_censal,0,0,0,16.2,6.9,3.74,232,5.7023796468911065
0701501001,07015,001,07,04,0701501,07015,"Balears, Illes",Illes Balears,ES,5,3,3,Ciutadella de Menorca,15,10,366.33,68,281347,12,14,17887,559.0,1.202,2.525,4.059,6.005,Menorca,Inside Airbnb 2026-06,seccion_censal,0,0,0,16.2,6.9,3.74,68,0.8385978643707721
0701501002,07015,002,07,04,0701501,07015,"Balears, Illes",Illes Balears,ES,5,3,3,Ciutadella de Menorca,12,7,233.66500000000002,58,119710,6,11,17887,559.0,1.202,2.525,4.059,6.005,Menorca,Inside Airbnb 2026-06,seccion_censal,0,0,0,16.2,6.9,3.74,58,0.6708782914966176
0701501003,07015,003,07,04,0701501,07015,"Balears, Illes",Illes Balears,ES,5,3,3,Ciutadella de Menorca,4,0,250.0,9,0,1,4,17887,559.0,1.202,2.525,4.059,6.005,Menorca,Inside Airbnb 2026-06,seccion_censal,0,0,0,16.2,6.9,3.74,9,0.22362609716553922
0701501004,07015,004,07,04,0701501,07015,"Balears, Illes",Illes Balears,ES,5,3,3,Ciutadella de Menorca,95,94,349.14,550,1191637,60,89,17887,559.0,1.202,2.525,4.059,6.005,Menorca,Inside Airbnb 2026-06,seccion_censal,0,0,0,16.2,6.9,3.74,550,5.311119807681557
0701501005,07015,005,07,04,0701501,07015,"Balears, Illes",Illes Balears,ES,5,3,3,Ciutadella de Menorca,427,411,286.0,2111,5798278,165,412,17887,559.0,1.202,2.525,4.059,6.005,Menorca,Inside Airbnb 2026-06,seccion_censal,0,0,0,16.2,6.9,3.74,2111,23.87208587242131
0701502001,07015,001,07,04,0701502,07015,"Balears, Illes",Illes Balears,ES,5,3,3,Ciutadella de Menorca,3,1,231.0,12,39776,3,3,17887,823.0,1.729,2.987,4.292,5.772,Menorca,Inside Airbnb 2026-06,seccion_censal,0,0,0,16.2,6.9,3.74,12,0.1677195728741544
0701502003,07015,003,07,04,0701502,07015,"Balears, Illes",Illes Balears,ES,5,3,3,Ciutadella de Menorca,2,2,283.855,12,34731,2,2,17887,823.0,1.729,2.987,4.292,5.772,Menorca,Inside Airbnb 2026-06,seccion_censal,0,0,0,16.2,6.9,3.74,12,0.11181304858276961
0701502004,07015,004,07,04,0701502,07015,"Balears, Illes",Illes Balears,ES,5,3,3,Ciutadella de Menorca,0,0,,0,0,0,0,17887,823.0,1.729,2.987,4.292,5.772,Mallorca,shapefile INE 2025 (sin datos de turismo),seccion_censal,0,0,0,16.2,6.9,3.74,0,0.0
0701503001,07015,001,07,04,0701503,07015,"Balears, Illes",Illes Balears,ES,5,3,3,Ciutadella de Menorca,20,8,209.25,82,337595,11,20,17887,863.0,1.686,2.976,4.399,5.957,Menorca,Inside Airbnb 2026-06,seccion_censal,0,0,0,16.2,6.9,3.74,82,1.1181304858276961
0701503002,07015,002,07,04,0701503,07015,"Balears, Illes",Illes Balears,ES,5,3,3,Ciutadella de Menorca,11,8,544.755,64,163233,9,11,17887,863.0,1.686,2.976,4.399,5.957,Menorca,Inside Airbnb 2026-06,seccion_censal,0,0,0,16.2,6.9,3.74,64,0.6149717672052329
0701503003,07015,003,07,04,0701503,07015,"Balears, Illes",Illes Balears,ES,5,3,3,Ciutadella de Menorca,0,0,,0,0,0,0,17887,863.0,1.686,2.976,4.399,5.957,Mallorca,shapefile INE 2025 (sin datos de turismo),seccion_censal,0,0,0,16.2,6.9,3.74,0,0.0
0701504001,07015,001,07,04,0701504,07015,"Balears, Illes",Illes Balears,ES,5,3,3,Ciutadella de Menorca,8,7,447.33,40,138140,7,7,17887,539.0,1.143,2.445,4.204,6.227,Menorca,Inside Airbnb 2026-06,seccion_censal,0,0,0,16.2,6.9,3.74,40,0.44725219433107843
0701504002,07015,002,07,04,0701504,07015,"Balears, Illes",Illes Balears,ES,5,3,3,Ciutadella de Menorca,147,147,307.0,751,2087887,97,141,17887,539.0,1.143,2.445,4.204,6.227,Menorca,Inside Airbnb 2026-06,seccion_censal,0,0,0,16.2,6.9,3.74,751,8.218259070833566
0701504003,07015,003,07,04,0701504,07015,"Balears, Illes",Illes Balears,ES,5,3,3,Ciutadella de Menorca,6,3,237.69,21,59313,4,6,17887,539.0,1.143,2.445,4.204,6.227,Menorca,Inside Airbnb 2026-06,seccion_censal,0,0,0,16.2,6.9,3.74,21,0.3354391457483088
0701504004,07015,004,07,04,0701504,07015,"Balears, Illes",Illes Balears,ES,5,3,3,Ciutadella de Menorca,565,563,292.87,2726,6412009,259,536,17887,539.0,1.143,2.445,4.204,6.227,Menorca,Inside Airbnb 2026-06,seccion_censal,0,0,0,16.2,6.9,3.74,2726,31.58718622463241
0701601001,07016,001,07,04,0701601,07016,"Balears, Illes",Illes Balears,ES,5,3,2,Consell,6,6,687.2,43,124417,4,6,2117,991.0,2.122,3.426,5.043,6.856,Mallorca,Inside Airbnb 2026-06,seccion_censal,0,0,0,16.2,6.9,3.74,43,2.834199338686821
0701601002,07016,002,07,04,0701601,07016,"Balears, Illes",Illes Balears,ES,5,3,2,Consell,8,8,496.43,60,106720,7,8,2117,991.0,2.122,3.426,5.043,6.856,Mallorca,Inside Airbnb 2026-06,seccion_censal,0,0,0,16.2,6.9,3.74,60,3.778932451582428
0701601003,07016,003,07,04,0701601,07016,"Balears, Illes",Illes Balears,ES,5,3,2,Consell,2,2,384.5,16,25377,2,2,2117,991.0,2.122,3.426,5.043,6.856,Mallorca,Inside Airbnb 2026-06,seccion_censal,0,0,0,16.2,6.9,3.74,16,0.944733112895607
0701701001,07017,001,07,04,0701701,07017,"Balears, Illes",Illes Balears,ES,5,3,2,Costitx,60,58,347.0,323,780995,28,60,1306,925.0,1.757,3.132,5.002,7.282,Mallorca,Inside Airbnb 2026-06,seccion_censal,0,0,0,16.2,6.9,3.74,323,45.94180704441042
0701801001,07018,001,07,04,0701801,07018,"Balears, Illes",Illes Balears,ES,5,3,2,Deià,77,77,628.12,441,3006862,49,76,0,0.0,0.0,0.0,0.0,0.0,Mallorca,Inside Airbnb 2026-06,seccion_censal,0,0,0,16.2,6.9,3.74,441,0.0
0701901001,07019,001,07,04,0701901,07019,"Balears, Illes",Illes Balears,ES,5,3,2,Escorca,28,18,244.0,128,275549,18,28,0,0.0,0.0,0.0,0.0,0.0,Mallorca,Inside Airbnb 2026-06,seccion_censal,0,0,0,16.2,6.9,3.74,128,0.0
0702001001,07020,001,07,04,0702001,07020,"Balears, Illes",Illes Balears,ES,5,3,2,Esporles,16,14,659.835,103,173414,14,16,2553,1.128,2.249,3.708,5.597,8.12,Mallorca,Inside Airbnb 2026-06,seccion_censal,0,0,0,16.2,6.9,3.74,103,6.26713670191931
0702001002,07020,002,07,04,0702001,07020,"Balears, Illes",Illes Balears,ES,5,3,2,Esporles,7,7,673.075,52,102614,7,7,2553,1.128,2.249,3.708,5.597,8.12,Mallorca,Inside Airbnb 2026-06,seccion_censal,0,0,0,16.2,6.9,3.74,52,2.7418723070896984
0702001003,07020,003,07,04,0702001,07020,"Balears, Illes",Illes Balears,ES,5,3,2,Esporles,32,19,300.25,184,582264,18,32,2553,1.128,2.249,3.708,5.597,8.12,Mallorca,Inside Airbnb 2026-06,seccion_censal,0,0,0,16.2,6.9,3.74,184,12.53427340383862
0702101001,07021,001,07,04,0702101,07021,"Balears, Illes",Illes Balears,ES,5,3,2,Estellencs,11,11,209.2,57,278521,11,11,0,0.0,0.0,0.0,0.0,0.0,Mallorca,Inside Airbnb 2026-06,seccion_censal,0,0,0,16.2,6.9,3.74,57,0.0
0702201001,07022,001,07,04,0702201,07022,"Balears, Illes",Illes Balears,ES,5,3,2,Felanitx,11,11,480.0,79,115026,8,11,13611,1.053,1.972,3.222,4.706,6.549,Mallorca,Inside Airbnb 2026-06,seccion_censal,0,0,0,16.2,6.9,3.74,79,0.8081698626111233
0702201002,07022,002,07,04,0702201,07022,"Balears, Illes",Illes Balears,ES,5,3,2,Felanitx,72,69,554.43,529,524456,49,72,13611,1.053,1.972,3.222,4.706,6.549,Mallorca,Inside Airbnb 2026-06,seccion_censal,0,0,0,16.2,6.9,3.74,529,5.289839100727352
0702202001,07022,001,07,04,0702202,07022,"Balears, Illes",Illes Balears,ES,5,3,2,Felanitx,4,4,307.0,14,40726,3,4,13611,794.0,1.637,2.907,4.462,6.432,Mallorca,Inside Airbnb 2026-06,seccion_censal,0,0,0,16.2,6.9,3.74,14,0.29387995004040846
0702202002,07022,002,07,04,0702202,07022,"Balears, Illes",Illes Balears,ES,5,3,2,Felanitx,5,5,240.19,24,53836,5,5,13611,794.0,1.637,2.907,4.462,6.432,Mallorca,Inside Airbnb 2026-06,seccion_censal,0,0,0,16.2,6.9,3.74,24,0.36734993755051065
0702202003,07022,003,07,04,0702202,07022,"Balears, Illes",Illes Balears,ES,5,3,2,Felanitx,32,32,547.0,237,463856,27,32,13611,794.0,1.637,2.907,4.462,6.432,Mallorca,Inside Airbnb 2026-06,seccion_censal,0,0,0,16.2,6.9,3.74,237,2.3510396003232676
0702203001,07022,001,07,04,0702203,07022,"Balears, Illes",Illes Balears,ES,5,3,2,Felanitx,34,31,349.125,203,241769,25,34,13611,1.137,2.035,3.283,4.612,6.524,Mallorca,Inside Airbnb 2026-06,seccion_censal,0,0,0,16.2,6.9,3.74,203,2.497979575343472
0702203002,07022,002,07,04,0702203,07022,"Balears, Illes",Illes Balears,ES,5,3,2,Felanitx,42,38,478.03499999999997,265,532018,28,41,13611,1.137,2.035,3.283,4.612,6.524,Mallorca,Inside Airbnb 2026-06,seccion_censal,0,0,0,16.2,6.9,3.74,265,3.085739475424289
0702204001,07022,001,07,04,0702204,07022,"Balears, Illes",Illes Balears,ES,5,3,2,Felanitx,54,52,481.7,401,619446,35,54,13611,593.0,1.184,2.634,4.523,6.902,Mallorca,Inside Airbnb 2026-06,seccion_censal,0,0,0,16.2,6.9,3.74,401,3.967379325545515
0702204002,07022,002,07,04,0702204,07022,"Balears, Illes",Illes Balears,ES,5,3,2,Felanitx,250,244,455.03,1648,4050148,100,248,13611,593.0,1.184,2.634,4.523,6.902,Mallorca,Inside Airbnb 2026-06,seccion_censal,0,0,0,16.2,6.9,3.74,1648,18.367496877525532
0702301001,07023,001,07,04,0702301,07023,"Balears, Illes",Illes Balears,ES,5,3,3,Ferreries,7,7,286.59,51,101936,7,7,2369,913.0,1.896,3.21,4.714,6.465,Menorca,Inside Airbnb 2026-06,seccion_censal,0,0,0,16.2,6.9,3.74,51,2.95483326298016
0702301002,07023,002,07,04,0702301,07023,"Balears, Illes",Illes Balears,ES,5,3,3,Ferreries,0,0,,0,0,0,0,2369,913.0,1.896,3.21,4.714,6.465,Mallorca,shapefile INE 2025 (sin datos de turismo),seccion_censal,0,0,0,16.2,6.9,3.74,0,0.0
0702301003,07023,003,07,04,0702301,07023,"Balears, Illes",Illes Balears,ES,5,3,3,Ferreries,72,60,353.2,460,681159,26,66,2369,913.0,1.896,3.21,4.714,6.465,Menorca,Inside Airbnb 2026-06,seccion_censal,0,0,0,16.2,6.9,3.74,460,30.39257070493879
0702401001,07024,001,07,04,0702401,07024,"Balears, Illes",Illes Balears,ES,5,3,1,Formentera,0,0,,0,0,0,0,6969,783.0,1.595,3.464,6.073,9.376,Formentera,IBESTAT 2019,municipio,1375,14935,0,16.2,6.9,3.74,14935,0.0
0702401002,07024,002,07,04,0702401,07024,"Balears, Illes",Illes Balears,ES,5,3,1,Formentera,0,0,,0,0,0,0,6969,783.0,1.595,3.464,6.073,9.376,Formentera,IBESTAT 2019,municipio,1375,14935,0,16.2,6.9,3.74,14935,0.0
0702401003,07024,003,07,04,0702401,07024,"Balears, Illes",Illes Balears,ES,5,3,1,Formentera,0,0,,0,0,0,0,6969,783.0,1.595,3.464,6.073,9.376,Formentera,IBESTAT 2019,municipio,1375,14935,0,16.2,6.9,3.74,14935,0.0
0702402001,07024,001,07,04,0702402,07024,"Balears, Illes",Illes Balears,ES,5,3,1,Formentera,0,0,,0,0,0,0,6969,475.0,871.0,2.185,4.749,8.603,Formentera,IBESTAT 2019,municipio,1375,14935,0,16.2,6.9,3.74,14935,0.0
0702402002,07024,002,07,04,0702402,07024,"Balears, Illes",Illes Balears,ES,5,3,1,Formentera,0,0,,0,0,0,0,6969,475.0,871.0,2.185,4.749,8.603,Formentera,IBESTAT 2019,municipio,1375,14935,0,16.2,6.9,3.74,14935,0.0
0702403001,07024,001,07,04,0702403,07024,"Balears, Illes",Illes Balears,ES,5,3,1,Formentera,0,0,,0,0,0,0,6969,574.0,1.112,3.038,5.967,10.021,Formentera,IBESTAT 2019,municipio,1375,14935,0,16.2,6.9,3.74,14935,0.0
0702501001,07025,001,07,04,0702501,07025,"Balears, Illes",Illes Balears,ES,5,3,2,Fornalutx,86,81,367.6,417,2152000,58,86,0,0.0,0.0,0.0,0.0,0.0,Mallorca,Inside Airbnb 2026-06,seccion_censal,0,0,0,16.2,6.9,3.74,417,0.0
0702602001,07026,001,07,04,0702602,07026,"Balears, Illes",Illes Balears,ES,5,3,1,Eivissa,0,0,,0,0,0,0,23938,640.0,1.202,2.085,3.447,5.359,Eivissa,HUT Consell d'Eivissa 2026,municipio,41,236,22,16.2,6.9,3.74,236,0.0
0702603001,07026,001,07,04,0702603,07026,"Balears, Illes",Illes Balears,ES,5,3,1,Eivissa,0,0,,0,0,0,0,23938,950.0,1.785,2.93,4.426,6.3,Eivissa,HUT Consell d'Eivissa 2026,municipio,41,236,22,16.2,6.9,3.74,236,0.0
0702603002,07026,002,07,04,0702603,07026,"Balears, Illes",Illes Balears,ES,5,3,1,Eivissa,0,0,,0,0,0,0,23938,950.0,1.785,2.93,4.426,6.3,Eivissa,HUT Consell d'Eivissa 2026,municipio,41,236,22,16.2,6.9,3.74,236,0.0
0702603003,07026,003,07,04,0702603,07026,"Balears, Illes",Illes Balears,ES,5,3,1,Eivissa,0,0,,0,0,0,0,23938,950.0,1.785,2.93,4.426,6.3,Eivissa,HUT Consell d'Eivissa 2026,municipio,41,236,22,16.2,6.9,3.74,236,0.0
0702604001,07026,001,07,04,0702604,07026,"Balears, Illes",Illes Balears,ES,5,3,1,Eivissa,0,0,,0,0,0,0,23938,1.118,1.863,2.941,4.336,5.984,Eivissa,HUT Consell d'Eivissa 2026,municipio,41,236,22,16.2,6.9,3.74,236,0.0
0702604002,07026,002,07,04,0702604,07026,"Balears, Illes",Illes Balears,ES,5,3,1,Eivissa,0,0,,0,0,0,0,23938,1.118,1.863,2.941,4.336,5.984,Eivissa,HUT Consell d'Eivissa 2026,municipio,41,236,22,16.2,6.9,3.74,236,0.0
0702604003,07026,003,07,04,0702604,07026,"Balears, Illes",Illes Balears,ES,5,3,1,Eivissa,0,0,,0,0,0,0,23938,1.118,1.863,2.941,4.336,5.984,Eivissa,HUT Consell d'Eivissa 2026,municipio,41,236,22,16.2,6.9,3.74,236,0.0
0702604004,07026,004,07,04,0702604,07026,"Balears, Illes",Illes Balears,ES,5,3,1,Eivissa,0,0,,0,0,0,0,23938,1.118,1.863,2.941,4.336,5.984,Eivissa,HUT Consell d'Eivissa 2026,municipio,41,236,22,16.2,6.9,3.74,236,0.0
0702604005,07026,005,07,04,0702604,07026,"Balears, Illes",Illes Balears,ES,5,3,1,Eivissa,0,0,,0,0,0,0,23938,1.118,1.863,2.941,4.336,5.984,Eivissa,HUT Consell d'Eivissa 2026,municipio,41,236,22,16.2,6.9,3.74,236,0.0
0702604007,07026,007,07,04,0702604,07026,"Balears, Illes",Illes Balears,ES,5,3,1,Eivissa,0,0,,0,0,0,0,23938,1.118,1.863,2.941,4.336,5.984,Eivissa,HUT Consell d'Eivissa 2026,municipio,41,236,22,16.2,6.9,3.74,236,0.0
0702604008,07026,008,07,04,0702604,07026,"Balears, Illes",Illes Balears,ES,5,3,1,Eivissa,0,0,,0,0,0,0,23938,1.118,1.863,2.941,4.336,5.984,Eivissa,HUT Consell d'Eivissa 2026,municipio,41,236,22,16.2,6.9,3.74,236,0.0
0702604009,07026,009,07,04,0702604,07026,"Balears, Illes",Illes Balears,ES,5,3,1,Eivissa,0,0,,0,0,0,0,23938,1.118,1.863,2.941,4.336,5.984,Eivissa,HUT Consell d'Eivissa 2026,municipio,41,236,22,16.2,6.9,3.74,236,0.0
0702604010,07026,010,07,04,0702604,07026,"Balears, Illes",Illes Balears,ES,5,3,1,Eivissa,0,0,,0,0,0,0,23938,1.118,1.863,2.941,4.336,5.984,Eivissa,HUT Consell d'Eivissa 2026,municipio,41,236,22,16.2,6.9,3.74,236,0.0
0702604011,07026,011,07,04,0702604,07026,"Balears, Illes",Illes Balears,ES,5,3,1,Eivissa,0,0,,0,0,0,0,23938,1.118,1.863,2.941,4.336,5.984,Eivissa,HUT Consell d'Eivissa 2026,municipio,41,236,22,16.2,6.9,3.74,236,0.0
0702604012,07026,012,07,04,0702604,07026,"Balears, Illes",Illes Balears,ES,5,3,1,Eivissa,0,0,,0,0,0,0,23938,1.118,1.863,2.941,4.336,5.984,Eivissa,HUT Consell d'Eivissa 2026,municipio,41,236,22,16.2,6.9,3.74,236,0.0
0702604013,07026,013,07,04,0702604,07026,"Balears, Illes",Illes Balears,ES,5,3,1,Eivissa,0,0,,0,0,0,0,23938,1.118,1.863,2.941,4.336,5.984,Eivissa,HUT Consell d'Eivissa 2026,municipio,41,236,22,16.2,6.9,3.74,236,0.0
0702604014,07026,014,07,04,0702604,07026,"Balears, Illes",Illes Balears,ES,5,3,1,Eivissa,0,0,,0,0,0,0,23938,1.118,1.863,2.941,4.336,5.984,Eivissa,HUT Consell d'Eivissa 2026,municipio,41,236,22,16.2,6.9,3.74,236,0.0
0702604015,07026,015,07,04,0702604,07026,"Balears, Illes",Illes Balears,ES,5,3,1,Eivissa,0,0,,0,0,0,0,23938,1.118,1.863,2.941,4.336,5.984,Eivissa,HUT Consell d'Eivissa 2026,municipio,41,236,22,16.2,6.9,3.74,236,0.0
0702604016,07026,016,07,04,0702604,07026,"Balears, Illes",Illes Balears,ES,5,3,1,Eivissa,0,0,,0,0,0,0,23938,1.118,1.863,2.941,4.336,5.984,Eivissa,HUT Consell d'Eivissa 2026,municipio,41,236,22,16.2,6.9,3.74,236,0.0
0702604017,07026,017,07,04,0702604,07026,"Balears, Illes",Illes Balears,ES,5,3,1,Eivissa,0,0,,0,0,0,0,23938,1.118,1.863,2.941,4.336,5.984,Eivissa,HUT Consell d'Eivissa 2026,municipio,41,236,22,16.2,6.9,3.74,236,0.0
0702604018,07026,018,07,04,0702604,07026,"Balears, Illes",Illes Balears,ES,5,3,1,Eivissa,0,0,,0,0,0,0,23938,1.118,1.863,2.941,4.336,5.984,Eivissa,HUT Consell d'Eivissa 2026,municipio,41,236,22,16.2,6.9,3.74,236,0.0
0702604019,07026,019,07,04,0702604,07026,"Balears, Illes",Illes Balears,ES,5,3,1,Eivissa,0,0,,0,0,0,0,23938,1.118,1.863,2.941,4.336,5.984,Eivissa,HUT Consell d'Eivissa 2026,municipio,41,236,22,16.2,6.9,3.74,236,0.0
0702604020,07026,020,07,04,0702604,07026,"Balears, Illes",Illes Balears,ES,5,3,1,Eivissa,0,0,,0,0,0,0,23938,1.118,1.863,2.941,4.336,5.984,Eivissa,HUT Consell d'Eivissa 2026,municipio,41,236,22,16.2,6.9,3.74,236,0.0
0702604021,07026,021,07,04,0702604,07026,"Balears, Illes",Illes Balears,ES,5,3,1,Eivissa,0,0,,0,0,0,0,23938,1.118,1.863,2.941,4.336,5.984,Eivissa,HUT Consell d'Eivissa 2026,municipio,41,236,22,16.2,6.9,3.74,236,0.0
0702604022,07026,022,07,04,0702604,07026,"Balears, Illes",Illes Balears,ES,5,3,1,Eivissa,0,0,,0,0,0,0,23938,1.118,1.863,2.941,4.336,5.984,Eivissa,HUT Consell d'Eivissa 2026,municipio,41,236,22,16.2,6.9,3.74,236,0.0
0702604023,07026,023,07,04,0702604,07026,"Balears, Illes",Illes Balears,ES,5,3,1,Eivissa,0,0,,0,0,0,0,23938,1.118,1.863,2.941,4.336,5.984,Eivissa,HUT Consell d'Eivissa 2026,municipio,41,236,22,16.2,6.9,3.74,236,0.0
0702604024,07026,024,07,04,0702604,07026,"Balears, Illes",Illes Balears,ES,5,3,1,Eivissa,0,0,,0,0,0,0,23938,1.118,1.863,2.941,4.336,5.984,Eivissa,HUT Consell d'Eivissa 2026,municipio,41,236,22,16.2,6.9,3.74,236,0.0
0702701001,07027,001,07,04,0702701,07027,"Balears, Illes",Illes Balears,ES,5,3,2,Inca,0,0,,0,0,0,0,15863,1.105,2.021,3.209,4.648,6.246,Mallorca,shapefile INE 2025 (sin datos de turismo),seccion_censal,0,0,0,16.2,6.9,3.74,0,0.0
0702701002,07027,002,07,04,0702701,07027,"Balears, Illes",Illes Balears,ES,5,3,2,Inca,4,2,125.88499999999999,11,7856,3,4,15863,1.105,2.021,3.209,4.648,6.246,Mallorca,Inside Airbnb 2026-06,seccion_censal,0,0,0,16.2,6.9,3.74,11,0.25215911239992433
0702701003,07027,003,07,04,0702701,07027,"Balears, Illes",Illes Balears,ES,5,3,2,Inca,0,0,,0,0,0,0,15863,1.105,2.021,3.209,4.648,6.246,Mallorca,shapefile INE 2025 (sin datos de turismo),seccion_censal,0,0,0,16.2,6.9,3.74,0,0.0
0702701004,07027,004,07,04,0702701,07027,"Balears, Illes",Illes Balears,ES,5,3,2,Inca,0,0,,0,0,0,0,15863,1.105,2.021,3.209,4.648,6.246,Mallorca,shapefile INE 2025 (sin datos de turismo),seccion_censal,0,0,0,16.2,6.9,3.74,0,0.0
0702701005,07027,005,07,04,0702701,07027,"Balears, Illes",Illes Balears,ES,5,3,2,Inca,5,5,499.7,40,10808,5,5,15863,1.105,2.021,3.209,4.648,6.246,Mallorca,Inside Airbnb 2026-06,seccion_censal,0,0,0,16.2,6.9,3.74,40,0.31519889049990546
0702701006,07027,006,07,04,0702701,07027,"Balears, Illes",Illes Balears,ES,5,3,2,Inca,111,109,450.14,688,1270869,67,111,15863,1.105,2.021,3.209,4.648,6.246,Mallorca,Inside Airbnb 2026-06,seccion_censal,0,0,0,16.2,6.9,3.74,688,6.997415369097901
0702702001,07027,001,07,04,0702702,07027,"Balears, Illes",Illes Balears,ES,5,3,2,Inca,4,4,290.33500000000004,28,29224,4,4,15863,1.231,2.162,3.343,4.732,6.294,Mallorca,Inside Airbnb 2026-06,seccion_censal,0,0,0,16.2,6.9,3.74,28,0.25215911239992433
0702702002,07027,002,07,04,0702702,07027,"Balears, Illes",Illes Balears,ES,5,3,2,Inca,1,1,446.0,6,0,1,1,15863,1.231,2.162,3.343,4.732,6.294,Mallorca,Inside Airbnb 2026-06,seccion_censal,0,0,0,16.2,6.9,3.74,6,0.06303977809998108
0702702003,07027,003,07,04,0702702,07027,"Balears, Illes",Illes Balears,ES,5,3,2,Inca,2,2,264.47,8,23725,1,2,15863,1.231,2.162,3.343,4.732,6.294,Mallorca,Inside Airbnb 2026-06,seccion_censal,0,0,0,16.2,6.9,3.74,8,0.12607955619996217
0702702004,07027,004,07,04,0702702,07027,"Balears, Illes",Illes Balears,ES,5,3,2,Inca,1,1,958.0,4,28740,1,1,15863,1.231,2.162,3.343,4.732,6.294,Mallorca,Inside Airbnb 2026-06,seccion_censal,0,0,0,16.2,6.9,3.74,4,0.06303977809998108
0702702006,07027,006,07,04,0702702,07027,"Balears, Illes",Illes Balears,ES,5,3,2,Inca,1,0,249.63,2,63656,1,1,15863,1.231,2.162,3.343,4.732,6.294,Mallorca,Inside Airbnb 2026-06,seccion_censal,0,0,0,16.2,6.9,3.74,2,0.06303977809998108
0702702007,07027,007,07,04,0702702,07027,"Balears, Illes",Illes Balears,ES,5,3,2,Inca,61,61,478.69,443,743116,39,61,15863,1.231,2.162,3.343,4.732,6.294,Mallorca,Inside Airbnb 2026-06,seccion_censal,0,0,0,16.2,6.9,3.74,443,3.8454264640988463
0702703001,07027,001,07,04,0702703,07027,"Balears, Illes",Illes Balears,ES,5,3,2,Inca,6,1,165.5,14,29778,2,6,15863,1.185,2.104,3.342,4.755,6.273,Mallorca,Inside Airbnb 2026-06,seccion_censal,0,0,0,16.2,6.9,3.74,14,0.37823866859988653
0702703002,07027,002,07,04,0702703,07027,"Balears, Illes",Illes Balears,ES,5,3,2,Inca,5,5,612.86,32,34866,4,5,15863,1.185,2.104,3.342,4.755,6.273,Mallorca,Inside Airbnb 2026-06,seccion_censal,0,0,0,16.2,6.9,3.74,32,0.31519889049990546
0702703003,07027,003,07,04,0702703,07027,"Balears, Illes",Illes Balears,ES,5,3,2,Inca,2,2,446.33500000000004,8,93516,2,2,15863,1.185,2.104,3.342,4.755,6.273,Mallorca,Inside Airbnb 2026-06,seccion_censal,0,0,0,16.2,6.9,3.74,8,0.12607955619996217
0702703004,07027,004,07,04,0702703,07027,"Balears, Illes",Illes Balears,ES,5,3,2,Inca,0,0,,0,0,0,0,15863,1.185,2.104,3.342,4.755,6.273,Mallorca,shapefile INE 2025 (sin datos de turismo),seccion_censal,0,0,0,16.2,6.9,3.74,0,0.0
0702703005,07027,005,07,04,0702703,07027,"Balears, Illes",Illes Balears,ES,5,3,2,Inca,22,22,613.315,140,252664,20,22,15863,1.185,2.104,3.342,4.755,6.273,Mallorca,Inside Airbnb 2026-06,seccion_censal,0,0,0,16.2,6.9,3.74,140,1.386875118199584
0702801001,07028,001,07,04,0702801,07028,"Balears, Illes",Illes Balears,ES,5,3,2,Lloret de Vistalegre,41,41,328.5,203,411984,28,41,1093,896.0,1.919,3.305,5.159,7.138,Mallorca,Inside Airbnb 2026-06,seccion_censal,0,0,0,16.2,6.9,3.74,203,37.51143641354071
0702901001,07029,001,07,04,0702901,07029,"Balears, Illes",Illes Balears,ES,5,3,2,Lloseta,6,4,220.0,24,147930,5,6,3035,1.158,2.018,3.216,4.823,6.333,Mallorca,Inside Airbnb 2026-06,seccion_censal,0,0,0,16.2,6.9,3.74,24,1.9769357495881386
0702901002,07029,002,07,04,0702901,07029,"Balears, Illes",Illes Balears,ES,5,3,2,Lloseta,8,8,381.66499999999996,49,201954,4,8,3035,1.158,2.018,3.216,4.823,6.333,Mallorca,Inside Airbnb 2026-06,seccion_censal,0,0,0,16.2,6.9,3.74,49,2.6359143327841843
0702902001,07029,001,07,04,0702902,07029,"Balears, Illes",Illes Balears,ES,5,3,2,Lloseta,10,8,842.4,69,141815,8,10,3035,1.049,2.087,3.327,4.887,6.692,Mallorca,Inside Airbnb 2026-06,seccion_censal,0,0,0,16.2,6.9,3.74,69,3.2948929159802307
0702902002,07029,002,07,04,0702902,07029,"Balears, Illes",Illes Balears,ES,5,3,2,Lloseta,26,26,507.855,164,273778,21,26,3035,1.049,2.087,3.327,4.887,6.692,Mallorca,Inside Airbnb 2026-06,seccion_censal,0,0,0,16.2,6.9,3.74,164,8.5667215815486
0703001001,07030,001,07,04,0703001,07030,"Balears, Illes",Illes Balears,ES,5,3,2,Llubí,55,55,372.0,321,442020,36,55,1685,812.0,1.791,3.406,5.249,7.272,Mallorca,Inside Airbnb 2026-06,seccion_censal,0,0,0,16.2,6.9,3.74,321,32.640949554896146
0703002001,07030,001,07,04,0703002,07030,"Balears, Illes",Illes Balears,ES,5,3,2,Llubí,43,37,280.5,248,494310,29,43,1685,853.0,1.836,3.377,5.169,7.599,Mallorca,Inside Airbnb 2026-06,seccion_censal,0,0,0,16.2,6.9,3.74,248,25.519287833827892
0703101001,07031,001,07,04,0703101,07031,"Balears, Illes",Illes Balears,ES,5,3,2,Llucmajor,8,8,335.67,51,72601,7,8,23312,900.0,1.827,3.164,4.781,6.713,Mallorca,Inside Airbnb 2026-06,seccion_censal,0,0,0,16.2,6.9,3.74,51,0.34317089910775567
0703101002,07031,002,07,04,0703101,07031,"Balears, Illes",Illes Balears,ES,5,3,2,Llucmajor,0,0,,0,0,0,0,23312,900.0,1.827,3.164,4.781,6.713,Mallorca,shapefile INE 2025 (sin datos de turismo),seccion_censal,0,0,0,16.2,6.9,3.74,0,0.0
0703101003,07031,003,07,04,0703101,07031,"Balears, Illes",Illes Balears,ES,5,3,2,Llucmajor,73,65,295.0,383,914084,45,73,23312,900.0,1.827,3.164,4.781,6.713,Mallorca,Inside Airbnb 2026-06,seccion_censal,0,0,0,16.2,6.9,3.74,383,3.1314344543582706
0703102001,07031,001,07,04,0703102,07031,"Balears, Illes",Illes Balears,ES,5,3,2,Llucmajor,2,2,481.66999999999996,14,3632,2,2,23312,1.147,1.963,2.998,4.274,6.055,Mallorca,Inside Airbnb 2026-06,seccion_censal,0,0,0,16.2,6.9,3.74,14,0.08579272477693892
0703102002,07031,002,07,04,0703102,07031,"Balears, Illes",Illes Balears,ES,5,3,2,Llucmajor,0,0,,0,0,0,0,23312,1.147,1.963,2.998,4.274,6.055,Mallorca,shapefile INE 2025 (sin datos de turismo),seccion_censal,0,0,0,16.2,6.9,3.74,0,0.0
0703103001,07031,001,07,04,0703103,07031,"Balears, Illes",Illes Balears,ES,5,3,2,Llucmajor,0,0,,0,0,0,0,23312,730.0,1.419,2.587,4.074,5.797,Mallorca,shapefile INE 2025 (sin datos de turismo),seccion_censal,0,0,0,16.2,6.9,3.74,0,0.0
0703103002,07031,002,07,04,0703103,07031,"Balears, Illes",Illes Balears,ES,5,3,2,Llucmajor,0,0,,0,0,0,0,23312,730.0,1.419,2.587,4.074,5.797,Mallorca,shapefile INE 2025 (sin datos de turismo),seccion_censal,0,0,0,16.2,6.9,3.74,0,0.0
0703103003,07031,003,07,04,0703103,07031,"Balears, Illes",Illes Balears,ES,5,3,2,Llucmajor,67,55,299.0,362,684201,42,64,23312,730.0,1.419,2.587,4.074,5.797,Mallorca,Inside Airbnb 2026-06,seccion_censal,0,0,0,16.2,6.9,3.74,362,2.8740562800274536
0703104001,07031,001,07,04,0703104,07031,"Balears, Illes",Illes Balears,ES,5,3,2,Llucmajor,3,3,266.14,18,80509,2,3,23312,931.0,1.877,3.181,4.956,7.202,Mallorca,Inside Airbnb 2026-06,seccion_censal,0,0,0,16.2,6.9,3.74,18,0.1286890871654084
0703104002,07031,002,07,04,0703104,07031,"Balears, Illes",Illes Balears,ES,5,3,2,Llucmajor,62,55,490.0,428,1038497,43,62,23312,931.0,1.877,3.181,4.956,7.202,Mallorca,Inside Airbnb 2026-06,seccion_censal,0,0,0,16.2,6.9,3.74,428,2.6595744680851063
0703104003,07031,003,07,04,0703104,07031,"Balears, Illes",Illes Balears,ES,5,3,2,Llucmajor,3,3,322.5,14,51534,3,3,23312,931.0,1.877,3.181,4.956,7.202,Mallorca,Inside Airbnb 2026-06,seccion_censal,0,0,0,16.2,6.9,3.74,14,0.1286890871654084
0703104004,07031,004,07,04,0703104,07031,"Balears, Illes",Illes Balears,ES,5,3,2,Llucmajor,3,3,316.0,13,83158,3,3,23312,931.0,1.877,3.181,4.956,7.202,Mallorca,Inside Airbnb 2026-06,seccion_censal,0,0,0,16.2,6.9,3.74,13,0.1286890871654084
0703104005,07031,005,07,04,0703104,07031,"Balears, Illes",Illes Balears,ES,5,3,2,Llucmajor,6,0,68.35,12,78414,2,5,23312,931.0,1.877,3.181,4.956,7.202,Mallorca,Inside Airbnb 2026-06,seccion_censal,0,0,0,16.2,6.9,3.74,12,0.2573781743308168
0703104006,07031,006,07,04,0703104,07031,"Balears, Illes",Illes Balears,ES,5,3,2,Llucmajor,4,3,222.1,16,52158,4,4,23312,931.0,1.877,3.181,4.956,7.202,Mallorca,Inside Airbnb 2026-06,seccion_censal,0,0,0,16.2,6.9,3.74,16,0.17158544955387783
0703104007,07031,007,07,04,0703104,07031,"Balears, Illes",Illes Balears,ES,5,3,2,Llucmajor,24,24,549.0,180,651403,21,23,23312,931.0,1.877,3.181,4.956,7.202,Mallorca,Inside Airbnb 2026-06,seccion_censal,0,0,0,16.2,6.9,3.74,180,1.0295126973232671
0703104009,07031,009,07,04,0703104,07031,"Balears, Illes",Illes Balears,ES,5,3,2,Llucmajor,19,18,920.7,168,473422,13,19,23312,931.0,1.877,3.181,4.956,7.202,Mallorca,Inside Airbnb 2026-06,seccion_censal,0,0,0,16.2,6.9,3.74,168,0.8150308853809197
0703104010,07031,010,07,04,0703104,07031,"Balears, Illes",Illes Balears,ES,5,3,2,Llucmajor,84,84,441.53499999999997,479,1881850,64,84,23312,931.0,1.877,3.181,4.956,7.202,Mallorca,Inside Airbnb 2026-06,seccion_censal,0,0,0,16.2,6.9,3.74,479,3.6032944406314344
0703104011,07031,011,07,04,0703104,07031,"Balears, Illes",Illes Balears,ES,5,3,2,Llucmajor,33,33,848.75,266,544655,31,33,23312,931.0,1.877,3.181,4.956,7.202,Mallorca,Inside Airbnb 2026-06,seccion_censal,0,0,0,16.2,6.9,3.74,266,1.415579958819492
0703104012,07031,012,07,04,0703104,07031,"Balears, Illes",Illes Balears,ES,5,3,2,Llucmajor,19,19,546.8,135,572828,19,19,23312,931.0,1.877,3.181,4.956,7.202,Mallorca,Inside Airbnb 2026-06,seccion_censal,0,0,0,16.2,6.9,3.74,135,0.8150308853809197
0703104013,07031,013,07,04,0703104,07031,"Balears, Illes",Illes Balears,ES,5,3,2,Llucmajor,0,0,,0,0,0,0,23312,931.0,1.877,3.181,4.956,7.202,Mallorca,shapefile INE 2025 (sin datos de turismo),seccion_censal,0,0,0,16.2,6.9,3.74,0,0.0
0703104014,07031,014,07,04,0703104,07031,"Balears, Illes",Illes Balears,ES,5,3,2,Llucmajor,22,22,529.25,158,357832,18,22,23312,931.0,1.877,3.181,4.956,7.202,Mallorca,Inside Airbnb 2026-06,seccion_censal,0,0,0,16.2,6.9,3.74,158,0.9437199725463281
0703105001,07031,001,07,04,0703105,07031,"Balears, Illes",Illes Balears,ES,5,3,2,Llucmajor,2,1,67.335,6,8382,2,2,23312,1.235,1.864,2.979,4.096,5.361,Mallorca,Inside Airbnb 2026-06,seccion_censal,0,0,0,16.2,6.9,3.74,6,0.08579272477693892
0703201001,07032,001,07,04,0703201,07032,"Balears, Illes",Illes Balears,ES,5,3,3,Maó,12,9,289.0,29,33068,3,12,15173,802.0,1.499,2.643,4.183,6.057,Menorca,Inside Airbnb 2026-06,seccion_censal,0,0,0,16.2,6.9,3.74,29,0.7908785342384499
0703201002,07032,002,07,04,0703201,07032,"Balears, Illes",Illes Balears,ES,5,3,3,Maó,6,4,294.83500000000004,23,17472,5,6,15173,802.0,1.499,2.643,4.183,6.057,Menorca,Inside Airbnb 2026-06,seccion_censal,0,0,0,16.2,6.9,3.74,23,0.39543926711922495
0703202001,07032,001,07,04,0703202,07032,"Balears, Illes",Illes Balears,ES,5,3,3,Maó,2,2,401.855,10,14926,2,2,15173,936.0,1.692,2.689,4.006,5.456,Menorca,Inside Airbnb 2026-06,seccion_censal,0,0,0,16.2,6.9,3.74,10,0.13181308903974165
0703202002,07032,002,07,04,0703202,07032,"Balears, Illes",Illes Balears,ES,5,3,3,Maó,1,1,1345.0,12,48420,1,1,15173,936.0,1.692,2.689,4.006,5.456,Menorca,Inside Airbnb 2026-06,seccion_censal,0,0,0,16.2,6.9,3.74,12,0.06590654451987082
0703202003,07032,003,07,04,0703202,07032,"Balears, Illes",Illes Balears,ES,5,3,3,Maó,0,0,,0,0,0,0,15173,936.0,1.692,2.689,4.006,5.456,Mallorca,shapefile INE 2025 (sin datos de turismo),seccion_censal,0,0,0,16.2,6.9,3.74,0,0.0
0703202004,07032,004,07,04,0703202,07032,"Balears, Illes",Illes Balears,ES,5,3,3,Maó,1,1,628.0,8,87920,1,0,15173,936.0,1.692,2.689,4.006,5.456,Menorca,Inside Airbnb 2026-06,seccion_censal,0,0,0,16.2,6.9,3.74,8,0.06590654451987082
0703203001,07032,001,07,04,0703203,07032,"Balears, Illes",Illes Balears,ES,5,3,3,Maó,5,1,295.3,16,39347,2,5,15173,1.132,1.949,3.069,4.582,6.397,Menorca,Inside Airbnb 2026-06,seccion_censal,0,0,0,16.2,6.9,3.74,16,0.3295327225993541
0703203002,07032,002,07,04,0703203,07032,"Balears, Illes",Illes Balears,ES,5,3,3,Maó,1,1,155.0,2,14880,1,1,15173,1.132,1.949,3.069,4.582,6.397,Menorca,Inside Airbnb 2026-06,seccion_censal,0,0,0,16.2,6.9,3.74,2,0.06590654451987082
0703203003,07032,003,07,04,0703203,07032,"Balears, Illes",Illes Balears,ES,5,3,3,Maó,53,48,558.86,354,826628,38,50,15173,1.132,1.949,3.069,4.582,6.397,Menorca,Inside Airbnb 2026-06,seccion_censal,0,0,0,16.2,6.9,3.74,354,3.4930468595531536
0703203004,07032,004,07,04,0703203,07032,"Balears, Illes",Illes Balears,ES,5,3,3,Maó,0,0,,0,0,0,0,15173,1.132,1.949,3.069,4.582,6.397,Mallorca,shapefile INE 2025 (sin datos de turismo),seccion_censal,0,0,0,16.2,6.9,3.74,0,0.0
0703203005,07032,005,07,04,0703203,07032,"Balears, Illes",Illes Balears,ES,5,3,3,Maó,0,0,,0,0,0,0,15173,1.132,1.949,3.069,4.582,6.397,Mallorca,shapefile INE 2025 (sin datos de turismo),seccion_censal,0,0,0,16.2,6.9,3.74,0,0.0
0703203006,07032,006,07,04,0703203,07032,"Balears, Illes",Illes Balears,ES,5,3,3,Maó,4,4,415.145,30,23420,4,4,15173,1.132,1.949,3.069,4.582,6.397,Menorca,Inside Airbnb 2026-06,seccion_censal,0,0,0,16.2,6.9,3.74,30,0.2636261780794833
0703203007,07032,007,07,04,0703203,07032,"Balears, Illes",Illes Balears,ES,5,3,3,Maó,0,0,,0,0,0,0,15173,1.132,1.949,3.069,4.582,6.397,Mallorca,shapefile INE 2025 (sin datos de turismo),seccion_censal,0,0,0,16.2,6.9,3.74,0,0.0
0703204001,07032,001,07,04,0703204,07032,"Balears, Illes",Illes Balears,ES,5,3,3,Maó,2,2,357.46500000000003,13,83796,2,2,15173,757.0,1.479,2.673,4.138,5.781,Menorca,Inside Airbnb 2026-06,seccion_censal,0,0,0,16.2,6.9,3.74,13,0.13181308903974165
0703204002,07032,002,07,04,0703204,07032,"Balears, Illes",Illes Balears,ES,5,3,3,Maó,0,0,,0,0,0,0,15173,757.0,1.479,2.673,4.138,5.781,Mallorca,shapefile INE 2025 (sin datos de turismo),seccion_censal,0,0,0,16.2,6.9,3.74,0,0.0
0703205001,07032,001,07,04,0703205,07032,"Balears, Illes",Illes Balears,ES,5,3,3,Maó,61,61,545.29,385,601338,43,59,15173,647.0,1.2,2.58,4.829,7.813,Menorca,Inside Airbnb 2026-06,seccion_censal,0,0,0,16.2,6.9,3.74,385,4.02029921571212
0703301001,07033,001,07,04,0703301,07033,"Balears, Illes",Illes Balears,ES,5,3,2,Manacor,2,2,,11,0,1,2,28571,856.0,1.623,2.788,4.311,6.374,Mallorca,Inside Airbnb 2026-06,seccion_censal,0,0,0,16.2,6.9,3.74,11,0.07000105001575023
0703301002,07033,002,07,04,0703301,07033,"Balears, Illes",Illes Balears,ES,5,3,2,Manacor,2,2,974.6,18,0,2,2,28571,856.0,1.623,2.788,4.311,6.374,Mallorca,Inside Airbnb 2026-06,seccion_censal,0,0,0,16.2,6.9,3.74,18,0.07000105001575023
0703301003,07033,003,07,04,0703301,07033,"Balears, Illes",Illes Balears,ES,5,3,2,Manacor,0,0,,0,0,0,0,28571,856.0,1.623,2.788,4.311,6.374,Mallorca,shapefile INE 2025 (sin datos de turismo),seccion_censal,0,0,0,16.2,6.9,3.74,0,0.0
0703301004,07033,004,07,04,0703301,07033,"Balears, Illes",Illes Balears,ES,5,3,2,Manacor,118,114,341.33,733,1145069,68,116,28571,856.0,1.623,2.788,4.311,6.374,Mallorca,Inside Airbnb 2026-06,seccion_censal,0,0,0,16.2,6.9,3.74,733,4.130061950929264
0703302001,07033,001,07,04,0703302,07033,"Balears, Illes",Illes Balears,ES,5,3,2,Manacor,1,1,228.25,4,16434,1,1,28571,829.0,1.669,2.857,4.436,6.38,Mallorca,Inside Airbnb 2026-06,seccion_censal,0,0,0,16.2,6.9,3.74,4,0.035000525007875115
0703302002,07033,002,07,04,0703302,07033,"Balears, Illes",Illes Balears,ES,5,3,2,Manacor,0,0,,0,0,0,0,28571,829.0,1.669,2.857,4.436,6.38,Mallorca,shapefile INE 2025 (sin datos de turismo),seccion_censal,0,0,0,16.2,6.9,3.74,0,0.0
0703302003,07033,003,07,04,0703302,07033,"Balears, Illes",Illes Balears,ES,5,3,2,Manacor,3,3,681.4250000000001,19,0,3,3,28571,829.0,1.669,2.857,4.436,6.38,Mallorca,Inside Airbnb 2026-06,seccion_censal,0,0,0,16.2,6.9,3.74,19,0.10500157502362537
0703302004,07033,004,07,04,0703302,07033,"Balears, Illes",Illes Balears,ES,5,3,2,Manacor,90,86,419.46,624,1164545,53,89,28571,829.0,1.669,2.857,4.436,6.38,Mallorca,Inside Airbnb 2026-06,seccion_censal,0,0,0,16.2,6.9,3.74,624,3.1500472507087607
0703303001,07033,001,07,04,0703303,07033,"Balears, Illes",Illes Balears,ES,5,3,2,Manacor,0,0,,0,0,0,0,28571,932.0,1.819,3.104,4.692,6.583,Mallorca,shapefile INE 2025 (sin datos de turismo),seccion_censal,0,0,0,16.2,6.9,3.74,0,0.0
0703303002,07033,002,07,04,0703303,07033,"Balears, Illes",Illes Balears,ES,5,3,2,Manacor,1,0,46.5,1,8091,1,1,28571,932.0,1.819,3.104,4.692,6.583,Mallorca,Inside Airbnb 2026-06,seccion_censal,0,0,0,16.2,6.9,3.74,1,0.035000525007875115
0703303003,07033,003,07,04,0703303,07033,"Balears, Illes",Illes Balears,ES,5,3,2,Manacor,2,2,498.415,9,0,2,2,28571,932.0,1.819,3.104,4.692,6.583,Mallorca,Inside Airbnb 2026-06,seccion_censal,0,0,0,16.2,6.9,3.74,9,0.07000105001575023
0703303004,07033,004,07,04,0703303,07033,"Balears, Illes",Illes Balears,ES,5,3,2,Manacor,0,0,,0,0,0,0,28571,932.0,1.819,3.104,4.692,6.583,Mallorca,shapefile INE 2025 (sin datos de turismo),seccion_censal,0,0,0,16.2,6.9,3.74,0,0.0
0703303005,07033,005,07,04,0703303,07033,"Balears, Illes",Illes Balears,ES,5,3,2,Manacor,117,109,352.0,738,1076143,69,117,28571,932.0,1.819,3.104,4.692,6.583,Mallorca,Inside Airbnb 2026-06,seccion_censal,0,0,0,16.2,6.9,3.74,738,4.095061425921389
0703304001,07033,001,07,04,0703304,07033,"Balears, Illes",Illes Balears,ES,5,3,2,Manacor,3,0,99.72,6,4121,1,3,28571,1.041,1.744,2.849,4.347,6.04,Mallorca,Inside Airbnb 2026-06,seccion_censal,0,0,0,16.2,6.9,3.74,6,0.10500157502362537
0703304002,07033,002,07,04,0703304,07033,"Balears, Illes",Illes Balears,ES,5,3,2,Manacor,0,0,,0,0,0,0,28571,1.041,1.744,2.849,4.347,6.04,Mallorca,shapefile INE 2025 (sin datos de turismo),seccion_censal,0,0,0,16.2,6.9,3.74,0,0.0
0703304003,07033,003,07,04,0703304,07033,"Balears, Illes",Illes Balears,ES,5,3,2,Manacor,44,39,401.59000000000003,246,752309,27,44,28571,1.041,1.744,2.849,4.347,6.04,Mallorca,Inside Airbnb 2026-06,seccion_censal,0,0,0,16.2,6.9,3.74,246,1.5400231003465052
0703304004,07033,004,07,04,0703304,07033,"Balears, Illes",Illes Balears,ES,5,3,2,Manacor,0,0,,0,0,0,0,28571,1.041,1.744,2.849,4.347,6.04,Mallorca,shapefile INE 2025 (sin datos de turismo),seccion_censal,0,0,0,16.2,6.9,3.74,0,0.0
0703305001,07033,001,07,04,0703305,07033,"Balears, Illes",Illes Balears,ES,5,3,2,Manacor,146,142,337.33,839,1676014,93,146,28571,608.0,1.217,2.499,4.202,6.221,Mallorca,Inside Airbnb 2026-06,seccion_censal,0,0,0,16.2,6.9,3.74,839,5.110076651149767
0703305002,07033,002,07,04,0703305,07033,"Balears, Illes",Illes Balears,ES,5,3,2,Manacor,33,29,227.575,154,527684,26,33,28571,608.0,1.217,2.499,4.202,6.221,Mallorca,Inside Airbnb 2026-06,seccion_censal,0,0,0,16.2,6.9,3.74,154,1.1550173252598788
0703305003,07033,003,07,04,0703305,07033,"Balears, Illes",Illes Balears,ES,5,3,2,Manacor,32,29,367.0,200,411626,17,32,28571,608.0,1.217,2.499,4.202,6.221,Mallorca,Inside Airbnb 2026-06,seccion_censal,0,0,0,16.2,6.9,3.74,200,1.1200168002520037
0703305004,07033,004,07,04,0703305,07033,"Balears, Illes",Illes Balears,ES,5,3,2,Manacor,14,13,291.0,84,336762,13,14,28571,608.0,1.217,2.499,4.202,6.221,Mallorca,Inside Airbnb 2026-06,seccion_censal,0,0,0,16.2,6.9,3.74,84,0.49000735011025165
0703306001,07033,001,07,04,0703306,07033,"Balears, Illes",Illes Balears,ES,5,3,2,Manacor,40,37,258.67,180,525474,28,40,28571,500.0,956.0,2.036,3.764,5.554,Mallorca,Inside Airbnb 2026-06,seccion_censal,0,0,0,16.2,6.9,3.74,180,1.4000210003150046
0703307001,07033,001,07,04,0703307,07033,"Balears, Illes",Illes Balears,ES,5,3,2,Manacor,68,65,434.55499999999995,406,703079,42,68,28571,493.0,1.023,2.424,4.616,7.388,Mallorca,Inside Airbnb 2026-06,seccion_censal,0,0,0,16.2,6.9,3.74,406,2.380035700535508
0703307002,07033,002,07,04,0703307,07033,"Balears, Illes",Illes Balears,ES,5,3,2,Manacor,81,81,390.71,560,1109263,52,81,28571,493.0,1.023,2.424,4.616,7.388,Mallorca,Inside Airbnb 2026-06,seccion_censal,0,0,0,16.2,6.9,3.74,560,2.835042525637885
0703401001,07034,001,07,04,0703401,07034,"Balears, Illes",Illes Balears,ES,5,3,2,Mancor de la Vall,41,41,370.3,280,564106,24,41,919,1.023,1.919,3.331,5.151,6.972,Mallorca,Inside Airbnb 2026-06,seccion_censal,0,0,0,16.2,6.9,3.74,280,44.613710554951034
0703501001,07035,001,07,04,0703501,07035,"Balears, Illes",Illes Balears,ES,5,3,2,Maria de la Salut,39,35,352.15,238,388409,29,38,1473,0.0,0.0,0.0,0.0,0.0,Mallorca,Inside Airbnb 2026-06,seccion_censal,0,0,0,16.2,6.9,3.74,238,26.476578411405296
0703502001,07035,001,07,04,0703502,07035,"Balears, Illes",Illes Balears,ES,5,3,2,Maria de la Salut,29,28,348.8,193,425571,24,29,1473,0.0,0.0,0.0,0.0,0.0,Mallorca,Inside Airbnb 2026-06,seccion_censal,0,0,0,16.2,6.9,3.74,193,19.687712152070606
0703601001,07036,001,07,04,0703601,07036,"Balears, Illes",Illes Balears,ES,5,3,2,Marratxí,6,6,725.75,36,176760,5,6,15048,1.459,2.505,3.863,5.755,8.036,Mallorca,Inside Airbnb 2026-06,seccion_censal,0,0,0,16.2,6.9,3.74,36,0.39872408293460926
0703601002,07036,002,07,04,0703601,07036,"Balears, Illes",Illes Balears,ES,5,3,2,Marratxí,9,9,672.79,65,252222,9,9,15048,1.459,2.505,3.863,5.755,8.036,Mallorca,Inside Airbnb 2026-06,seccion_censal,0,0,0,16.2,6.9,3.74,65,0.5980861244019139
0703601003,07036,003,07,04,0703601,07036,"Balears, Illes",Illes Balears,ES,5,3,2,Marratxí,0,0,,0,0,0,0,15048,1.459,2.505,3.863,5.755,8.036,Mallorca,shapefile INE 2025 (sin datos de turismo),seccion_censal,0,0,0,16.2,6.9,3.74,0,0.0
0703601004,07036,004,07,04,0703601,07036,"Balears, Illes",Illes Balears,ES,5,3,2,Marratxí,14,14,776.0,121,583052,13,14,15048,1.459,2.505,3.863,5.755,8.036,Mallorca,Inside Airbnb 2026-06,seccion_censal,0,0,0,16.2,6.9,3.74,121,0.9303561935140883
0703601005,07036,005,07,04,0703601,07036,"Balears, Illes",Illes Balears,ES,5,3,2,Marratxí,7,6,662.0,51,353540,7,7,15048,1.459,2.505,3.863,5.755,8.036,Mallorca,Inside Airbnb 2026-06,seccion_censal,0,0,0,16.2,6.9,3.74,51,0.46517809675704413
0703601007,07036,007,07,04,0703601,07036,"Balears, Illes",Illes Balears,ES,5,3,2,Marratxí,10,9,664.79,70,187755,10,10,15048,1.459,2.505,3.863,5.755,8.036,Mallorca,Inside Airbnb 2026-06,seccion_censal,0,0,0,16.2,6.9,3.74,70,0.6645401382243488
0703602001,07036,001,07,04,0703602,07036,"Balears, Illes",Illes Balears,ES,5,3,2,Marratxí,0,0,,0,0,0,0,15048,1.542,2.506,3.714,5.279,7.282,Mallorca,shapefile INE 2025 (sin datos de turismo),seccion_censal,0,0,0,16.2,6.9,3.74,0,0.0
0703602002,07036,002,07,04,0703602,07036,"Balears, Illes",Illes Balears,ES,5,3,2,Marratxí,1,1,679.0,5,114072,1,1,15048,1.542,2.506,3.714,5.279,7.282,Mallorca,Inside Airbnb 2026-06,seccion_censal,0,0,0,16.2,6.9,3.74,5,0.06645401382243488
0703602003,07036,003,07,04,0703602,07036,"Balears, Illes",Illes Balears,ES,5,3,2,Marratxí,0,0,,0,0,0,0,15048,1.542,2.506,3.714,5.279,7.282,Mallorca,shapefile INE 2025 (sin datos de turismo),seccion_censal,0,0,0,16.2,6.9,3.74,0,0.0
0703602004,07036,004,07,04,0703602,07036,"Balears, Illes",Illes Balears,ES,5,3,2,Marratxí,1,1,342.4,6,43142,1,1,15048,1.542,2.506,3.714,5.279,7.282,Mallorca,Inside Airbnb 2026-06,seccion_censal,0,0,0,16.2,6.9,3.74,6,0.06645401382243488
0703602005,07036,005,07,04,0703602,07036,"Balears, Illes",Illes Balears,ES,5,3,2,Marratxí,0,0,,0,0,0,0,15048,1.542,2.506,3.714,5.279,7.282,Mallorca,shapefile INE 2025 (sin datos de turismo),seccion_censal,0,0,0,16.2,6.9,3.74,0,0.0
0703602006,07036,006,07,04,0703602,07036,"Balears, Illes",Illes Balears,ES,5,3,2,Marratxí,2,2,399.1,10,78646,2,2,15048,1.542,2.506,3.714,5.279,7.282,Mallorca,Inside Airbnb 2026-06,seccion_censal,0,0,0,16.2,6.9,3.74,10,0.13290802764486975
0703602007,07036,007,07,04,0703602,07036,"Balears, Illes",Illes Balears,ES,5,3,2,Marratxí,6,6,709.165,44,156484,6,6,15048,1.542,2.506,3.714,5.279,7.282,Mallorca,Inside Airbnb 2026-06,seccion_censal,0,0,0,16.2,6.9,3.74,44,0.39872408293460926
0703602008,07036,008,07,04,0703602,07036,"Balears, Illes",Illes Balears,ES,5,3,2,Marratxí,5,5,585.665,37,148186,5,5,15048,1.542,2.506,3.714,5.279,7.282,Mallorca,Inside Airbnb 2026-06,seccion_censal,0,0,0,16.2,6.9,3.74,37,0.3322700691121744
0703602009,07036,009,07,04,0703602,07036,"Balears, Illes",Illes Balears,ES,5,3,2,Marratxí,16,16,1058.33,125,473935,15,16,15048,1.542,2.506,3.714,5.279,7.282,Mallorca,Inside Airbnb 2026-06,seccion_censal,0,0,0,16.2,6.9,3.74,125,1.063264221158958
0703602010,07036,010,07,04,0703602,07036,"Balears, Illes",Illes Balears,ES,5,3,2,Marratxí,1,1,,6,0,1,1,15048,1.542,2.506,3.714,5.279,7.282,Mallorca,Inside Airbnb 2026-06,seccion_censal,0,0,0,16.2,6.9,3.74,6,0.06645401382243488
0703602011,07036,011,07,04,0703602,07036,"Balears, Illes",Illes Balears,ES,5,3,2,Marratxí,1,1,607.75,6,61991,1,1,15048,1.542,2.506,3.714,5.279,7.282,Mallorca,Inside Airbnb 2026-06,seccion_censal,0,0,0,16.2,6.9,3.74,6,0.06645401382243488
0703602012,07036,012,07,04,0703602,07036,"Balears, Illes",Illes Balears,ES,5,3,2,Marratxí,5,5,595.01,33,96627,5,5,15048,1.542,2.506,3.714,5.279,7.282,Mallorca,Inside Airbnb 2026-06,seccion_censal,0,0,0,16.2,6.9,3.74,33,0.3322700691121744
0703602013,07036,013,07,04,0703602,07036,"Balears, Illes",Illes Balears,ES,5,3,2,Marratxí,0,0,,0,0,0,0,15048,1.542,2.506,3.714,5.279,7.282,Mallorca,shapefile INE 2025 (sin datos de turismo),seccion_censal,0,0,0,16.2,6.9,3.74,0,0.0
0703602014,07036,014,07,04,0703602,07036,"Balears, Illes",Illes Balears,ES,5,3,2,Marratxí,0,0,,0,0,0,0,15048,1.542,2.506,3.714,5.279,7.282,Mallorca,shapefile INE 2025 (sin datos de turismo),seccion_censal,0,0,0,16.2,6.9,3.74,0,0.0
0703602015,07036,015,07,04,0703602,07036,"Balears, Illes",Illes Balears,ES,5,3,2,Marratxí,2,2,368.03499999999997,16,20136,2,2,15048,1.542,2.506,3.714,5.279,7.282,Mallorca,Inside Airbnb 2026-06,seccion_censal,0,0,0,16.2,6.9,3.74,16,0.13290802764486975
0703602016,07036,016,07,04,0703602,07036,"Balears, Illes",Illes Balears,ES,5,3,2,Marratxí,0,0,,0,0,0,0,15048,1.542,2.506,3.714,5.279,7.282,Mallorca,shapefile INE 2025 (sin datos de turismo),seccion_censal,0,0,0,16.2,6.9,3.74,0,0.0
0703701001,07037,001,07,04,0703701,07037,"Balears, Illes",Illes Balears,ES,5,3,3,"Mercadal, Es",7,2,245.0,24,27926,4,6,7208,392.0,681.0,1.66,3.477,5.568,Menorca,Inside Airbnb 2026-06,seccion_censal,0,0,0,16.2,6.9,3.74,24,0.9711431742508324
0703701002,07037,002,07,04,0703701,07037,"Balears, Illes",Illes Balears,ES,5,3,3,"Mercadal, Es",13,13,480.0,78,145421,10,13,7208,392.0,681.0,1.66,3.477,5.568,Menorca,Inside Airbnb 2026-06,seccion_censal,0,0,0,16.2,6.9,3.74,78,1.8035516093229744
0703801001,07038,001,07,04,0703801,07038,"Balears, Illes",Illes Balears,ES,5,3,2,Montuïri,1,1,295.0,6,5310,1,1,2197,722.0,1.766,3.135,4.827,6.971,Mallorca,Inside Airbnb 2026-06,seccion_censal,0,0,0,16.2,6.9,3.74,6,0.4551661356395084
0703802001,07038,001,07,04,0703802,07038,"Balears, Illes",Illes Balears,ES,5,3,2,Montuïri,43,35,371.25,255,639225,21,43,2197,742.0,1.508,3.023,4.985,7.441,Mallorca,Inside Airbnb 2026-06,seccion_censal,0,0,0,16.2,6.9,3.74,255,19.572143832498863
0703901001,07039,001,07,04,0703901,07039,"Balears, Illes",Illes Balears,ES,5,3,2,Muro,11,11,321.0,70,110240,9,11,5092,712.0,1.384,2.826,4.677,6.841,Mallorca,Inside Airbnb 2026-06,seccion_censal,0,0,0,16.2,6.9,3.74,70,2.16025137470542
0703901002,07039,002,07,04,0703901,07039,"Balears, Illes",Illes Balears,ES,5,3,2,Muro,265,261,466.0,1803,2612174,118,261,5092,712.0,1.384,2.826,4.677,6.841,Mallorca,Inside Airbnb 2026-06,seccion_censal,0,0,0,16.2,6.9,3.74,1803,52.04241948153967
0703902001,07039,001,07,04,0703902,07039,"Balears, Illes",Illes Balears,ES,5,3,2,Muro,12,12,111.68,49,34656,9,12,5092,874.0,1.778,3.075,4.736,6.558,Mallorca,Inside Airbnb 2026-06,seccion_censal,0,0,0,16.2,6.9,3.74,49,2.356637863315004
0703902002,07039,002,07,04,0703902,07039,"Balears, Illes",Illes Balears,ES,5,3,2,Muro,48,48,413.33,290,662283,29,48,5092,874.0,1.778,3.075,4.736,6.558,Mallorca,Inside Airbnb 2026-06,seccion_censal,0,0,0,16.2,6.9,3.74,290,9.426551453260016
0704001001,07040,001,07,04,0704001,07040,"Balears, Illes",Illes Balears,ES,5,3,2,Palma,12,12,194.805,31,404473,7,12,186482,796.0,1.428,2.351,3.722,5.717,Mallorca,Inside Airbnb 2026-06,seccion_censal,0,0,0,16.2,6.9,3.74,31,0.06434937420233589
0704001002,07040,002,07,04,0704001,07040,"Balears, Illes",Illes Balears,ES,5,3,2,Palma,24,12,362.42,77,76526,12,22,186482,796.0,1.428,2.351,3.722,5.717,Mallorca,Inside Airbnb 2026-06,seccion_censal,0,0,0,16.2,6.9,3.74,77,0.12869874840467177
0704001003,07040,003,07,04,0704001,07040,"Balears, Illes",Illes Balears,ES,5,3,2,Palma,17,15,242.625,45,451158,11,17,186482,796.0,1.428,2.351,3.722,5.717,Mallorca,Inside Airbnb 2026-06,seccion_censal,0,0,0,16.2,6.9,3.74,45,0.09116161345330917
0704001004,07040,004,07,04,0704001,07040,"Balears, Illes",Illes Balears,ES,5,3,2,Palma,11,11,128.3,36,192621,10,11,186482,796.0,1.428,2.351,3.722,5.717,Mallorca,Inside Airbnb 2026-06,seccion_censal,0,0,0,16.2,6.9,3.74,36,0.05898692635214122
0704001005,07040,005,07,04,0704001,07040,"Balears, Illes",Illes Balears,ES,5,3,2,Palma,32,30,286.25,78,931149,17,32,186482,796.0,1.428,2.351,3.722,5.717,Mallorca,Inside Airbnb 2026-06,seccion_censal,0,0,0,16.2,6.9,3.74,78,0.17159833120622903
0704001006,07040,006,07,04,0704001,07040,"Balears, Illes",Illes Balears,ES,5,3,2,Palma,13,10,211.5,27,203225,8,13,186482,796.0,1.428,2.351,3.722,5.717,Mallorca,Inside Airbnb 2026-06,seccion_censal,0,0,0,16.2,6.9,3.74,27,0.06971182205253054
0704001007,07040,007,07,04,0704001,07040,"Balears, Illes",Illes Balears,ES,5,3,2,Palma,19,19,293.75,49,405311,9,19,186482,796.0,1.428,2.351,3.722,5.717,Mallorca,Inside Airbnb 2026-06,seccion_censal,0,0,0,16.2,6.9,3.74,49,0.10188650915369848
0704001008,07040,008,07,04,0704001,07040,"Balears, Illes",Illes Balears,ES,5,3,2,Palma,15,15,129.22500000000002,52,345245,14,15,186482,796.0,1.428,2.351,3.722,5.717,Mallorca,Inside Airbnb 2026-06,seccion_censal,0,0,0,16.2,6.9,3.74,52,0.08043671775291986
0704001009,07040,009,07,04,0704001,07040,"Balears, Illes",Illes Balears,ES,5,3,2,Palma,3,3,71.9,10,60456,3,3,186482,796.0,1.428,2.351,3.722,5.717,Mallorca,Inside Airbnb 2026-06,seccion_censal,0,0,0,16.2,6.9,3.74,10,0.01608734355058397
0704001010,07040,010,07,04,0704001,07040,"Balears, Illes",Illes Balears,ES,5,3,2,Palma,6,4,108.235,14,29348,4,6,186482,796.0,1.428,2.351,3.722,5.717,Mallorca,Inside Airbnb 2026-06,seccion_censal,0,0,0,16.2,6.9,3.74,14,0.03217468710116794
0704001011,07040,011,07,04,0704001,07040,"Balears, Illes",Illes Balears,ES,5,3,2,Palma,8,5,218.0,36,1678,4,8,186482,796.0,1.428,2.351,3.722,5.717,Mallorca,Inside Airbnb 2026-06,seccion_censal,0,0,0,16.2,6.9,3.74,36,0.04289958280155726
0704001012,07040,012,07,04,0704001,07040,"Balears, Illes",Illes Balears,ES,5,3,2,Palma,22,16,273.605,62,857322,7,22,186482,796.0,1.428,2.351,3.722,5.717,Mallorca,Inside Airbnb 2026-06,seccion_censal,0,0,0,16.2,6.9,3.74,62,0.11797385270428244
0704001013,07040,013,07,04,0704001,07040,"Balears, Illes",Illes Balears,ES,5,3,2,Palma,14,10,137.55,33,94263,8,13,186482,796.0,1.428,2.351,3.722,5.717,Mallorca,Inside Airbnb 2026-06,seccion_censal,0,0,0,16.2,6.9,3.74,33,0.07507426990272519
0704001014,07040,014,07,04,0704001,07040,"Balears, Illes",Illes Balears,ES,5,3,2,Palma,3,2,179.0,11,23524,3,3,186482,796.0,1.428,2.351,3.722,5.717,Mallorca,Inside Airbnb 2026-06,seccion_censal,0,0,0,16.2,6.9,3.74,11,0.01608734355058397
0704001015,07040,015,07,04,0704001,07040,"Balears, Illes",Illes Balears,ES,5,3,2,Palma,4,4,256.665,14,95344,4,4,186482,796.0,1.428,2.351,3.722,5.717,Mallorca,Inside Airbnb 2026-06,seccion_censal,0,0,0,16.2,6.9,3.74,14,0.02144979140077863
0704001016,07040,016,07,04,0704001,07040,"Balears, Illes",Illes Balears,ES,5,3,2,Palma,0,0,,0,0,0,0,186482,796.0,1.428,2.351,3.722,5.717,Mallorca,shapefile INE 2025 (sin datos de turismo),seccion_censal,0,0,0,16.2,6.9,3.74,0,0.0
0704001017,07040,017,07,04,0704001,07040,"Balears, Illes",Illes Balears,ES,5,3,2,Palma,0,0,,0,0,0,0,186482,796.0,1.428,2.351,3.722,5.717,Mallorca,shapefile INE 2025 (sin datos de turismo),seccion_censal,0,0,0,16.2,6.9,3.74,0,0.0
0704001018,07040,018,07,04,0704001,07040,"Balears, Illes",Illes Balears,ES,5,3,2,Palma,14,14,88.495,48,204395,11,14,186482,796.0,1.428,2.351,3.722,5.717,Mallorca,Inside Airbnb 2026-06,seccion_censal,0,0,0,16.2,6.9,3.74,48,0.07507426990272519
0704001019,07040,019,07,04,0704001,07040,"Balears, Illes",Illes Balears,ES,5,3,2,Palma,52,48,307.8,198,1987426,22,52,186482,796.0,1.428,2.351,3.722,5.717,Mallorca,Inside Airbnb 2026-06,seccion_censal,0,0,0,16.2,6.9,3.74,198,0.27884728821012217
0704002001,07040,001,07,04,0704002,07040,"Balears, Illes",Illes Balears,ES,5,3,2,Palma,2,2,217.67000000000002,5,13732,2,2,186482,1.001,1.636,2.567,3.834,5.528,Mallorca,Inside Airbnb 2026-06,seccion_censal,0,0,0,16.2,6.9,3.74,5,0.010724895700389314
0704002002,07040,002,07,04,0704002,07040,"Balears, Illes",Illes Balears,ES,5,3,2,Palma,0,0,,0,0,0,0,186482,1.001,1.636,2.567,3.834,5.528,Mallorca,shapefile INE 2025 (sin datos de turismo),seccion_censal,0,0,0,16.2,6.9,3.74,0,0.0
0704002003,07040,003,07,04,0704002,07040,"Balears, Illes",Illes Balears,ES,5,3,2,Palma,15,13,249.6,32,109685,3,13,186482,1.001,1.636,2.567,3.834,5.528,Mallorca,Inside Airbnb 2026-06,seccion_censal,0,0,0,16.2,6.9,3.74,32,0.08043671775291986
0704002004,07040,004,07,04,0704002,07040,"Balears, Illes",Illes Balears,ES,5,3,2,Palma,3,2,113.14,10,6693,3,3,186482,1.001,1.636,2.567,3.834,5.528,Mallorca,Inside Airbnb 2026-06,seccion_censal,0,0,0,16.2,6.9,3.74,10,0.01608734355058397
0704002005,07040,005,07,04,0704002,07040,"Balears, Illes",Illes Balears,ES,5,3,2,Palma,1,1,513.67,6,49312,1,1,186482,1.001,1.636,2.567,3.834,5.528,Mallorca,Inside Airbnb 2026-06,seccion_censal,0,0,0,16.2,6.9,3.74,6,0.005362447850194657
0704002006,07040,006,07,04,0704002,07040,"Balears, Illes",Illes Balears,ES,5,3,2,Palma,19,17,216.0,76,344660,9,19,186482,1.001,1.636,2.567,3.834,5.528,Mallorca,Inside Airbnb 2026-06,seccion_censal,0,0,0,16.2,6.9,3.74,76,0.10188650915369848
0704002007,07040,007,07,04,0704002,07040,"Balears, Illes",Illes Balears,ES,5,3,2,Palma,12,12,331.16499999999996,65,565927,11,12,186482,1.001,1.636,2.567,3.834,5.528,Mallorca,Inside Airbnb 2026-06,seccion_censal,0,0,0,16.2,6.9,3.74,65,0.06434937420233589
0704002008,07040,008,07,04,0704002,07040,"Balears, Illes",Illes Balears,ES,5,3,2,Palma,4,4,230.835,14,110505,4,4,186482,1.001,1.636,2.567,3.834,5.528,Mallorca,Inside Airbnb 2026-06,seccion_censal,0,0,0,16.2,6.9,3.74,14,0.02144979140077863
0704002009,07040,009,07,04,0704002,07040,"Balears, Illes",Illes Balears,ES,5,3,2,Palma,6,5,562.55,20,81010,3,6,186482,1.001,1.636,2.567,3.834,5.528,Mallorca,Inside Airbnb 2026-06,seccion_censal,0,0,0,16.2,6.9,3.74,20,0.03217468710116794
0704002010,07040,010,07,04,0704002,07040,"Balears, Illes",Illes Balears,ES,5,3,2,Palma,3,3,582.0,15,198941,3,3,186482,1.001,1.636,2.567,3.834,5.528,Mallorca,Inside Airbnb 2026-06,seccion_censal,0,0,0,16.2,6.9,3.74,15,0.01608734355058397
0704002011,07040,011,07,04,0704002,07040,"Balears, Illes",Illes Balears,ES,5,3,2,Palma,14,12,179.67,44,202957,8,14,186482,1.001,1.636,2.567,3.834,5.528,Mallorca,Inside Airbnb 2026-06,seccion_censal,0,0,0,16.2,6.9,3.74,44,0.07507426990272519
0704002012,07040,012,07,04,0704002,07040,"Balears, Illes",Illes Balears,ES,5,3,2,Palma,13,13,133.775,49,293818,11,13,186482,1.001,1.636,2.567,3.834,5.528,Mallorca,Inside Airbnb 2026-06,seccion_censal,0,0,0,16.2,6.9,3.74,49,0.06971182205253054
0704002013,07040,013,07,04,0704002,07040,"Balears, Illes",Illes Balears,ES,5,3,2,Palma,5,4,131.65,30,176369,4,5,186482,1.001,1.636,2.567,3.834,5.528,Mallorca,Inside Airbnb 2026-06,seccion_censal,0,0,0,16.2,6.9,3.74,30,0.026812239250973285
0704002014,07040,014,07,04,0704002,07040,"Balears, Illes",Illes Balears,ES,5,3,2,Palma,14,14,739.43,98,283082,11,14,186482,1.001,1.636,2.567,3.834,5.528,Mallorca,Inside Airbnb 2026-06,seccion_censal,0,0,0,16.2,6.9,3.74,98,0.07507426990272519
0704002015,07040,015,07,04,0704002,07040,"Balears, Illes",Illes Balears,ES,5,3,2,Palma,8,8,647.7850000000001,60,340365,7,8,186482,1.001,1.636,2.567,3.834,5.528,Mallorca,Inside Airbnb 2026-06,seccion_censal,0,0,0,16.2,6.9,3.74,60,0.04289958280155726
0704002016,07040,016,07,04,0704002,07040,"Balears, Illes",Illes Balears,ES,5,3,2,Palma,11,7,206.75,31,286323,6,11,186482,1.001,1.636,2.567,3.834,5.528,Mallorca,Inside Airbnb 2026-06,seccion_censal,0,0,0,16.2,6.9,3.74,31,0.05898692635214122
0704002017,07040,017,07,04,0704002,07040,"Balears, Illes",Illes Balears,ES,5,3,2,Palma,15,14,100.47,35,113289,12,15,186482,1.001,1.636,2.567,3.834,5.528,Mallorca,Inside Airbnb 2026-06,seccion_censal,0,0,0,16.2,6.9,3.74,35,0.08043671775291986
0704002018,07040,018,07,04,0704002,07040,"Balears, Illes",Illes Balears,ES,5,3,2,Palma,17,10,221.0,76,637525,10,17,186482,1.001,1.636,2.567,3.834,5.528,Mallorca,Inside Airbnb 2026-06,seccion_censal,0,0,0,16.2,6.9,3.74,76,0.09116161345330917
0704002019,07040,019,07,04,0704002,07040,"Balears, Illes",Illes Balears,ES,5,3,2,Palma,1,1,240.0,2,56160,1,1,186482,1.001,1.636,2.567,3.834,5.528,Mallorca,Inside Airbnb 2026-06,seccion_censal,0,0,0,16.2,6.9,3.74,2,0.005362447850194657
0704002021,07040,021,07,04,0704002,07040,"Balears, Illes",Illes Balears,ES,5,3,2,Palma,1,1,408.57,7,88251,1,1,186482,1.001,1.636,2.567,3.834,5.528,Mallorca,Inside Airbnb 2026-06,seccion_censal,0,0,0,16.2,6.9,3.74,7,0.005362447850194657
0704002022,07040,022,07,04,0704002,07040,"Balears, Illes",Illes Balears,ES,5,3,2,Palma,6,6,90.9,16,24143,4,6,186482,1.001,1.636,2.567,3.834,5.528,Mallorca,Inside Airbnb 2026-06,seccion_censal,0,0,0,16.2,6.9,3.74,16,0.03217468710116794
0704002023,07040,023,07,04,0704002,07040,"Balears, Illes",Illes Balears,ES,5,3,2,Palma,5,5,102.28999999999999,17,48746,5,5,186482,1.001,1.636,2.567,3.834,5.528,Mallorca,Inside Airbnb 2026-06,seccion_censal,0,0,0,16.2,6.9,3.74,17,0.026812239250973285
0704002024,07040,024,07,04,0704002,07040,"Balears, Illes",Illes Balears,ES,5,3,2,Palma,5,5,127.48,18,88173,5,5,186482,1.001,1.636,2.567,3.834,5.528,Mallorca,Inside Airbnb 2026-06,seccion_censal,0,0,0,16.2,6.9,3.74,18,0.026812239250973285
0704002025,07040,025,07,04,0704002,07040,"Balears, Illes",Illes Balears,ES,5,3,2,Palma,4,4,296.115,17,74398,4,4,186482,1.001,1.636,2.567,3.834,5.528,Mallorca,Inside Airbnb 2026-06,seccion_censal,0,0,0,16.2,6.9,3.74,17,0.02144979140077863
0704002026,07040,026,07,04,0704002,07040,"Balears, Illes",Illes Balears,ES,5,3,2,Palma,2,2,127.035,5,20813,2,2,186482,1.001,1.636,2.567,3.834,5.528,Mallorca,Inside Airbnb 2026-06,seccion_censal,0,0,0,16.2,6.9,3.74,5,0.010724895700389314
0704002027,07040,027,07,04,0704002,07040,"Balears, Illes",Illes Balears,ES,5,3,2,Palma,4,4,375.02,16,127342,4,4,186482,1.001,1.636,2.567,3.834,5.528,Mallorca,Inside Airbnb 2026-06,seccion_censal,0,0,0,16.2,6.9,3.74,16,0.02144979140077863
0704002028,07040,028,07,04,0704002,07040,"Balears, Illes",Illes Balears,ES,5,3,2,Palma,5,5,977.67,43,447026,4,5,186482,1.001,1.636,2.567,3.834,5.528,Mallorca,Inside Airbnb 2026-06,seccion_censal,0,0,0,16.2,6.9,3.74,43,0.026812239250973285
0704002029,07040,029,07,04,0704002,07040,"Balears, Illes",Illes Balears,ES,5,3,2,Palma,1,1,219.96,4,13638,1,1,186482,1.001,1.636,2.567,3.834,5.528,Mallorca,Inside Airbnb 2026-06,seccion_censal,0,0,0,16.2,6.9,3.74,4,0.005362447850194657
0704002030,07040,030,07,04,0704002,07040,"Balears, Illes",Illes Balears,ES,5,3,2,Palma,1,0,29.13,1,7428,1,1,186482,1.001,1.636,2.567,3.834,5.528,Mallorca,Inside Airbnb 2026-06,seccion_censal,0,0,0,16.2,6.9,3.74,1,0.005362447850194657
0704002031,07040,031,07,04,0704002,07040,"Balears, Illes",Illes Balears,ES,5,3,2,Palma,4,4,233.735,17,156098,4,4,186482,1.001,1.636,2.567,3.834,5.528,Mallorca,Inside Airbnb 2026-06,seccion_censal,0,0,0,16.2,6.9,3.74,17,0.02144979140077863
0704002032,07040,032,07,04,0704002,07040,"Balears, Illes",Illes Balears,ES,5,3,2,Palma,4,3,286.0,11,124684,2,4,186482,1.001,1.636,2.567,3.834,5.528,Mallorca,Inside Airbnb 2026-06,seccion_censal,0,0,0,16.2,6.9,3.74,11,0.02144979140077863
0704002033,07040,033,07,04,0704002,07040,"Balears, Illes",Illes Balears,ES,5,3,2,Palma,6,4,144.235,21,288409,5,6,186482,1.001,1.636,2.567,3.834,5.528,Mallorca,Inside Airbnb 2026-06,seccion_censal,0,0,0,16.2,6.9,3.74,21,0.03217468710116794
0704002034,07040,034,07,04,0704002,07040,"Balears, Illes",Illes Balears,ES,5,3,2,Palma,7,2,53.34,20,52628,5,7,186482,1.001,1.636,2.567,3.834,5.528,Mallorca,Inside Airbnb 2026-06,seccion_censal,0,0,0,16.2,6.9,3.74,20,0.03753713495136259
0704002035,07040,035,07,04,0704002,07040,"Balears, Illes",Illes Balears,ES,5,3,2,Palma,4,0,280.0,8,32461,2,4,186482,1.001,1.636,2.567,3.834,5.528,Mallorca,Inside Airbnb 2026-06,seccion_censal,0,0,0,16.2,6.9,3.74,8,0.02144979140077863
0704002036,07040,036,07,04,0704002,07040,"Balears, Illes",Illes Balears,ES,5,3,2,Palma,1,0,120.83,2,1933,1,1,186482,1.001,1.636,2.567,3.834,5.528,Mallorca,Inside Airbnb 2026-06,seccion_censal,0,0,0,16.2,6.9,3.74,2,0.005362447850194657
0704002037,07040,037,07,04,0704002,07040,"Balears, Illes",Illes Balears,ES,5,3,2,Palma,0,0,,0,0,0,0,186482,1.001,1.636,2.567,3.834,5.528,Mallorca,shapefile INE 2025 (sin datos de turismo),seccion_censal,0,0,0,16.2,6.9,3.74,0,0.0
0704002038,07040,038,07,04,0704002,07040,"Balears, Illes",Illes Balears,ES,5,3,2,Palma,0,0,,0,0,0,0,186482,1.001,1.636,2.567,3.834,5.528,Mallorca,shapefile INE 2025 (sin datos de turismo),seccion_censal,0,0,0,16.2,6.9,3.74,0,0.0
0704002039,07040,039,07,04,0704002,07040,"Balears, Illes",Illes Balears,ES,5,3,2,Palma,2,2,112.565,10,16096,2,2,186482,1.001,1.636,2.567,3.834,5.528,Mallorca,Inside Airbnb 2026-06,seccion_censal,0,0,0,16.2,6.9,3.74,10,0.010724895700389314
0704002040,07040,040,07,04,0704002,07040,"Balears, Illes",Illes Balears,ES,5,3,2,Palma,1,0,22.68,1,5783,1,1,186482,1.001,1.636,2.567,3.834,5.528,Mallorca,Inside Airbnb 2026-06,seccion_censal,0,0,0,16.2,6.9,3.74,1,0.005362447850194657
0704002041,07040,041,07,04,0704002,07040,"Balears, Illes",Illes Balears,ES,5,3,2,Palma,1,0,,1,0,1,1,186482,1.001,1.636,2.567,3.834,5.528,Mallorca,Inside Airbnb 2026-06,seccion_censal,0,0,0,16.2,6.9,3.74,1,0.005362447850194657
0704002042,07040,042,07,04,0704002,07040,"Balears, Illes",Illes Balears,ES,5,3,2,Palma,0,0,,0,0,0,0,186482,1.001,1.636,2.567,3.834,5.528,Mallorca,shapefile INE 2025 (sin datos de turismo),seccion_censal,0,0,0,16.2,6.9,3.74,0,0.0
0704002043,07040,043,07,04,0704002,07040,"Balears, Illes",Illes Balears,ES,5,3,2,Palma,0,0,,0,0,0,0,186482,1.001,1.636,2.567,3.834,5.528,Mallorca,shapefile INE 2025 (sin datos de turismo),seccion_censal,0,0,0,16.2,6.9,3.74,0,0.0
0704002044,07040,044,07,04,0704002,07040,"Balears, Illes",Illes Balears,ES,5,3,2,Palma,0,0,,0,0,0,0,186482,1.001,1.636,2.567,3.834,5.528,Mallorca,shapefile INE 2025 (sin datos de turismo),seccion_censal,0,0,0,16.2,6.9,3.74,0,0.0
0704002045,07040,045,07,04,0704002,07040,"Balears, Illes",Illes Balears,ES,5,3,2,Palma,0,0,,0,0,0,0,186482,1.001,1.636,2.567,3.834,5.528,Mallorca,shapefile INE 2025 (sin datos de turismo),seccion_censal,0,0,0,16.2,6.9,3.74,0,0.0
0704002046,07040,046,07,04,0704002,07040,"Balears, Illes",Illes Balears,ES,5,3,2,Palma,0,0,,0,0,0,0,186482,1.001,1.636,2.567,3.834,5.528,Mallorca,shapefile INE 2025 (sin datos de turismo),seccion_censal,0,0,0,16.2,6.9,3.74,0,0.0
0704002047,07040,047,07,04,0704002,07040,"Balears, Illes",Illes Balears,ES,5,3,2,Palma,0,0,,0,0,0,0,186482,1.001,1.636,2.567,3.834,5.528,Mallorca,shapefile INE 2025 (sin datos de turismo),seccion_censal,0,0,0,16.2,6.9,3.74,0,0.0
0704002048,07040,048,07,04,0704002,07040,"Balears, Illes",Illes Balears,ES,5,3,2,Palma,2,2,296.8,10,0,2,2,186482,1.001,1.636,2.567,3.834,5.528,Mallorca,Inside Airbnb 2026-06,seccion_censal,0,0,0,16.2,6.9,3.74,10,0.010724895700389314
0704002049,07040,049,07,04,0704002,07040,"Balears, Illes",Illes Balears,ES,5,3,2,Palma,0,0,,0,0,0,0,186482,1.001,1.636,2.567,3.834,5.528,Mallorca,shapefile INE 2025 (sin datos de turismo),seccion_censal,0,0,0,16.2,6.9,3.74,0,0.0
0704002050,07040,050,07,04,0704002,07040,"Balears, Illes",Illes Balears,ES,5,3,2,Palma,1,1,311.0,4,0,1,1,186482,1.001,1.636,2.567,3.834,5.528,Mallorca,Inside Airbnb 2026-06,seccion_censal,0,0,0,16.2,6.9,3.74,4,0.005362447850194657
0704002051,07040,051,07,04,0704002,07040,"Balears, Illes",Illes Balears,ES,5,3,2,Palma,0,0,,0,0,0,0,186482,1.001,1.636,2.567,3.834,5.528,Mallorca,shapefile INE 2025 (sin datos de turismo),seccion_censal,0,0,0,16.2,6.9,3.74,0,0.0
0704002052,07040,052,07,04,0704002,07040,"Balears, Illes",Illes Balears,ES,5,3,2,Palma,0,0,,0,0,0,0,186482,1.001,1.636,2.567,3.834,5.528,Mallorca,shapefile INE 2025 (sin datos de turismo),seccion_censal,0,0,0,16.2,6.9,3.74,0,0.0
0704002053,07040,053,07,04,0704002,07040,"Balears, Illes",Illes Balears,ES,5,3,2,Palma,0,0,,0,0,0,0,186482,1.001,1.636,2.567,3.834,5.528,Mallorca,shapefile INE 2025 (sin datos de turismo),seccion_censal,0,0,0,16.2,6.9,3.74,0,0.0
0704002054,07040,054,07,04,0704002,07040,"Balears, Illes",Illes Balears,ES,5,3,2,Palma,5,5,581.67,32,114008,5,5,186482,1.001,1.636,2.567,3.834,5.528,Mallorca,Inside Airbnb 2026-06,seccion_censal,0,0,0,16.2,6.9,3.74,32,0.026812239250973285
0704002055,07040,055,07,04,0704002,07040,"Balears, Illes",Illes Balears,ES,5,3,2,Palma,0,0,,0,0,0,0,186482,1.001,1.636,2.567,3.834,5.528,Mallorca,shapefile INE 2025 (sin datos de turismo),seccion_censal,0,0,0,16.2,6.9,3.74,0,0.0
0704002056,07040,056,07,04,0704002,07040,"Balears, Illes",Illes Balears,ES,5,3,2,Palma,12,12,2335.645,97,56486,12,12,186482,1.001,1.636,2.567,3.834,5.528,Mallorca,Inside Airbnb 2026-06,seccion_censal,0,0,0,16.2,6.9,3.74,97,0.06434937420233589
0704002057,07040,057,07,04,0704002,07040,"Balears, Illes",Illes Balears,ES,5,3,2,Palma,3,0,43.31,3,0,1,3,186482,1.001,1.636,2.567,3.834,5.528,Mallorca,Inside Airbnb 2026-06,seccion_censal,0,0,0,16.2,6.9,3.74,3,0.01608734355058397
0704002058,07040,058,07,04,0704002,07040,"Balears, Illes",Illes Balears,ES,5,3,2,Palma,3,1,589.755,13,38216,2,3,186482,1.001,1.636,2.567,3.834,5.528,Mallorca,Inside Airbnb 2026-06,seccion_censal,0,0,0,16.2,6.9,3.74,13,0.01608734355058397
0704002059,07040,059,07,04,0704002,07040,"Balears, Illes",Illes Balears,ES,5,3,2,Palma,3,3,913.83,21,106580,3,3,186482,1.001,1.636,2.567,3.834,5.528,Mallorca,Inside Airbnb 2026-06,seccion_censal,0,0,0,16.2,6.9,3.74,21,0.01608734355058397
0704002060,07040,060,07,04,0704002,07040,"Balears, Illes",Illes Balears,ES,5,3,2,Palma,0,0,,0,0,0,0,186482,1.001,1.636,2.567,3.834,5.528,Mallorca,shapefile INE 2025 (sin datos de turismo),seccion_censal,0,0,0,16.2,6.9,3.74,0,0.0
0704002061,07040,061,07,04,0704002,07040,"Balears, Illes",Illes Balears,ES,5,3,2,Palma,0,0,,0,0,0,0,186482,1.001,1.636,2.567,3.834,5.528,Mallorca,shapefile INE 2025 (sin datos de turismo),seccion_censal,0,0,0,16.2,6.9,3.74,0,0.0
0704002062,07040,062,07,04,0704002,07040,"Balears, Illes",Illes Balears,ES,5,3,2,Palma,1,1,,3,0,1,1,186482,1.001,1.636,2.567,3.834,5.528,Mallorca,Inside Airbnb 2026-06,seccion_censal,0,0,0,16.2,6.9,3.74,3,0.005362447850194657
0704002064,07040,064,07,04,0704002,07040,"Balears, Illes",Illes Balears,ES,5,3,2,Palma,2,1,315.0,6,3780,2,2,186482,1.001,1.636,2.567,3.834,5.528,Mallorca,Inside Airbnb 2026-06,seccion_censal,0,0,0,16.2,6.9,3.74,6,0.010724895700389314
0704002065,07040,065,07,04,0704002,07040,"Balears, Illes",Illes Balears,ES,5,3,2,Palma,2,0,180.0,3,34920,1,2,186482,1.001,1.636,2.567,3.834,5.528,Mallorca,Inside Airbnb 2026-06,seccion_censal,0,0,0,16.2,6.9,3.74,3,0.010724895700389314
0704002066,07040,066,07,04,0704002,07040,"Balears, Illes",Illes Balears,ES,5,3,2,Palma,3,3,132.83,10,113585,3,3,186482,1.001,1.636,2.567,3.834,5.528,Mallorca,Inside Airbnb 2026-06,seccion_censal,0,0,0,16.2,6.9,3.74,10,0.01608734355058397
0704002067,07040,067,07,04,0704002,07040,"Balears, Illes",Illes Balears,ES,5,3,2,Palma,2,2,441.24,10,44356,2,2,186482,1.001,1.636,2.567,3.834,5.528,Mallorca,Inside Airbnb 2026-06,seccion_censal,0,0,0,16.2,6.9,3.74,10,0.010724895700389314
0704002068,07040,068,07,04,0704002,07040,"Balears, Illes",Illes Balears,ES,5,3,2,Palma,0,0,,0,0,0,0,186482,1.001,1.636,2.567,3.834,5.528,Mallorca,shapefile INE 2025 (sin datos de turismo),seccion_censal,0,0,0,16.2,6.9,3.74,0,0.0
0704002069,07040,069,07,04,0704002,07040,"Balears, Illes",Illes Balears,ES,5,3,2,Palma,0,0,,0,0,0,0,186482,1.001,1.636,2.567,3.834,5.528,Mallorca,shapefile INE 2025 (sin datos de turismo),seccion_censal,0,0,0,16.2,6.9,3.74,0,0.0
0704002070,07040,070,07,04,0704002,07040,"Balears, Illes",Illes Balears,ES,5,3,2,Palma,0,0,,0,0,0,0,186482,1.001,1.636,2.567,3.834,5.528,Mallorca,shapefile INE 2025 (sin datos de turismo),seccion_censal,0,0,0,16.2,6.9,3.74,0,0.0
0704003001,07040,001,07,04,0704003,07040,"Balears, Illes",Illes Balears,ES,5,3,2,Palma,3,3,396.0,8,28536,1,3,186482,1.058,1.68,2.576,3.786,5.338,Mallorca,Inside Airbnb 2026-06,seccion_censal,0,0,0,16.2,6.9,3.74,8,0.01608734355058397
0704003002,07040,002,07,04,0704003,07040,"Balears, Illes",Illes Balears,ES,5,3,2,Palma,2,2,201.415,8,13253,2,2,186482,1.058,1.68,2.576,3.786,5.338,Mallorca,Inside Airbnb 2026-06,seccion_censal,0,0,0,16.2,6.9,3.74,8,0.010724895700389314
0704003003,07040,003,07,04,0704003,07040,"Balears, Illes",Illes Balears,ES,5,3,2,Palma,2,1,98.76,6,8877,2,2,186482,1.058,1.68,2.576,3.786,5.338,Mallorca,Inside Airbnb 2026-06,seccion_censal,0,0,0,16.2,6.9,3.74,6,0.010724895700389314
0704003004,07040,004,07,04,0704003,07040,"Balears, Illes",Illes Balears,ES,5,3,2,Palma,0,0,,0,0,0,0,186482,1.058,1.68,2.576,3.786,5.338,Mallorca,shapefile INE 2025 (sin datos de turismo),seccion_censal,0,0,0,16.2,6.9,3.74,0,0.0
0704003005,07040,005,07,04,0704003,07040,"Balears, Illes",Illes Balears,ES,5,3,2,Palma,0,0,,0,0,0,0,186482,1.058,1.68,2.576,3.786,5.338,Mallorca,shapefile INE 2025 (sin datos de turismo),seccion_censal,0,0,0,16.2,6.9,3.74,0,0.0
0704003006,07040,006,07,04,0704003,07040,"Balears, Illes",Illes Balears,ES,5,3,2,Palma,4,4,270.625,18,89250,2,4,186482,1.058,1.68,2.576,3.786,5.338,Mallorca,Inside Airbnb 2026-06,seccion_censal,0,0,0,16.2,6.9,3.74,18,0.02144979140077863
0704003007,07040,007,07,04,0704003,07040,"Balears, Illes",Illes Balears,ES,5,3,2,Palma,1,1,277.4,3,0,1,1,186482,1.058,1.68,2.576,3.786,5.338,Mallorca,Inside Airbnb 2026-06,seccion_censal,0,0,0,16.2,6.9,3.74,3,0.005362447850194657
0704003008,07040,008,07,04,0704003,07040,"Balears, Illes",Illes Balears,ES,5,3,2,Palma,2,2,322.4,10,0,1,2,186482,1.058,1.68,2.576,3.786,5.338,Mallorca,Inside Airbnb 2026-06,seccion_censal,0,0,0,16.2,6.9,3.74,10,0.010724895700389314
0704003009,07040,009,07,04,0704003,07040,"Balears, Illes",Illes Balears,ES,5,3,2,Palma,1,1,277.4,5,0,1,1,186482,1.058,1.68,2.576,3.786,5.338,Mallorca,Inside Airbnb 2026-06,seccion_censal,0,0,0,16.2,6.9,3.74,5,0.005362447850194657
0704003010,07040,010,07,04,0704003,07040,"Balears, Illes",Illes Balears,ES,5,3,2,Palma,3,1,84.895,10,36455,2,3,186482,1.058,1.68,2.576,3.786,5.338,Mallorca,Inside Airbnb 2026-06,seccion_censal,0,0,0,16.2,6.9,3.74,10,0.01608734355058397
0704003011,07040,011,07,04,0704003,07040,"Balears, Illes",Illes Balears,ES,5,3,2,Palma,0,0,,0,0,0,0,186482,1.058,1.68,2.576,3.786,5.338,Mallorca,shapefile INE 2025 (sin datos de turismo),seccion_censal,0,0,0,16.2,6.9,3.74,0,0.0
0704003012,07040,012,07,04,0704003,07040,"Balears, Illes",Illes Balears,ES,5,3,2,Palma,1,1,344.0,4,45408,1,1,186482,1.058,1.68,2.576,3.786,5.338,Mallorca,Inside Airbnb 2026-06,seccion_censal,0,0,0,16.2,6.9,3.74,4,0.005362447850194657
0704003013,07040,013,07,04,0704003,07040,"Balears, Illes",Illes Balears,ES,5,3,2,Palma,0,0,,0,0,0,0,186482,1.058,1.68,2.576,3.786,5.338,Mallorca,shapefile INE 2025 (sin datos de turismo),seccion_censal,0,0,0,16.2,6.9,3.74,0,0.0
0704003014,07040,014,07,04,0704003,07040,"Balears, Illes",Illes Balears,ES,5,3,2,Palma,1,1,214.23,6,0,1,1,186482,1.058,1.68,2.576,3.786,5.338,Mallorca,Inside Airbnb 2026-06,seccion_censal,0,0,0,16.2,6.9,3.74,6,0.005362447850194657
0704003015,07040,015,07,04,0704003,07040,"Balears, Illes",Illes Balears,ES,5,3,2,Palma,0,0,,0,0,0,0,186482,1.058,1.68,2.576,3.786,5.338,Mallorca,shapefile INE 2025 (sin datos de turismo),seccion_censal,0,0,0,16.2,6.9,3.74,0,0.0
0704003016,07040,016,07,04,0704003,07040,"Balears, Illes",Illes Balears,ES,5,3,2,Palma,0,0,,0,0,0,0,186482,1.058,1.68,2.576,3.786,5.338,Mallorca,shapefile INE 2025 (sin datos de turismo),seccion_censal,0,0,0,16.2,6.9,3.74,0,0.0
0704003017,07040,017,07,04,0704003,07040,"Balears, Illes",Illes Balears,ES,5,3,2,Palma,3,3,548.33,22,188842,2,3,186482,1.058,1.68,2.576,3.786,5.338,Mallorca,Inside Airbnb 2026-06,seccion_censal,0,0,0,16.2,6.9,3.74,22,0.01608734355058397
0704003018,07040,018,07,04,0704003,07040,"Balears, Illes",Illes Balears,ES,5,3,2,Palma,1,1,128.87,4,32862,1,1,186482,1.058,1.68,2.576,3.786,5.338,Mallorca,Inside Airbnb 2026-06,seccion_censal,0,0,0,16.2,6.9,3.74,4,0.005362447850194657
0704003019,07040,019,07,04,0704003,07040,"Balears, Illes",Illes Balears,ES,5,3,2,Palma,0,0,,0,0,0,0,186482,1.058,1.68,2.576,3.786,5.338,Mallorca,shapefile INE 2025 (sin datos de turismo),seccion_censal,0,0,0,16.2,6.9,3.74,0,0.0
0704003020,07040,020,07,04,0704003,07040,"Balears, Illes",Illes Balears,ES,5,3,2,Palma,0,0,,0,0,0,0,186482,1.058,1.68,2.576,3.786,5.338,Mallorca,shapefile INE 2025 (sin datos de turismo),seccion_censal,0,0,0,16.2,6.9,3.74,0,0.0
0704003021,07040,021,07,04,0704003,07040,"Balears, Illes",Illes Balears,ES,5,3,2,Palma,1,0,59.6,4,0,1,1,186482,1.058,1.68,2.576,3.786,5.338,Mallorca,Inside Airbnb 2026-06,seccion_censal,0,0,0,16.2,6.9,3.74,4,0.005362447850194657
0704003022,07040,022,07,04,0704003,07040,"Balears, Illes",Illes Balears,ES,5,3,2,Palma,1,0,110.8,4,0,1,1,186482,1.058,1.68,2.576,3.786,5.338,Mallorca,Inside Airbnb 2026-06,seccion_censal,0,0,0,16.2,6.9,3.74,4,0.005362447850194657
0704003023,07040,023,07,04,0704003,07040,"Balears, Illes",Illes Balears,ES,5,3,2,Palma,0,0,,0,0,0,0,186482,1.058,1.68,2.576,3.786,5.338,Mallorca,shapefile INE 2025 (sin datos de turismo),seccion_censal,0,0,0,16.2,6.9,3.74,0,0.0
0704003024,07040,024,07,04,0704003,07040,"Balears, Illes",Illes Balears,ES,5,3,2,Palma,1,1,685.0,6,57540,1,1,186482,1.058,1.68,2.576,3.786,5.338,Mallorca,Inside Airbnb 2026-06,seccion_censal,0,0,0,16.2,6.9,3.74,6,0.005362447850194657
0704003025,07040,025,07,04,0704003,07040,"Balears, Illes",Illes Balears,ES,5,3,2,Palma,0,0,,0,0,0,0,186482,1.058,1.68,2.576,3.786,5.338,Mallorca,shapefile INE 2025 (sin datos de turismo),seccion_censal,0,0,0,16.2,6.9,3.74,0,0.0
0704003026,07040,026,07,04,0704003,07040,"Balears, Illes",Illes Balears,ES,5,3,2,Palma,0,0,,0,0,0,0,186482,1.058,1.68,2.576,3.786,5.338,Mallorca,shapefile INE 2025 (sin datos de turismo),seccion_censal,0,0,0,16.2,6.9,3.74,0,0.0
0704003027,07040,027,07,04,0704003,07040,"Balears, Illes",Illes Balears,ES,5,3,2,Palma,0,0,,0,0,0,0,186482,1.058,1.68,2.576,3.786,5.338,Mallorca,shapefile INE 2025 (sin datos de turismo),seccion_censal,0,0,0,16.2,6.9,3.74,0,0.0
0704003028,07040,028,07,04,0704003,07040,"Balears, Illes",Illes Balears,ES,5,3,2,Palma,0,0,,0,0,0,0,186482,1.058,1.68,2.576,3.786,5.338,Mallorca,shapefile INE 2025 (sin datos de turismo),seccion_censal,0,0,0,16.2,6.9,3.74,0,0.0
0704003029,07040,029,07,04,0704003,07040,"Balears, Illes",Illes Balears,ES,5,3,2,Palma,0,0,,0,0,0,0,186482,1.058,1.68,2.576,3.786,5.338,Mallorca,shapefile INE 2025 (sin datos de turismo),seccion_censal,0,0,0,16.2,6.9,3.74,0,0.0
0704003030,07040,030,07,04,0704003,07040,"Balears, Illes",Illes Balears,ES,5,3,2,Palma,0,0,,0,0,0,0,186482,1.058,1.68,2.576,3.786,5.338,Mallorca,shapefile INE 2025 (sin datos de turismo),seccion_censal,0,0,0,16.2,6.9,3.74,0,0.0
0704003031,07040,031,07,04,0704003,07040,"Balears, Illes",Illes Balears,ES,5,3,2,Palma,0,0,,0,0,0,0,186482,1.058,1.68,2.576,3.786,5.338,Mallorca,shapefile INE 2025 (sin datos de turismo),seccion_censal,0,0,0,16.2,6.9,3.74,0,0.0
0704003032,07040,032,07,04,0704003,07040,"Balears, Illes",Illes Balears,ES,5,3,2,Palma,0,0,,0,0,0,0,186482,1.058,1.68,2.576,3.786,5.338,Mallorca,shapefile INE 2025 (sin datos de turismo),seccion_censal,0,0,0,16.2,6.9,3.74,0,0.0
0704003033,07040,033,07,04,0704003,07040,"Balears, Illes",Illes Balears,ES,5,3,2,Palma,0,0,,0,0,0,0,186482,1.058,1.68,2.576,3.786,5.338,Mallorca,shapefile INE 2025 (sin datos de turismo),seccion_censal,0,0,0,16.2,6.9,3.74,0,0.0
0704003034,07040,034,07,04,0704003,07040,"Balears, Illes",Illes Balears,ES,5,3,2,Palma,0,0,,0,0,0,0,186482,1.058,1.68,2.576,3.786,5.338,Mallorca,shapefile INE 2025 (sin datos de turismo),seccion_censal,0,0,0,16.2,6.9,3.74,0,0.0
0704003035,07040,035,07,04,0704003,07040,"Balears, Illes",Illes Balears,ES,5,3,2,Palma,5,5,524.255,41,122451,5,5,186482,1.058,1.68,2.576,3.786,5.338,Mallorca,Inside Airbnb 2026-06,seccion_censal,0,0,0,16.2,6.9,3.74,41,0.026812239250973285
0704003036,07040,036,07,04,0704003,07040,"Balears, Illes",Illes Balears,ES,5,3,2,Palma,9,9,619.15,55,348092,8,9,186482,1.058,1.68,2.576,3.786,5.338,Mallorca,Inside Airbnb 2026-06,seccion_censal,0,0,0,16.2,6.9,3.74,55,0.04826203065175191
0704003037,07040,037,07,04,0704003,07040,"Balears, Illes",Illes Balears,ES,5,3,2,Palma,5,5,357.0,34,109800,5,5,186482,1.058,1.68,2.576,3.786,5.338,Mallorca,Inside Airbnb 2026-06,seccion_censal,0,0,0,16.2,6.9,3.74,34,0.026812239250973285
0704003038,07040,038,07,04,0704003,07040,"Balears, Illes",Illes Balears,ES,5,3,2,Palma,10,10,726.0,88,347442,10,10,186482,1.058,1.68,2.576,3.786,5.338,Mallorca,Inside Airbnb 2026-06,seccion_censal,0,0,0,16.2,6.9,3.74,88,0.05362447850194657
0704003039,07040,039,07,04,0704003,07040,"Balears, Illes",Illes Balears,ES,5,3,2,Palma,7,7,705.0,52,283409,7,7,186482,1.058,1.68,2.576,3.786,5.338,Mallorca,Inside Airbnb 2026-06,seccion_censal,0,0,0,16.2,6.9,3.74,52,0.03753713495136259
0704003040,07040,040,07,04,0704003,07040,"Balears, Illes",Illes Balears,ES,5,3,2,Palma,0,0,,0,0,0,0,186482,1.058,1.68,2.576,3.786,5.338,Mallorca,shapefile INE 2025 (sin datos de turismo),seccion_censal,0,0,0,16.2,6.9,3.74,0,0.0
0704003041,07040,041,07,04,0704003,07040,"Balears, Illes",Illes Balears,ES,5,3,2,Palma,0,0,,0,0,0,0,186482,1.058,1.68,2.576,3.786,5.338,Mallorca,shapefile INE 2025 (sin datos de turismo),seccion_censal,0,0,0,16.2,6.9,3.74,0,0.0
0704003042,07040,042,07,04,0704003,07040,"Balears, Illes",Illes Balears,ES,5,3,2,Palma,2,0,118.47999999999999,4,23233,1,2,186482,1.058,1.68,2.576,3.786,5.338,Mallorca,Inside Airbnb 2026-06,seccion_censal,0,0,0,16.2,6.9,3.74,4,0.010724895700389314
0704003043,07040,043,07,04,0704003,07040,"Balears, Illes",Illes Balears,ES,5,3,2,Palma,0,0,,0,0,0,0,186482,1.058,1.68,2.576,3.786,5.338,Mallorca,shapefile INE 2025 (sin datos de turismo),seccion_censal,0,0,0,16.2,6.9,3.74,0,0.0
0704003045,07040,045,07,04,0704003,07040,"Balears, Illes",Illes Balears,ES,5,3,2,Palma,0,0,,0,0,0,0,186482,1.058,1.68,2.576,3.786,5.338,Mallorca,shapefile INE 2025 (sin datos de turismo),seccion_censal,0,0,0,16.2,6.9,3.74,0,0.0
0704003046,07040,046,07,04,0704003,07040,"Balears, Illes",Illes Balears,ES,5,3,2,Palma,0,0,,0,0,0,0,186482,1.058,1.68,2.576,3.786,5.338,Mallorca,shapefile INE 2025 (sin datos de turismo),seccion_censal,0,0,0,16.2,6.9,3.74,0,0.0
0704003047,07040,047,07,04,0704003,07040,"Balears, Illes",Illes Balears,ES,5,3,2,Palma,0,0,,0,0,0,0,186482,1.058,1.68,2.576,3.786,5.338,Mallorca,shapefile INE 2025 (sin datos de turismo),seccion_censal,0,0,0,16.2,6.9,3.74,0,0.0
0704003048,07040,048,07,04,0704003,07040,"Balears, Illes",Illes Balears,ES,5,3,2,Palma,0,0,,0,0,0,0,186482,1.058,1.68,2.576,3.786,5.338,Mallorca,shapefile INE 2025 (sin datos de turismo),seccion_censal,0,0,0,16.2,6.9,3.74,0,0.0
0704003049,07040,049,07,04,0704003,07040,"Balears, Illes",Illes Balears,ES,5,3,2,Palma,6,6,456.47,54,83445,6,6,186482,1.058,1.68,2.576,3.786,5.338,Mallorca,Inside Airbnb 2026-06,seccion_censal,0,0,0,16.2,6.9,3.74,54,0.03217468710116794
0704003050,07040,050,07,04,0704003,07040,"Balears, Illes",Illes Balears,ES,5,3,2,Palma,1,1,105.0,1,15750,1,1,186482,1.058,1.68,2.576,3.786,5.338,Mallorca,Inside Airbnb 2026-06,seccion_censal,0,0,0,16.2,6.9,3.74,1,0.005362447850194657
0704003051,07040,051,07,04,0704003,07040,"Balears, Illes",Illes Balears,ES,5,3,2,Palma,0,0,,0,0,0,0,186482,1.058,1.68,2.576,3.786,5.338,Mallorca,shapefile INE 2025 (sin datos de turismo),seccion_censal,0,0,0,16.2,6.9,3.74,0,0.0
0704003052,07040,052,07,04,0704003,07040,"Balears, Illes",Illes Balears,ES,5,3,2,Palma,1,1,345.6,4,10368,1,1,186482,1.058,1.68,2.576,3.786,5.338,Mallorca,Inside Airbnb 2026-06,seccion_censal,0,0,0,16.2,6.9,3.74,4,0.005362447850194657
0704003053,07040,053,07,04,0704003,07040,"Balears, Illes",Illes Balears,ES,5,3,2,Palma,0,0,,0,0,0,0,186482,1.058,1.68,2.576,3.786,5.338,Mallorca,shapefile INE 2025 (sin datos de turismo),seccion_censal,0,0,0,16.2,6.9,3.74,0,0.0
0704003054,07040,054,07,04,0704003,07040,"Balears, Illes",Illes Balears,ES,5,3,2,Palma,2,2,777.7149999999999,20,11640,2,2,186482,1.058,1.68,2.576,3.786,5.338,Mallorca,Inside Airbnb 2026-06,seccion_censal,0,0,0,16.2,6.9,3.74,20,0.010724895700389314
0704003055,07040,055,07,04,0704003,07040,"Balears, Illes",Illes Balears,ES,5,3,2,Palma,0,0,,0,0,0,0,186482,1.058,1.68,2.576,3.786,5.338,Mallorca,shapefile INE 2025 (sin datos de turismo),seccion_censal,0,0,0,16.2,6.9,3.74,0,0.0
0704004001,07040,001,07,04,0704004,07040,"Balears, Illes",Illes Balears,ES,5,3,2,Palma,2,2,124.60499999999999,7,43716,2,2,186482,1.039,1.681,2.595,3.808,5.281,Mallorca,Inside Airbnb 2026-06,seccion_censal,0,0,0,16.2,6.9,3.74,7,0.010724895700389314
0704004002,07040,002,07,04,0704004,07040,"Balears, Illes",Illes Balears,ES,5,3,2,Palma,3,1,53.1,7,13718,3,3,186482,1.039,1.681,2.595,3.808,5.281,Mallorca,Inside Airbnb 2026-06,seccion_censal,0,0,0,16.2,6.9,3.74,7,0.01608734355058397
0704004003,07040,003,07,04,0704004,07040,"Balears, Illes",Illes Balears,ES,5,3,2,Palma,2,0,45.71,3,13934,1,2,186482,1.039,1.681,2.595,3.808,5.281,Mallorca,Inside Airbnb 2026-06,seccion_censal,0,0,0,16.2,6.9,3.74,3,0.010724895700389314
0704004004,07040,004,07,04,0704004,07040,"Balears, Illes",Illes Balears,ES,5,3,2,Palma,6,4,134.415,21,90756,6,6,186482,1.039,1.681,2.595,3.808,5.281,Mallorca,Inside Airbnb 2026-06,seccion_censal,0,0,0,16.2,6.9,3.74,21,0.03217468710116794
0704004005,07040,005,07,04,0704004,07040,"Balears, Illes",Illes Balears,ES,5,3,2,Palma,0,0,,0,0,0,0,186482,1.039,1.681,2.595,3.808,5.281,Mallorca,shapefile INE 2025 (sin datos de turismo),seccion_censal,0,0,0,16.2,6.9,3.74,0,0.0
0704004006,07040,006,07,04,0704004,07040,"Balears, Illes",Illes Balears,ES,5,3,2,Palma,2,2,124.91999999999999,7,0,2,2,186482,1.039,1.681,2.595,3.808,5.281,Mallorca,Inside Airbnb 2026-06,seccion_censal,0,0,0,16.2,6.9,3.74,7,0.010724895700389314
0704004007,07040,007,07,04,0704004,07040,"Balears, Illes",Illes Balears,ES,5,3,2,Palma,0,0,,0,0,0,0,186482,1.039,1.681,2.595,3.808,5.281,Mallorca,shapefile INE 2025 (sin datos de turismo),seccion_censal,0,0,0,16.2,6.9,3.74,0,0.0
0704004008,07040,008,07,04,0704004,07040,"Balears, Illes",Illes Balears,ES,5,3,2,Palma,1,1,120.58,3,28939,1,1,186482,1.039,1.681,2.595,3.808,5.281,Mallorca,Inside Airbnb 2026-06,seccion_censal,0,0,0,16.2,6.9,3.74,3,0.005362447850194657
0704004009,07040,009,07,04,0704004,07040,"Balears, Illes",Illes Balears,ES,5,3,2,Palma,0,0,,0,0,0,0,186482,1.039,1.681,2.595,3.808,5.281,Mallorca,shapefile INE 2025 (sin datos de turismo),seccion_censal,0,0,0,16.2,6.9,3.74,0,0.0
0704004010,07040,010,07,04,0704004,07040,"Balears, Illes",Illes Balears,ES,5,3,2,Palma,0,0,,0,0,0,0,186482,1.039,1.681,2.595,3.808,5.281,Mallorca,shapefile INE 2025 (sin datos de turismo),seccion_censal,0,0,0,16.2,6.9,3.74,0,0.0
0704004011,07040,011,07,04,0704004,07040,"Balears, Illes",Illes Balears,ES,5,3,2,Palma,1,1,1052.0,5,31560,1,1,186482,1.039,1.681,2.595,3.808,5.281,Mallorca,Inside Airbnb 2026-06,seccion_censal,0,0,0,16.2,6.9,3.74,5,0.005362447850194657
0704004012,07040,012,07,04,0704004,07040,"Balears, Illes",Illes Balears,ES,5,3,2,Palma,0,0,,0,0,0,0,186482,1.039,1.681,2.595,3.808,5.281,Mallorca,shapefile INE 2025 (sin datos de turismo),seccion_censal,0,0,0,16.2,6.9,3.74,0,0.0
0704004013,07040,013,07,04,0704004,07040,"Balears, Illes",Illes Balears,ES,5,3,2,Palma,0,0,,0,0,0,0,186482,1.039,1.681,2.595,3.808,5.281,Mallorca,shapefile INE 2025 (sin datos de turismo),seccion_censal,0,0,0,16.2,6.9,3.74,0,0.0
0704004014,07040,014,07,04,0704004,07040,"Balears, Illes",Illes Balears,ES,5,3,2,Palma,1,1,104.49,4,0,1,1,186482,1.039,1.681,2.595,3.808,5.281,Mallorca,Inside Airbnb 2026-06,seccion_censal,0,0,0,16.2,6.9,3.74,4,0.005362447850194657
0704004015,07040,015,07,04,0704004,07040,"Balears, Illes",Illes Balears,ES,5,3,2,Palma,0,0,,0,0,0,0,186482,1.039,1.681,2.595,3.808,5.281,Mallorca,shapefile INE 2025 (sin datos de turismo),seccion_censal,0,0,0,16.2,6.9,3.74,0,0.0
0704004016,07040,016,07,04,0704004,07040,"Balears, Illes",Illes Balears,ES,5,3,2,Palma,0,0,,0,0,0,0,186482,1.039,1.681,2.595,3.808,5.281,Mallorca,shapefile INE 2025 (sin datos de turismo),seccion_censal,0,0,0,16.2,6.9,3.74,0,0.0
0704004017,07040,017,07,04,0704004,07040,"Balears, Illes",Illes Balears,ES,5,3,2,Palma,0,0,,0,0,0,0,186482,1.039,1.681,2.595,3.808,5.281,Mallorca,shapefile INE 2025 (sin datos de turismo),seccion_censal,0,0,0,16.2,6.9,3.74,0,0.0
0704004018,07040,018,07,04,0704004,07040,"Balears, Illes",Illes Balears,ES,5,3,2,Palma,0,0,,0,0,0,0,186482,1.039,1.681,2.595,3.808,5.281,Mallorca,shapefile INE 2025 (sin datos de turismo),seccion_censal,0,0,0,16.2,6.9,3.74,0,0.0
0704004019,07040,019,07,04,0704004,07040,"Balears, Illes",Illes Balears,ES,5,3,2,Palma,0,0,,0,0,0,0,186482,1.039,1.681,2.595,3.808,5.281,Mallorca,shapefile INE 2025 (sin datos de turismo),seccion_censal,0,0,0,16.2,6.9,3.74,0,0.0
0704004020,07040,020,07,04,0704004,07040,"Balears, Illes",Illes Balears,ES,5,3,2,Palma,0,0,,0,0,0,0,186482,1.039,1.681,2.595,3.808,5.281,Mallorca,shapefile INE 2025 (sin datos de turismo),seccion_censal,0,0,0,16.2,6.9,3.74,0,0.0
0704004021,07040,021,07,04,0704004,07040,"Balears, Illes",Illes Balears,ES,5,3,2,Palma,0,0,,0,0,0,0,186482,1.039,1.681,2.595,3.808,5.281,Mallorca,shapefile INE 2025 (sin datos de turismo),seccion_censal,0,0,0,16.2,6.9,3.74,0,0.0
0704004022,07040,022,07,04,0704004,07040,"Balears, Illes",Illes Balears,ES,5,3,2,Palma,0,0,,0,0,0,0,186482,1.039,1.681,2.595,3.808,5.281,Mallorca,shapefile INE 2025 (sin datos de turismo),seccion_censal,0,0,0,16.2,6.9,3.74,0,0.0
0704004023,07040,023,07,04,0704004,07040,"Balears, Illes",Illes Balears,ES,5,3,2,Palma,0,0,,0,0,0,0,186482,1.039,1.681,2.595,3.808,5.281,Mallorca,shapefile INE 2025 (sin datos de turismo),seccion_censal,0,0,0,16.2,6.9,3.74,0,0.0
0704004024,07040,024,07,04,0704004,07040,"Balears, Illes",Illes Balears,ES,5,3,2,Palma,0,0,,0,0,0,0,186482,1.039,1.681,2.595,3.808,5.281,Mallorca,shapefile INE 2025 (sin datos de turismo),seccion_censal,0,0,0,16.2,6.9,3.74,0,0.0
0704004026,07040,026,07,04,0704004,07040,"Balears, Illes",Illes Balears,ES,5,3,2,Palma,1,0,89.21,2,0,1,1,186482,1.039,1.681,2.595,3.808,5.281,Mallorca,Inside Airbnb 2026-06,seccion_censal,0,0,0,16.2,6.9,3.74,2,0.005362447850194657
0704004027,07040,027,07,04,0704004,07040,"Balears, Illes",Illes Balears,ES,5,3,2,Palma,3,2,87.11500000000001,10,0,3,3,186482,1.039,1.681,2.595,3.808,5.281,Mallorca,Inside Airbnb 2026-06,seccion_censal,0,0,0,16.2,6.9,3.74,10,0.01608734355058397
0704004028,07040,028,07,04,0704004,07040,"Balears, Illes",Illes Balears,ES,5,3,2,Palma,0,0,,0,0,0,0,186482,1.039,1.681,2.595,3.808,5.281,Mallorca,shapefile INE 2025 (sin datos de turismo),seccion_censal,0,0,0,16.2,6.9,3.74,0,0.0
0704004029,07040,029,07,04,0704004,07040,"Balears, Illes",Illes Balears,ES,5,3,2,Palma,0,0,,0,0,0,0,186482,1.039,1.681,2.595,3.808,5.281,Mallorca,shapefile INE 2025 (sin datos de turismo),seccion_censal,0,0,0,16.2,6.9,3.74,0,0.0
0704004030,07040,030,07,04,0704004,07040,"Balears, Illes",Illes Balears,ES,5,3,2,Palma,3,1,257.0,8,29310,2,3,186482,1.039,1.681,2.595,3.808,5.281,Mallorca,Inside Airbnb 2026-06,seccion_censal,0,0,0,16.2,6.9,3.74,8,0.01608734355058397
0704004031,07040,031,07,04,0704004,07040,"Balears, Illes",Illes Balears,ES,5,3,2,Palma,2,2,214.64499999999998,10,75422,2,2,186482,1.039,1.681,2.595,3.808,5.281,Mallorca,Inside Airbnb 2026-06,seccion_censal,0,0,0,16.2,6.9,3.74,10,0.010724895700389314
0704004032,07040,032,07,04,0704004,07040,"Balears, Illes",Illes Balears,ES,5,3,2,Palma,0,0,,0,0,0,0,186482,1.039,1.681,2.595,3.808,5.281,Mallorca,shapefile INE 2025 (sin datos de turismo),seccion_censal,0,0,0,16.2,6.9,3.74,0,0.0
0704004033,07040,033,07,04,0704004,07040,"Balears, Illes",Illes Balears,ES,5,3,2,Palma,2,1,76.2,4,23640,2,2,186482,1.039,1.681,2.595,3.808,5.281,Mallorca,Inside Airbnb 2026-06,seccion_censal,0,0,0,16.2,6.9,3.74,4,0.010724895700389314
0704004034,07040,034,07,04,0704004,07040,"Balears, Illes",Illes Balears,ES,5,3,2,Palma,1,1,333.0,5,17982,1,1,186482,1.039,1.681,2.595,3.808,5.281,Mallorca,Inside Airbnb 2026-06,seccion_censal,0,0,0,16.2,6.9,3.74,5,0.005362447850194657
0704004035,07040,035,07,04,0704004,07040,"Balears, Illes",Illes Balears,ES,5,3,2,Palma,2,0,108.075,4,5618,1,2,186482,1.039,1.681,2.595,3.808,5.281,Mallorca,Inside Airbnb 2026-06,seccion_censal,0,0,0,16.2,6.9,3.74,4,0.010724895700389314
0704004036,07040,036,07,04,0704004,07040,"Balears, Illes",Illes Balears,ES,5,3,2,Palma,0,0,,0,0,0,0,186482,1.039,1.681,2.595,3.808,5.281,Mallorca,shapefile INE 2025 (sin datos de turismo),seccion_censal,0,0,0,16.2,6.9,3.74,0,0.0
0704004037,07040,037,07,04,0704004,07040,"Balears, Illes",Illes Balears,ES,5,3,2,Palma,2,0,87.565,3,822,2,2,186482,1.039,1.681,2.595,3.808,5.281,Mallorca,Inside Airbnb 2026-06,seccion_censal,0,0,0,16.2,6.9,3.74,3,0.010724895700389314
0704004038,07040,038,07,04,0704004,07040,"Balears, Illes",Illes Balears,ES,5,3,2,Palma,0,0,,0,0,0,0,186482,1.039,1.681,2.595,3.808,5.281,Mallorca,shapefile INE 2025 (sin datos de turismo),seccion_censal,0,0,0,16.2,6.9,3.74,0,0.0
0704004039,07040,039,07,04,0704004,07040,"Balears, Illes",Illes Balears,ES,5,3,2,Palma,0,0,,0,0,0,0,186482,1.039,1.681,2.595,3.808,5.281,Mallorca,shapefile INE 2025 (sin datos de turismo),seccion_censal,0,0,0,16.2,6.9,3.74,0,0.0
0704004040,07040,040,07,04,0704004,07040,"Balears, Illes",Illes Balears,ES,5,3,2,Palma,0,0,,0,0,0,0,186482,1.039,1.681,2.595,3.808,5.281,Mallorca,shapefile INE 2025 (sin datos de turismo),seccion_censal,0,0,0,16.2,6.9,3.74,0,0.0
0704004041,07040,041,07,04,0704004,07040,"Balears, Illes",Illes Balears,ES,5,3,2,Palma,0,0,,0,0,0,0,186482,1.039,1.681,2.595,3.808,5.281,Mallorca,shapefile INE 2025 (sin datos de turismo),seccion_censal,0,0,0,16.2,6.9,3.74,0,0.0
0704004042,07040,042,07,04,0704004,07040,"Balears, Illes",Illes Balears,ES,5,3,2,Palma,0,0,,0,0,0,0,186482,1.039,1.681,2.595,3.808,5.281,Mallorca,shapefile INE 2025 (sin datos de turismo),seccion_censal,0,0,0,16.2,6.9,3.74,0,0.0
0704004043,07040,043,07,04,0704004,07040,"Balears, Illes",Illes Balears,ES,5,3,2,Palma,0,0,,0,0,0,0,186482,1.039,1.681,2.595,3.808,5.281,Mallorca,shapefile INE 2025 (sin datos de turismo),seccion_censal,0,0,0,16.2,6.9,3.74,0,0.0
0704004044,07040,044,07,04,0704004,07040,"Balears, Illes",Illes Balears,ES,5,3,2,Palma,0,0,,0,0,0,0,186482,1.039,1.681,2.595,3.808,5.281,Mallorca,shapefile INE 2025 (sin datos de turismo),seccion_censal,0,0,0,16.2,6.9,3.74,0,0.0
0704004045,07040,045,07,04,0704004,07040,"Balears, Illes",Illes Balears,ES,5,3,2,Palma,0,0,,0,0,0,0,186482,1.039,1.681,2.595,3.808,5.281,Mallorca,shapefile INE 2025 (sin datos de turismo),seccion_censal,0,0,0,16.2,6.9,3.74,0,0.0
0704004046,07040,046,07,04,0704004,07040,"Balears, Illes",Illes Balears,ES,5,3,2,Palma,0,0,,0,0,0,0,186482,1.039,1.681,2.595,3.808,5.281,Mallorca,shapefile INE 2025 (sin datos de turismo),seccion_censal,0,0,0,16.2,6.9,3.74,0,0.0
0704004047,07040,047,07,04,0704004,07040,"Balears, Illes",Illes Balears,ES,5,3,2,Palma,0,0,,0,0,0,0,186482,1.039,1.681,2.595,3.808,5.281,Mallorca,shapefile INE 2025 (sin datos de turismo),seccion_censal,0,0,0,16.2,6.9,3.74,0,0.0
0704004049,07040,049,07,04,0704004,07040,"Balears, Illes",Illes Balears,ES,5,3,2,Palma,0,0,,0,0,0,0,186482,1.039,1.681,2.595,3.808,5.281,Mallorca,shapefile INE 2025 (sin datos de turismo),seccion_censal,0,0,0,16.2,6.9,3.74,0,0.0
0704004050,07040,050,07,04,0704004,07040,"Balears, Illes",Illes Balears,ES,5,3,2,Palma,1,1,454.71,6,0,1,1,186482,1.039,1.681,2.595,3.808,5.281,Mallorca,Inside Airbnb 2026-06,seccion_censal,0,0,0,16.2,6.9,3.74,6,0.005362447850194657
0704004051,07040,051,07,04,0704004,07040,"Balears, Illes",Illes Balears,ES,5,3,2,Palma,2,0,113.78,4,27600,1,2,186482,1.039,1.681,2.595,3.808,5.281,Mallorca,Inside Airbnb 2026-06,seccion_censal,0,0,0,16.2,6.9,3.74,4,0.010724895700389314
0704004052,07040,052,07,04,0704004,07040,"Balears, Illes",Illes Balears,ES,5,3,2,Palma,0,0,,0,0,0,0,186482,1.039,1.681,2.595,3.808,5.281,Mallorca,shapefile INE 2025 (sin datos de turismo),seccion_censal,0,0,0,16.2,6.9,3.74,0,0.0
0704004053,07040,053,07,04,0704004,07040,"Balears, Illes",Illes Balears,ES,5,3,2,Palma,0,0,,0,0,0,0,186482,1.039,1.681,2.595,3.808,5.281,Mallorca,shapefile INE 2025 (sin datos de turismo),seccion_censal,0,0,0,16.2,6.9,3.74,0,0.0
0704004054,07040,054,07,04,0704004,07040,"Balears, Illes",Illes Balears,ES,5,3,2,Palma,0,0,,0,0,0,0,186482,1.039,1.681,2.595,3.808,5.281,Mallorca,shapefile INE 2025 (sin datos de turismo),seccion_censal,0,0,0,16.2,6.9,3.74,0,0.0
0704004055,07040,055,07,04,0704004,07040,"Balears, Illes",Illes Balears,ES,5,3,2,Palma,1,1,356.14,6,0,1,1,186482,1.039,1.681,2.595,3.808,5.281,Mallorca,Inside Airbnb 2026-06,seccion_censal,0,0,0,16.2,6.9,3.74,6,0.005362447850194657
0704004056,07040,056,07,04,0704004,07040,"Balears, Illes",Illes Balears,ES,5,3,2,Palma,4,2,180.5,9,136213,4,4,186482,1.039,1.681,2.595,3.808,5.281,Mallorca,Inside Airbnb 2026-06,seccion_censal,0,0,0,16.2,6.9,3.74,9,0.02144979140077863
0704004057,07040,057,07,04,0704004,07040,"Balears, Illes",Illes Balears,ES,5,3,2,Palma,1,1,208.23,6,0,1,1,186482,1.039,1.681,2.595,3.808,5.281,Mallorca,Inside Airbnb 2026-06,seccion_censal,0,0,0,16.2,6.9,3.74,6,0.005362447850194657
0704004058,07040,058,07,04,0704004,07040,"Balears, Illes",Illes Balears,ES,5,3,2,Palma,1,1,94.03,4,16925,1,1,186482,1.039,1.681,2.595,3.808,5.281,Mallorca,Inside Airbnb 2026-06,seccion_censal,0,0,0,16.2,6.9,3.74,4,0.005362447850194657
0704004059,07040,059,07,04,0704004,07040,"Balears, Illes",Illes Balears,ES,5,3,2,Palma,1,1,122.9,6,31340,1,1,186482,1.039,1.681,2.595,3.808,5.281,Mallorca,Inside Airbnb 2026-06,seccion_censal,0,0,0,16.2,6.9,3.74,6,0.005362447850194657
0704004060,07040,060,07,04,0704004,07040,"Balears, Illes",Illes Balears,ES,5,3,2,Palma,2,1,99.25999999999999,5,30952,2,2,186482,1.039,1.681,2.595,3.808,5.281,Mallorca,Inside Airbnb 2026-06,seccion_censal,0,0,0,16.2,6.9,3.74,5,0.010724895700389314
0704004061,07040,061,07,04,0704004,07040,"Balears, Illes",Illes Balears,ES,5,3,2,Palma,2,0,100.61500000000001,4,51314,1,2,186482,1.039,1.681,2.595,3.808,5.281,Mallorca,Inside Airbnb 2026-06,seccion_censal,0,0,0,16.2,6.9,3.74,4,0.010724895700389314
0704004062,07040,062,07,04,0704004,07040,"Balears, Illes",Illes Balears,ES,5,3,2,Palma,1,0,155.0,2,35340,1,1,186482,1.039,1.681,2.595,3.808,5.281,Mallorca,Inside Airbnb 2026-06,seccion_censal,0,0,0,16.2,6.9,3.74,2,0.005362447850194657
0704004063,07040,063,07,04,0704004,07040,"Balears, Illes",Illes Balears,ES,5,3,2,Palma,0,0,,0,0,0,0,186482,1.039,1.681,2.595,3.808,5.281,Mallorca,shapefile INE 2025 (sin datos de turismo),seccion_censal,0,0,0,16.2,6.9,3.74,0,0.0
0704004064,07040,064,07,04,0704004,07040,"Balears, Illes",Illes Balears,ES,5,3,2,Palma,1,1,98.68,2,0,1,1,186482,1.039,1.681,2.595,3.808,5.281,Mallorca,Inside Airbnb 2026-06,seccion_censal,0,0,0,16.2,6.9,3.74,2,0.005362447850194657
0704004065,07040,065,07,04,0704004,07040,"Balears, Illes",Illes Balears,ES,5,3,2,Palma,0,0,,0,0,0,0,186482,1.039,1.681,2.595,3.808,5.281,Mallorca,shapefile INE 2025 (sin datos de turismo),seccion_censal,0,0,0,16.2,6.9,3.74,0,0.0
0704004066,07040,066,07,04,0704004,07040,"Balears, Illes",Illes Balears,ES,5,3,2,Palma,0,0,,0,0,0,0,186482,1.039,1.681,2.595,3.808,5.281,Mallorca,shapefile INE 2025 (sin datos de turismo),seccion_censal,0,0,0,16.2,6.9,3.74,0,0.0
0704004067,07040,067,07,04,0704004,07040,"Balears, Illes",Illes Balears,ES,5,3,2,Palma,0,0,,0,0,0,0,186482,1.039,1.681,2.595,3.808,5.281,Mallorca,shapefile INE 2025 (sin datos de turismo),seccion_censal,0,0,0,16.2,6.9,3.74,0,0.0
0704004068,07040,068,07,04,0704004,07040,"Balears, Illes",Illes Balears,ES,5,3,2,Palma,0,0,,0,0,0,0,186482,1.039,1.681,2.595,3.808,5.281,Mallorca,shapefile INE 2025 (sin datos de turismo),seccion_censal,0,0,0,16.2,6.9,3.74,0,0.0
0704004069,07040,069,07,04,0704004,07040,"Balears, Illes",Illes Balears,ES,5,3,2,Palma,0,0,,0,0,0,0,186482,1.039,1.681,2.595,3.808,5.281,Mallorca,shapefile INE 2025 (sin datos de turismo),seccion_censal,0,0,0,16.2,6.9,3.74,0,0.0
0704004070,07040,070,07,04,0704004,07040,"Balears, Illes",Illes Balears,ES,5,3,2,Palma,0,0,,0,0,0,0,186482,1.039,1.681,2.595,3.808,5.281,Mallorca,shapefile INE 2025 (sin datos de turismo),seccion_censal,0,0,0,16.2,6.9,3.74,0,0.0
0704004071,07040,071,07,04,0704004,07040,"Balears, Illes",Illes Balears,ES,5,3,2,Palma,0,0,,0,0,0,0,186482,1.039,1.681,2.595,3.808,5.281,Mallorca,shapefile INE 2025 (sin datos de turismo),seccion_censal,0,0,0,16.2,6.9,3.74,0,0.0
0704004072,07040,072,07,04,0704004,07040,"Balears, Illes",Illes Balears,ES,5,3,2,Palma,3,2,509.67,22,169731,3,3,186482,1.039,1.681,2.595,3.808,5.281,Mallorca,Inside Airbnb 2026-06,seccion_censal,0,0,0,16.2,6.9,3.74,22,0.01608734355058397
0704004073,07040,073,07,04,0704004,07040,"Balears, Illes",Illes Balears,ES,5,3,2,Palma,2,1,131.64,6,38997,2,2,186482,1.039,1.681,2.595,3.808,5.281,Mallorca,Inside Airbnb 2026-06,seccion_censal,0,0,0,16.2,6.9,3.74,6,0.010724895700389314
0704004074,07040,074,07,04,0704004,07040,"Balears, Illes",Illes Balears,ES,5,3,2,Palma,21,21,113.0,127,303446,10,21,186482,1.039,1.681,2.595,3.808,5.281,Mallorca,Inside Airbnb 2026-06,seccion_censal,0,0,0,16.2,6.9,3.74,127,0.11261140485408778
0704004075,07040,075,07,04,0704004,07040,"Balears, Illes",Illes Balears,ES,5,3,2,Palma,8,7,488.0,64,407409,7,8,186482,1.039,1.681,2.595,3.808,5.281,Mallorca,Inside Airbnb 2026-06,seccion_censal,0,0,0,16.2,6.9,3.74,64,0.04289958280155726
0704004076,07040,076,07,04,0704004,07040,"Balears, Illes",Illes Balears,ES,5,3,2,Palma,0,0,,0,0,0,0,186482,1.039,1.681,2.595,3.808,5.281,Mallorca,shapefile INE 2025 (sin datos de turismo),seccion_censal,0,0,0,16.2,6.9,3.74,0,0.0
0704004078,07040,078,07,04,0704004,07040,"Balears, Illes",Illes Balears,ES,5,3,2,Palma,4,3,207.8,17,74122,4,4,186482,1.039,1.681,2.595,3.808,5.281,Mallorca,Inside Airbnb 2026-06,seccion_censal,0,0,0,16.2,6.9,3.74,17,0.02144979140077863
0704004079,07040,079,07,04,0704004,07040,"Balears, Illes",Illes Balears,ES,5,3,2,Palma,16,16,781.71,152,754598,14,16,186482,1.039,1.681,2.595,3.808,5.281,Mallorca,Inside Airbnb 2026-06,seccion_censal,0,0,0,16.2,6.9,3.74,152,0.08579916560311451
0704004080,07040,080,07,04,0704004,07040,"Balears, Illes",Illes Balears,ES,5,3,2,Palma,1,1,981.67,12,100130,1,1,186482,1.039,1.681,2.595,3.808,5.281,Mallorca,Inside Airbnb 2026-06,seccion_censal,0,0,0,16.2,6.9,3.74,12,0.005362447850194657
0704004081,07040,081,07,04,0704004,07040,"Balears, Illes",Illes Balears,ES,5,3,2,Palma,15,15,763.5,145,520421,14,15,186482,1.039,1.681,2.595,3.808,5.281,Mallorca,Inside Airbnb 2026-06,seccion_censal,0,0,0,16.2,6.9,3.74,145,0.08043671775291986
0704004082,07040,082,07,04,0704004,07040,"Balears, Illes",Illes Balears,ES,5,3,2,Palma,0,0,,0,0,0,0,186482,1.039,1.681,2.595,3.808,5.281,Mallorca,shapefile INE 2025 (sin datos de turismo),seccion_censal,0,0,0,16.2,6.9,3.74,0,0.0
0704004083,07040,083,07,04,0704004,07040,"Balears, Illes",Illes Balears,ES,5,3,2,Palma,24,21,396.7,178,727928,15,24,186482,1.039,1.681,2.595,3.808,5.281,Mallorca,Inside Airbnb 2026-06,seccion_censal,0,0,0,16.2,6.9,3.74,178,0.12869874840467177
0704004084,07040,084,07,04,0704004,07040,"Balears, Illes",Illes Balears,ES,5,3,2,Palma,3,3,537.71,12,0,3,3,186482,1.039,1.681,2.595,3.808,5.281,Mallorca,Inside Airbnb 2026-06,seccion_censal,0,0,0,16.2,6.9,3.74,12,0.01608734355058397
0704004085,07040,085,07,04,0704004,07040,"Balears, Illes",Illes Balears,ES,5,3,2,Palma,0,0,,0,0,0,0,186482,1.039,1.681,2.595,3.808,5.281,Mallorca,shapefile INE 2025 (sin datos de turismo),seccion_censal,0,0,0,16.2,6.9,3.74,0,0.0
0704004086,07040,086,07,04,0704004,07040,"Balears, Illes",Illes Balears,ES,5,3,2,Palma,0,0,,0,0,0,0,186482,1.039,1.681,2.595,3.808,5.281,Mallorca,shapefile INE 2025 (sin datos de turismo),seccion_censal,0,0,0,16.2,6.9,3.74,0,0.0
0704004087,07040,087,07,04,0704004,07040,"Balears, Illes",Illes Balears,ES,5,3,2,Palma,1,1,799.0,8,19176,1,1,186482,1.039,1.681,2.595,3.808,5.281,Mallorca,Inside Airbnb 2026-06,seccion_censal,0,0,0,16.2,6.9,3.74,8,0.005362447850194657
0704004088,07040,088,07,04,0704004,07040,"Balears, Illes",Illes Balears,ES,5,3,2,Palma,0,0,,0,0,0,0,186482,1.039,1.681,2.595,3.808,5.281,Mallorca,shapefile INE 2025 (sin datos de turismo),seccion_censal,0,0,0,16.2,6.9,3.74,0,0.0
0704005001,07040,001,07,04,0704005,07040,"Balears, Illes",Illes Balears,ES,5,3,2,Palma,3,3,348.665,11,80792,3,3,186482,882.0,1.582,2.608,4.012,5.785,Mallorca,Inside Airbnb 2026-06,seccion_censal,0,0,0,16.2,6.9,3.74,11,0.01608734355058397
0704005002,07040,002,07,04,0704005,07040,"Balears, Illes",Illes Balears,ES,5,3,2,Palma,7,5,308.33500000000004,32,237853,4,7,186482,882.0,1.582,2.608,4.012,5.785,Mallorca,Inside Airbnb 2026-06,seccion_censal,0,0,0,16.2,6.9,3.74,32,0.03753713495136259
0704005003,07040,003,07,04,0704005,07040,"Balears, Illes",Illes Balears,ES,5,3,2,Palma,9,9,590.0,62,575471,9,9,186482,882.0,1.582,2.608,4.012,5.785,Mallorca,Inside Airbnb 2026-06,seccion_censal,0,0,0,16.2,6.9,3.74,62,0.04826203065175191
0704005004,07040,004,07,04,0704005,07040,"Balears, Illes",Illes Balears,ES,5,3,2,Palma,1,1,75.91,3,0,1,0,186482,882.0,1.582,2.608,4.012,5.785,Mallorca,Inside Airbnb 2026-06,seccion_censal,0,0,0,16.2,6.9,3.74,3,0.005362447850194657
0704005005,07040,005,07,04,0704005,07040,"Balears, Illes",Illes Balears,ES,5,3,2,Palma,2,2,251.0,9,90648,2,2,186482,882.0,1.582,2.608,4.012,5.785,Mallorca,Inside Airbnb 2026-06,seccion_censal,0,0,0,16.2,6.9,3.74,9,0.010724895700389314
0704005006,07040,006,07,04,0704005,07040,"Balears, Illes",Illes Balears,ES,5,3,2,Palma,0,0,,0,0,0,0,186482,882.0,1.582,2.608,4.012,5.785,Mallorca,shapefile INE 2025 (sin datos de turismo),seccion_censal,0,0,0,16.2,6.9,3.74,0,0.0
0704005007,07040,007,07,04,0704005,07040,"Balears, Illes",Illes Balears,ES,5,3,2,Palma,3,2,226.67499999999998,14,7765,3,3,186482,882.0,1.582,2.608,4.012,5.785,Mallorca,Inside Airbnb 2026-06,seccion_censal,0,0,0,16.2,6.9,3.74,14,0.01608734355058397
0704005008,07040,008,07,04,0704005,07040,"Balears, Illes",Illes Balears,ES,5,3,2,Palma,1,1,724.0,8,60816,1,1,186482,882.0,1.582,2.608,4.012,5.785,Mallorca,Inside Airbnb 2026-06,seccion_censal,0,0,0,16.2,6.9,3.74,8,0.005362447850194657
0704005009,07040,009,07,04,0704005,07040,"Balears, Illes",Illes Balears,ES,5,3,2,Palma,32,31,643.665,239,1441523,23,32,186482,882.0,1.582,2.608,4.012,5.785,Mallorca,Inside Airbnb 2026-06,seccion_censal,0,0,0,16.2,6.9,3.74,239,0.17159833120622903
0704005010,07040,010,07,04,0704005,07040,"Balears, Illes",Illes Balears,ES,5,3,2,Palma,17,17,942.67,123,368077,15,17,186482,882.0,1.582,2.608,4.012,5.785,Mallorca,Inside Airbnb 2026-06,seccion_censal,0,0,0,16.2,6.9,3.74,123,0.09116161345330917
0704005011,07040,011,07,04,0704005,07040,"Balears, Illes",Illes Balears,ES,5,3,2,Palma,5,5,714.67,42,128086,3,5,186482,882.0,1.582,2.608,4.012,5.785,Mallorca,Inside Airbnb 2026-06,seccion_censal,0,0,0,16.2,6.9,3.74,42,0.026812239250973285
0704005012,07040,012,07,04,0704005,07040,"Balears, Illes",Illes Balears,ES,5,3,2,Palma,7,7,250.0,34,153899,5,7,186482,882.0,1.582,2.608,4.012,5.785,Mallorca,Inside Airbnb 2026-06,seccion_censal,0,0,0,16.2,6.9,3.74,34,0.03753713495136259
0704005013,07040,013,07,04,0704005,07040,"Balears, Illes",Illes Balears,ES,5,3,2,Palma,6,2,592.125,41,206657,4,6,186482,882.0,1.582,2.608,4.012,5.785,Mallorca,Inside Airbnb 2026-06,seccion_censal,0,0,0,16.2,6.9,3.74,41,0.03217468710116794
0704005014,07040,014,07,04,0704005,07040,"Balears, Illes",Illes Balears,ES,5,3,2,Palma,17,8,131.36,86,151297,9,16,186482,882.0,1.582,2.608,4.012,5.785,Mallorca,Inside Airbnb 2026-06,seccion_censal,0,0,0,16.2,6.9,3.74,86,0.09116161345330917
0704005015,07040,015,07,04,0704005,07040,"Balears, Illes",Illes Balears,ES,5,3,2,Palma,7,7,431.5,29,313985,7,7,186482,882.0,1.582,2.608,4.012,5.785,Mallorca,Inside Airbnb 2026-06,seccion_censal,0,0,0,16.2,6.9,3.74,29,0.03753713495136259
0704005016,07040,016,07,04,0704005,07040,"Balears, Illes",Illes Balears,ES,5,3,2,Palma,1,1,123.89,4,0,1,1,186482,882.0,1.582,2.608,4.012,5.785,Mallorca,Inside Airbnb 2026-06,seccion_censal,0,0,0,16.2,6.9,3.74,4,0.005362447850194657
0704005017,07040,017,07,04,0704005,07040,"Balears, Illes",Illes Balears,ES,5,3,2,Palma,1,0,127.0,2,9144,1,1,186482,882.0,1.582,2.608,4.012,5.785,Mallorca,Inside Airbnb 2026-06,seccion_censal,0,0,0,16.2,6.9,3.74,2,0.005362447850194657
0704005018,07040,018,07,04,0704005,07040,"Balears, Illes",Illes Balears,ES,5,3,2,Palma,1,1,311.5,13,65415,1,1,186482,882.0,1.582,2.608,4.012,5.785,Mallorca,Inside Airbnb 2026-06,seccion_censal,0,0,0,16.2,6.9,3.74,13,0.005362447850194657
0704005019,07040,019,07,04,0704005,07040,"Balears, Illes",Illes Balears,ES,5,3,2,Palma,9,9,477.0,48,223232,7,9,186482,882.0,1.582,2.608,4.012,5.785,Mallorca,Inside Airbnb 2026-06,seccion_censal,0,0,0,16.2,6.9,3.74,48,0.04826203065175191
0704005020,07040,020,07,04,0704005,07040,"Balears, Illes",Illes Balears,ES,5,3,2,Palma,8,7,170.65,45,149921,8,8,186482,882.0,1.582,2.608,4.012,5.785,Mallorca,Inside Airbnb 2026-06,seccion_censal,0,0,0,16.2,6.9,3.74,45,0.04289958280155726
0704005021,07040,021,07,04,0704005,07040,"Balears, Illes",Illes Balears,ES,5,3,2,Palma,8,7,215.68,41,169721,7,8,186482,882.0,1.582,2.608,4.012,5.785,Mallorca,Inside Airbnb 2026-06,seccion_censal,0,0,0,16.2,6.9,3.74,41,0.04289958280155726
0704005022,07040,022,07,04,0704005,07040,"Balears, Illes",Illes Balears,ES,5,3,2,Palma,1,0,91.33,2,20275,1,1,186482,882.0,1.582,2.608,4.012,5.785,Mallorca,Inside Airbnb 2026-06,seccion_censal,0,0,0,16.2,6.9,3.74,2,0.005362447850194657
0704101001,07041,001,07,04,0704101,07041,"Balears, Illes",Illes Balears,ES,5,3,2,Petra,89,83,440.0,704,848213,40,88,2118,849.0,1.476,2.962,4.724,6.919,Mallorca,Inside Airbnb 2026-06,seccion_censal,0,0,0,16.2,6.9,3.74,704,42.020774315391876
0704102001,07041,001,07,04,0704102,07041,"Balears, Illes",Illes Balears,ES,5,3,2,Petra,81,79,360.47,550,822457,58,81,2118,871.0,1.786,3.124,5.094,7.537,Mallorca,Inside Airbnb 2026-06,seccion_censal,0,0,0,16.2,6.9,3.74,550,38.243626062322946
0704201001,07042,001,07,04,0704201,07042,"Balears, Illes",Illes Balears,ES,5,3,2,Pollença,159,157,465.0,1026,1691426,81,159,13772,999.0,2.011,3.456,5.32,7.672,Mallorca,Inside Airbnb 2026-06,seccion_censal,0,0,0,16.2,6.9,3.74,1026,11.545164101074644
0704201002,07042,002,07,04,0704201,07042,"Balears, Illes",Illes Balears,ES,5,3,2,Pollença,58,56,337.6,310,813451,41,57,13772,999.0,2.011,3.456,5.32,7.672,Mallorca,Inside Airbnb 2026-06,seccion_censal,0,0,0,16.2,6.9,3.74,310,4.2114435085681095
0704202001,07042,001,07,04,0704202,07042,"Balears, Illes",Illes Balears,ES,5,3,2,Pollença,507,500,438.07,3169,5315033,146,506,13772,819.0,1.778,3.356,5.307,7.727,Mallorca,Inside Airbnb 2026-06,seccion_censal,0,0,0,16.2,6.9,3.74,3169,36.8138251524833
0704203001,07042,001,07,04,0704203,07042,"Balears, Illes",Illes Balears,ES,5,3,2,Pollença,414,414,464.33500000000004,2589,3632045,131,413,13772,622.0,1.274,2.684,4.686,6.858,Mallorca,Inside Airbnb 2026-06,seccion_censal,0,0,0,16.2,6.9,3.74,2589,30.060993319779264
0704203002,07042,002,07,04,0704203,07042,"Balears, Illes",Illes Balears,ES,5,3,2,Pollença,175,172,458.1,1099,1595156,81,174,13772,622.0,1.274,2.684,4.686,6.858,Mallorca,Inside Airbnb 2026-06,seccion_censal,0,0,0,16.2,6.9,3.74,1099,12.70694162067964
0704203003,07042,003,07,04,0704203,07042,"Balears, Illes",Illes Balears,ES,5,3,2,Pollença,479,475,399.46500000000003,2735,5016460,178,477,13772,622.0,1.274,2.684,4.686,6.858,Mallorca,Inside Airbnb 2026-06,seccion_censal,0,0,0,16.2,6.9,3.74,2735,34.78071449317456
0704203004,07042,004,07,04,0704203,07042,"Balears, Illes",Illes Balears,ES,5,3,2,Pollença,171,171,319.6,889,2538597,108,171,13772,622.0,1.274,2.684,4.686,6.858,Mallorca,Inside Airbnb 2026-06,seccion_censal,0,0,0,16.2,6.9,3.74,889,12.41649724077839
0704204001,07042,001,07,04,0704204,07042,"Balears, Illes",Illes Balears,ES,5,3,2,Pollença,290,281,463.71500000000003,1840,2645191,105,290,13772,1.029,2.17,3.69,5.392,7.863,Mallorca,Inside Airbnb 2026-06,seccion_censal,0,0,0,16.2,6.9,3.74,1840,21.057217542840547
0704301001,07043,001,07,04,0704301,07043,"Balears, Illes",Illes Balears,ES,5,3,2,Porreres,9,9,213.5,47,204182,6,9,3319,0.0,0.0,0.0,0.0,0.0,Mallorca,Inside Airbnb 2026-06,seccion_censal,0,0,0,16.2,6.9,3.74,47,2.711660138595963
0704301002,07043,002,07,04,0704301,07043,"Balears, Illes",Illes Balears,ES,5,3,2,Porreres,27,25,514.17,146,175542,18,27,3319,0.0,0.0,0.0,0.0,0.0,Mallorca,Inside Airbnb 2026-06,seccion_censal,0,0,0,16.2,6.9,3.74,146,8.134980415787888
0704302001,07043,001,07,04,0704302,07043,"Balears, Illes",Illes Balears,ES,5,3,2,Porreres,3,3,221.44,16,26922,3,3,3319,0.0,0.0,0.0,0.0,0.0,Mallorca,Inside Airbnb 2026-06,seccion_censal,0,0,0,16.2,6.9,3.74,16,0.903886712865321
0704302002,07043,002,07,04,0704302,07043,"Balears, Illes",Illes Balears,ES,5,3,2,Porreres,37,34,390.0,182,328025,22,37,3319,0.0,0.0,0.0,0.0,0.0,Mallorca,Inside Airbnb 2026-06,seccion_censal,0,0,0,16.2,6.9,3.74,182,11.147936125338957
0704403001,07044,001,07,04,0704403,07044,"Balears, Illes",Illes Balears,ES,5,3,2,"Pobla, Sa",23,23,304.515,145,302384,15,23,6504,1.026,1.981,3.457,5.255,7.108,Mallorca,Inside Airbnb 2026-06,seccion_censal,0,0,0,16.2,6.9,3.74,145,3.5362853628536284
0704403002,07044,002,07,04,0704403,07044,"Balears, Illes",Illes Balears,ES,5,3,2,"Pobla, Sa",23,23,374.4,153,197746,17,23,6504,1.026,1.981,3.457,5.255,7.108,Mallorca,Inside Airbnb 2026-06,seccion_censal,0,0,0,16.2,6.9,3.74,153,3.5362853628536284
0704404001,07044,001,07,04,0704404,07044,"Balears, Illes",Illes Balears,ES,5,3,2,"Pobla, Sa",117,117,397.07,732,1092202,72,117,6504,1.048,2.045,3.428,5.202,7.289,Mallorca,Inside Airbnb 2026-06,seccion_censal,0,0,0,16.2,6.9,3.74,732,17.98892988929889
0704404002,07044,002,07,04,0704404,07044,"Balears, Illes",Illes Balears,ES,5,3,2,"Pobla, Sa",20,20,365.355,106,181303,15,20,6504,1.048,2.045,3.428,5.202,7.289,Mallorca,Inside Airbnb 2026-06,seccion_censal,0,0,0,16.2,6.9,3.74,106,3.075030750307503
0704501001,07045,001,07,04,0704501,07045,"Balears, Illes",Illes Balears,ES,5,3,2,Puigpunyent,39,33,507.80999999999995,197,550543,27,39,1275,1.11,2.184,3.615,5.634,8.236,Mallorca,Inside Airbnb 2026-06,seccion_censal,0,0,0,16.2,6.9,3.74,197,30.58823529411765
0704601001,07046,001,07,04,0704601,07046,"Balears, Illes",Illes Balears,ES,5,3,1,Sant Antoni de Portmany,0,0,,0,0,0,0,12116,0.0,0.0,0.0,0.0,0.0,Eivissa,HUT Consell d'Eivissa 2026,municipio,330,2486,254,16.2,6.9,3.74,2486,0.0
0704601003,07046,003,07,04,0704601,07046,"Balears, Illes",Illes Balears,ES,5,3,1,Sant Antoni de Portmany,0,0,,0,0,0,0,12116,0.0,0.0,0.0,0.0,0.0,Eivissa,HUT Consell d'Eivissa 2026,municipio,330,2486,254,16.2,6.9,3.74,2486,0.0
0704601004,07046,004,07,04,0704601,07046,"Balears, Illes",Illes Balears,ES,5,3,1,Sant Antoni de Portmany,0,0,,0,0,0,0,12116,0.0,0.0,0.0,0.0,0.0,Eivissa,HUT Consell d'Eivissa 2026,municipio,330,2486,254,16.2,6.9,3.74,2486,0.0
0704601005,07046,005,07,04,0704601,07046,"Balears, Illes",Illes Balears,ES,5,3,1,Sant Antoni de Portmany,0,0,,0,0,0,0,12116,0.0,0.0,0.0,0.0,0.0,Eivissa,HUT Consell d'Eivissa 2026,municipio,330,2486,254,16.2,6.9,3.74,2486,0.0
0704601006,07046,006,07,04,0704601,07046,"Balears, Illes",Illes Balears,ES,5,3,1,Sant Antoni de Portmany,0,0,,0,0,0,0,12116,0.0,0.0,0.0,0.0,0.0,Eivissa,HUT Consell d'Eivissa 2026,municipio,330,2486,254,16.2,6.9,3.74,2486,0.0
0704601007,07046,007,07,04,0704601,07046,"Balears, Illes",Illes Balears,ES,5,3,1,Sant Antoni de Portmany,0,0,,0,0,0,0,12116,0.0,0.0,0.0,0.0,0.0,Eivissa,HUT Consell d'Eivissa 2026,municipio,330,2486,254,16.2,6.9,3.74,2486,0.0
0704601008,07046,008,07,04,0704601,07046,"Balears, Illes",Illes Balears,ES,5,3,1,Sant Antoni de Portmany,0,0,,0,0,0,0,12116,0.0,0.0,0.0,0.0,0.0,Eivissa,HUT Consell d'Eivissa 2026,municipio,330,2486,254,16.2,6.9,3.74,2486,0.0
0704601010,07046,010,07,04,0704601,07046,"Balears, Illes",Illes Balears,ES,5,3,1,Sant Antoni de Portmany,0,0,,0,0,0,0,12116,0.0,0.0,0.0,0.0,0.0,Eivissa,HUT Consell d'Eivissa 2026,municipio,330,2486,254,16.2,6.9,3.74,2486,0.0
0704602001,07046,001,07,04,0704602,07046,"Balears, Illes",Illes Balears,ES,5,3,1,Sant Antoni de Portmany,0,0,,0,0,0,0,12116,0.0,0.0,0.0,0.0,0.0,Eivissa,HUT Consell d'Eivissa 2026,municipio,330,2486,254,16.2,6.9,3.74,2486,0.0
0704602002,07046,002,07,04,0704602,07046,"Balears, Illes",Illes Balears,ES,5,3,1,Sant Antoni de Portmany,0,0,,0,0,0,0,12116,0.0,0.0,0.0,0.0,0.0,Eivissa,HUT Consell d'Eivissa 2026,municipio,330,2486,254,16.2,6.9,3.74,2486,0.0
0704701001,07047,001,07,04,0704701,07047,"Balears, Illes",Illes Balears,ES,5,3,2,Sencelles,56,55,401.5,357,891704,43,56,3352,0.0,0.0,0.0,0.0,0.0,Mallorca,Inside Airbnb 2026-06,seccion_censal,0,0,0,16.2,6.9,3.74,357,16.706443914081145
0704702001,07047,001,07,04,0704702,07047,"Balears, Illes",Illes Balears,ES,5,3,2,Sencelles,51,51,470.75,356,863858,45,51,3352,0.0,0.0,0.0,0.0,0.0,Mallorca,Inside Airbnb 2026-06,seccion_censal,0,0,0,16.2,6.9,3.74,356,15.214797136038186
0704801001,07048,001,07,04,0704801,07048,"Balears, Illes",Illes Balears,ES,5,3,1,Sant Josep de sa Talaia,0,0,,0,0,0,0,15683,0.0,0.0,0.0,0.0,0.0,Eivissa,HUT Consell d'Eivissa 2026,municipio,945,7296,898,16.2,6.9,3.74,7296,0.0
0704801002,07048,002,07,04,0704801,07048,"Balears, Illes",Illes Balears,ES,5,3,1,Sant Josep de sa Talaia,0,0,,0,0,0,0,15683,0.0,0.0,0.0,0.0,0.0,Eivissa,HUT Consell d'Eivissa 2026,municipio,945,7296,898,16.2,6.9,3.74,7296,0.0
0704801003,07048,003,07,04,0704801,07048,"Balears, Illes",Illes Balears,ES,5,3,1,Sant Josep de sa Talaia,0,0,,0,0,0,0,15683,0.0,0.0,0.0,0.0,0.0,Eivissa,HUT Consell d'Eivissa 2026,municipio,945,7296,898,16.2,6.9,3.74,7296,0.0
0704801004,07048,004,07,04,0704801,07048,"Balears, Illes",Illes Balears,ES,5,3,1,Sant Josep de sa Talaia,0,0,,0,0,0,0,15683,0.0,0.0,0.0,0.0,0.0,Eivissa,HUT Consell d'Eivissa 2026,municipio,945,7296,898,16.2,6.9,3.74,7296,0.0
0704801005,07048,005,07,04,0704801,07048,"Balears, Illes",Illes Balears,ES,5,3,1,Sant Josep de sa Talaia,0,0,,0,0,0,0,15683,0.0,0.0,0.0,0.0,0.0,Eivissa,HUT Consell d'Eivissa 2026,municipio,945,7296,898,16.2,6.9,3.74,7296,0.0
0704801006,07048,006,07,04,0704801,07048,"Balears, Illes",Illes Balears,ES,5,3,1,Sant Josep de sa Talaia,0,0,,0,0,0,0,15683,0.0,0.0,0.0,0.0,0.0,Eivissa,HUT Consell d'Eivissa 2026,municipio,945,7296,898,16.2,6.9,3.74,7296,0.0
0704801007,07048,007,07,04,0704801,07048,"Balears, Illes",Illes Balears,ES,5,3,1,Sant Josep de sa Talaia,0,0,,0,0,0,0,15683,0.0,0.0,0.0,0.0,0.0,Eivissa,HUT Consell d'Eivissa 2026,municipio,945,7296,898,16.2,6.9,3.74,7296,0.0
0704802001,07048,001,07,04,0704802,07048,"Balears, Illes",Illes Balears,ES,5,3,1,Sant Josep de sa Talaia,0,0,,0,0,0,0,15683,0.0,0.0,0.0,0.0,0.0,Eivissa,HUT Consell d'Eivissa 2026,municipio,945,7296,898,16.2,6.9,3.74,7296,0.0
0704802002,07048,002,07,04,0704802,07048,"Balears, Illes",Illes Balears,ES,5,3,1,Sant Josep de sa Talaia,0,0,,0,0,0,0,15683,0.0,0.0,0.0,0.0,0.0,Eivissa,HUT Consell d'Eivissa 2026,municipio,945,7296,898,16.2,6.9,3.74,7296,0.0
0704802003,07048,003,07,04,0704802,07048,"Balears, Illes",Illes Balears,ES,5,3,1,Sant Josep de sa Talaia,0,0,,0,0,0,0,15683,0.0,0.0,0.0,0.0,0.0,Eivissa,HUT Consell d'Eivissa 2026,municipio,945,7296,898,16.2,6.9,3.74,7296,0.0
0704802004,07048,004,07,04,0704802,07048,"Balears, Illes",Illes Balears,ES,5,3,1,Sant Josep de sa Talaia,0,0,,0,0,0,0,15683,0.0,0.0,0.0,0.0,0.0,Eivissa,HUT Consell d'Eivissa 2026,municipio,945,7296,898,16.2,6.9,3.74,7296,0.0
0704802005,07048,005,07,04,0704802,07048,"Balears, Illes",Illes Balears,ES,5,3,1,Sant Josep de sa Talaia,0,0,,0,0,0,0,15683,0.0,0.0,0.0,0.0,0.0,Eivissa,HUT Consell d'Eivissa 2026,municipio,945,7296,898,16.2,6.9,3.74,7296,0.0
0704802006,07048,006,07,04,0704802,07048,"Balears, Illes",Illes Balears,ES,5,3,1,Sant Josep de sa Talaia,0,0,,0,0,0,0,15683,0.0,0.0,0.0,0.0,0.0,Eivissa,HUT Consell d'Eivissa 2026,municipio,945,7296,898,16.2,6.9,3.74,7296,0.0
0704901001,07049,001,07,04,0704901,07049,"Balears, Illes",Illes Balears,ES,5,3,2,Sant Joan,10,10,276.0,64,138352,9,10,1724,706.0,1.691,3.186,5.142,7.625,Mallorca,Inside Airbnb 2026-06,seccion_censal,0,0,0,16.2,6.9,3.74,64,5.800464037122969
0704902001,07049,001,07,04,0704902,07049,"Balears, Illes",Illes Balears,ES,5,3,2,Sant Joan,30,30,307.78499999999997,185,471588,20,29,1724,741.0,1.634,2.938,4.686,6.997,Mallorca,Inside Airbnb 2026-06,seccion_censal,0,0,0,16.2,6.9,3.74,185,17.40139211136891
0705001001,07050,001,07,04,0705001,07050,"Balears, Illes",Illes Balears,ES,5,3,1,Sant Joan de Labritja,0,0,,0,0,0,0,4366,704.0,1.78,3.79,7.108,11.306,Eivissa,HUT Consell d'Eivissa 2026,municipio,245,1917,132,16.2,6.9,3.74,1917,0.0
0705001002,07050,002,07,04,0705001,07050,"Balears, Illes",Illes Balears,ES,5,3,1,Sant Joan de Labritja,0,0,,0,0,0,0,4366,704.0,1.78,3.79,7.108,11.306,Eivissa,HUT Consell d'Eivissa 2026,municipio,245,1917,132,16.2,6.9,3.74,1917,0.0
0705001003,07050,003,07,04,0705001,07050,"Balears, Illes",Illes Balears,ES,5,3,1,Sant Joan de Labritja,0,0,,0,0,0,0,4366,704.0,1.78,3.79,7.108,11.306,Eivissa,HUT Consell d'Eivissa 2026,municipio,245,1917,132,16.2,6.9,3.74,1917,0.0
0705101001,07051,001,07,04,0705101,07051,"Balears, Illes",Illes Balears,ES,5,3,2,Sant Llorenç des Cardassar,29,29,448.0,185,248144,23,29,6529,848.0,1.858,3.488,5.602,7.938,Mallorca,Inside Airbnb 2026-06,seccion_censal,0,0,0,16.2,6.9,3.74,185,4.441721550007658
0705101002,07051,002,07,04,0705101,07051,"Balears, Illes",Illes Balears,ES,5,3,2,Sant Llorenç des Cardassar,88,75,314.6,509,593070,49,88,6529,848.0,1.858,3.488,5.602,7.938,Mallorca,Inside Airbnb 2026-06,seccion_censal,0,0,0,16.2,6.9,3.74,509,13.478327462092205
0705102001,07051,001,07,04,0705102,07051,"Balears, Illes",Illes Balears,ES,5,3,2,Sant Llorenç des Cardassar,35,35,562.4,276,621268,29,35,6529,525.0,1.098,2.538,4.264,6.367,Mallorca,Inside Airbnb 2026-06,seccion_censal,0,0,0,16.2,6.9,3.74,276,5.360698422423035
0705102002,07051,002,07,04,0705102,07051,"Balears, Illes",Illes Balears,ES,5,3,2,Sant Llorenç des Cardassar,68,66,214.0,282,1003673,34,68,6529,525.0,1.098,2.538,4.264,6.367,Mallorca,Inside Airbnb 2026-06,seccion_censal,0,0,0,16.2,6.9,3.74,282,10.415071220707611
0705102003,07051,003,07,04,0705102,07051,"Balears, Illes",Illes Balears,ES,5,3,2,Sant Llorenç des Cardassar,62,60,331.0,413,584885,39,62,6529,525.0,1.098,2.538,4.264,6.367,Mallorca,Inside Airbnb 2026-06,seccion_censal,0,0,0,16.2,6.9,3.74,413,9.496094348292235
0705201001,07052,001,07,04,0705201,07052,"Balears, Illes",Illes Balears,ES,5,3,3,Sant Lluís,2,2,378.895,10,31507,2,2,5312,0.0,0.0,0.0,0.0,0.0,Menorca,Inside Airbnb 2026-06,seccion_censal,0,0,0,16.2,6.9,3.74,10,0.37650602409638556
0705201002,07052,002,07,04,0705201,07052,"Balears, Illes",Illes Balears,ES,5,3,3,Sant Lluís,1,1,171.25,4,7193,1,1,5312,0.0,0.0,0.0,0.0,0.0,Menorca,Inside Airbnb 2026-06,seccion_censal,0,0,0,16.2,6.9,3.74,4,0.18825301204819278
0705202001,07052,001,07,04,0705202,07052,"Balears, Illes",Illes Balears,ES,5,3,3,Sant Lluís,27,27,682.33,222,266130,20,26,5312,0.0,0.0,0.0,0.0,0.0,Menorca,Inside Airbnb 2026-06,seccion_censal,0,0,0,16.2,6.9,3.74,222,5.082831325301204
0705301001,07053,001,07,04,0705301,07053,"Balears, Illes",Illes Balears,ES,5,3,2,Santa Eugènia,11,11,553.5,72,239916,11,11,1098,987.0,1.981,3.485,5.432,7.858,Mallorca,Inside Airbnb 2026-06,seccion_censal,0,0,0,16.2,6.9,3.74,72,10.018214936247723
0705401001,07054,001,07,04,0705401,07054,"Balears, Illes",Illes Balears,ES,5,3,1,Santa Eulària des Riu,0,0,,0,0,0,0,22810,843.0,1.849,3.275,5.177,8.093,Eivissa,HUT Consell d'Eivissa 2026,municipio,803,6249,676,16.2,6.9,3.74,6249,0.0
0705401002,07054,002,07,04,0705401,07054,"Balears, Illes",Illes Balears,ES,5,3,1,Santa Eulària des Riu,0,0,,0,0,0,0,22810,843.0,1.849,3.275,5.177,8.093,Eivissa,HUT Consell d'Eivissa 2026,municipio,803,6249,676,16.2,6.9,3.74,6249,0.0
0705401003,07054,003,07,04,0705401,07054,"Balears, Illes",Illes Balears,ES,5,3,1,Santa Eulària des Riu,0,0,,0,0,0,0,22810,843.0,1.849,3.275,5.177,8.093,Eivissa,HUT Consell d'Eivissa 2026,municipio,803,6249,676,16.2,6.9,3.74,6249,0.0
0705401004,07054,004,07,04,0705401,07054,"Balears, Illes",Illes Balears,ES,5,3,1,Santa Eulària des Riu,0,0,,0,0,0,0,22810,843.0,1.849,3.275,5.177,8.093,Eivissa,HUT Consell d'Eivissa 2026,municipio,803,6249,676,16.2,6.9,3.74,6249,0.0
0705401005,07054,005,07,04,0705401,07054,"Balears, Illes",Illes Balears,ES,5,3,1,Santa Eulària des Riu,0,0,,0,0,0,0,22810,843.0,1.849,3.275,5.177,8.093,Eivissa,HUT Consell d'Eivissa 2026,municipio,803,6249,676,16.2,6.9,3.74,6249,0.0
0705401006,07054,006,07,04,0705401,07054,"Balears, Illes",Illes Balears,ES,5,3,1,Santa Eulària des Riu,0,0,,0,0,0,0,22810,843.0,1.849,3.275,5.177,8.093,Eivissa,HUT Consell d'Eivissa 2026,municipio,803,6249,676,16.2,6.9,3.74,6249,0.0
0705401007,07054,007,07,04,0705401,07054,"Balears, Illes",Illes Balears,ES,5,3,1,Santa Eulària des Riu,0,0,,0,0,0,0,22810,843.0,1.849,3.275,5.177,8.093,Eivissa,HUT Consell d'Eivissa 2026,municipio,803,6249,676,16.2,6.9,3.74,6249,0.0
0705401008,07054,008,07,04,0705401,07054,"Balears, Illes",Illes Balears,ES,5,3,1,Santa Eulària des Riu,0,0,,0,0,0,0,22810,843.0,1.849,3.275,5.177,8.093,Eivissa,HUT Consell d'Eivissa 2026,municipio,803,6249,676,16.2,6.9,3.74,6249,0.0
0705401009,07054,009,07,04,0705401,07054,"Balears, Illes",Illes Balears,ES,5,3,1,Santa Eulària des Riu,0,0,,0,0,0,0,22810,843.0,1.849,3.275,5.177,8.093,Eivissa,HUT Consell d'Eivissa 2026,municipio,803,6249,676,16.2,6.9,3.74,6249,0.0
0705402001,07054,001,07,04,0705402,07054,"Balears, Illes",Illes Balears,ES,5,3,1,Santa Eulària des Riu,0,0,,0,0,0,0,22810,644.0,1.39,2.883,5.187,8.679,Eivissa,HUT Consell d'Eivissa 2026,municipio,803,6249,676,16.2,6.9,3.74,6249,0.0
0705402002,07054,002,07,04,0705402,07054,"Balears, Illes",Illes Balears,ES,5,3,1,Santa Eulària des Riu,0,0,,0,0,0,0,22810,644.0,1.39,2.883,5.187,8.679,Eivissa,HUT Consell d'Eivissa 2026,municipio,803,6249,676,16.2,6.9,3.74,6249,0.0
0705403001,07054,001,07,04,0705403,07054,"Balears, Illes",Illes Balears,ES,5,3,1,Santa Eulària des Riu,0,0,,0,0,0,0,22810,1.006,2.625,4.826,8.112,12.171,Eivissa,HUT Consell d'Eivissa 2026,municipio,803,6249,676,16.2,6.9,3.74,6249,0.0
0705404001,07054,001,07,04,0705404,07054,"Balears, Illes",Illes Balears,ES,5,3,1,Santa Eulària des Riu,0,0,,0,0,0,0,22810,1.081,2.137,3.598,5.984,9.46,Eivissa,HUT Consell d'Eivissa 2026,municipio,803,6249,676,16.2,6.9,3.74,6249,0.0
0705404002,07054,002,07,04,0705404,07054,"Balears, Illes",Illes Balears,ES,5,3,1,Santa Eulària des Riu,0,0,,0,0,0,0,22810,1.081,2.137,3.598,5.984,9.46,Eivissa,HUT Consell d'Eivissa 2026,municipio,803,6249,676,16.2,6.9,3.74,6249,0.0
0705404003,07054,003,07,04,0705404,07054,"Balears, Illes",Illes Balears,ES,5,3,1,Santa Eulària des Riu,0,0,,0,0,0,0,22810,1.081,2.137,3.598,5.984,9.46,Eivissa,HUT Consell d'Eivissa 2026,municipio,803,6249,676,16.2,6.9,3.74,6249,0.0
0705405001,07054,001,07,04,0705405,07054,"Balears, Illes",Illes Balears,ES,5,3,1,Santa Eulària des Riu,0,0,,0,0,0,0,22810,1.19,2.22,3.533,5.35,7.924,Eivissa,HUT Consell d'Eivissa 2026,municipio,803,6249,676,16.2,6.9,3.74,6249,0.0
0705405002,07054,002,07,04,0705405,07054,"Balears, Illes",Illes Balears,ES,5,3,1,Santa Eulària des Riu,0,0,,0,0,0,0,22810,1.19,2.22,3.533,5.35,7.924,Eivissa,HUT Consell d'Eivissa 2026,municipio,803,6249,676,16.2,6.9,3.74,6249,0.0
0705405003,07054,003,07,04,0705405,07054,"Balears, Illes",Illes Balears,ES,5,3,1,Santa Eulària des Riu,0,0,,0,0,0,0,22810,1.19,2.22,3.533,5.35,7.924,Eivissa,HUT Consell d'Eivissa 2026,municipio,803,6249,676,16.2,6.9,3.74,6249,0.0
0705501001,07055,001,07,04,0705501,07055,"Balears, Illes",Illes Balears,ES,5,3,2,Santa Margalida,18,11,184.0,91,265515,13,18,8414,756.0,1.653,3.008,4.898,6.812,Mallorca,Inside Airbnb 2026-06,seccion_censal,0,0,0,16.2,6.9,3.74,91,2.1392916567625386
0705501002,07055,002,07,04,0705501,07055,"Balears, Illes",Illes Balears,ES,5,3,2,Santa Margalida,36,36,333.75,164,377209,28,35,8414,756.0,1.653,3.008,4.898,6.812,Mallorca,Inside Airbnb 2026-06,seccion_censal,0,0,0,16.2,6.9,3.74,164,4.278583313525077
0705502001,07055,001,07,04,0705502,07055,"Balears, Illes",Illes Balears,ES,5,3,2,Santa Margalida,64,64,419.5,386,859966,48,64,8414,593.0,1.146,2.46,4.239,6.256,Mallorca,Inside Airbnb 2026-06,seccion_censal,0,0,0,16.2,6.9,3.74,386,7.606370335155693
0705502002,07055,002,07,04,0705502,07055,"Balears, Illes",Illes Balears,ES,5,3,2,Santa Margalida,226,225,325.75,1330,2424887,126,226,8414,593.0,1.146,2.46,4.239,6.256,Mallorca,Inside Airbnb 2026-06,seccion_censal,0,0,0,16.2,6.9,3.74,1330,26.85999524601854
0705502003,07055,003,07,04,0705502,07055,"Balears, Illes",Illes Balears,ES,5,3,2,Santa Margalida,178,170,346.0,1044,2067456,94,178,8414,593.0,1.146,2.46,4.239,6.256,Mallorca,Inside Airbnb 2026-06,seccion_censal,0,0,0,16.2,6.9,3.74,1044,21.155217494651772
0705502004,07055,004,07,04,0705502,07055,"Balears, Illes",Illes Balears,ES,5,3,2,Santa Margalida,69,69,292.4,374,855534,37,68,8414,593.0,1.146,2.46,4.239,6.256,Mallorca,Inside Airbnb 2026-06,seccion_censal,0,0,0,16.2,6.9,3.74,374,8.200618017589731
0705502005,07055,005,07,04,0705502,07055,"Balears, Illes",Illes Balears,ES,5,3,2,Santa Margalida,57,57,242.875,347,461208,32,57,8414,593.0,1.146,2.46,4.239,6.256,Mallorca,Inside Airbnb 2026-06,seccion_censal,0,0,0,16.2,6.9,3.74,347,6.774423579748039
0705601001,07056,001,07,04,0705601,07056,"Balears, Illes",Illes Balears,ES,5,3,2,Santa María del Camí,20,14,403.29999999999995,123,240902,14,20,3644,1.172,2.157,3.61,5.177,6.814,Mallorca,Inside Airbnb 2026-06,seccion_censal,0,0,0,16.2,6.9,3.74,123,5.488474204171241
0705601002,07056,002,07,04,0705601,07056,"Balears, Illes",Illes Balears,ES,5,3,2,Santa María del Camí,1,1,2049.0,6,98352,1,1,3644,1.172,2.157,3.61,5.177,6.814,Mallorca,Inside Airbnb 2026-06,seccion_censal,0,0,0,16.2,6.9,3.74,6,0.27442371020856204
0705602001,07056,001,07,04,0705602,07056,"Balears, Illes",Illes Balears,ES,5,3,2,Santa María del Camí,24,18,391.4,147,461451,18,24,3644,1.132,2.242,3.541,5.195,7.381,Mallorca,Inside Airbnb 2026-06,seccion_censal,0,0,0,16.2,6.9,3.74,147,6.586169045005488
0705602002,07056,002,07,04,0705602,07056,"Balears, Illes",Illes Balears,ES,5,3,2,Santa María del Camí,3,3,707.57,26,121158,3,3,3644,1.132,2.242,3.541,5.195,7.381,Mallorca,Inside Airbnb 2026-06,seccion_censal,0,0,0,16.2,6.9,3.74,26,0.823271130625686
0705701001,07057,001,07,04,0705701,07057,"Balears, Illes",Illes Balears,ES,5,3,2,Santanyí,61,56,652.81,424,957409,37,61,12307,0.0,0.0,0.0,0.0,0.0,Mallorca,Inside Airbnb 2026-06,seccion_censal,0,0,0,16.2,6.9,3.74,424,4.956528804745267
0705701002,07057,002,07,04,0705701,07057,"Balears, Illes",Illes Balears,ES,5,3,2,Santanyí,167,150,385.0,862,2180161,67,167,12307,0.0,0.0,0.0,0.0,0.0,Mallorca,Inside Airbnb 2026-06,seccion_censal,0,0,0,16.2,6.9,3.74,862,13.569513285122289
0705701003,07057,003,07,04,0705701,07057,"Balears, Illes",Illes Balears,ES,5,3,2,Santanyí,37,33,570.0,269,271400,24,36,12307,0.0,0.0,0.0,0.0,0.0,Mallorca,Inside Airbnb 2026-06,seccion_censal,0,0,0,16.2,6.9,3.74,269,3.006419111074998
0705701004,07057,004,07,04,0705701,07057,"Balears, Illes",Illes Balears,ES,5,3,2,Santanyí,141,134,452.5,875,2455141,68,141,12307,0.0,0.0,0.0,0.0,0.0,Mallorca,Inside Airbnb 2026-06,seccion_censal,0,0,0,16.2,6.9,3.74,875,11.45689445031283
0705701005,07057,005,07,04,0705701,07057,"Balears, Illes",Illes Balears,ES,5,3,2,Santanyí,195,188,491.33,1292,3578260,94,193,12307,0.0,0.0,0.0,0.0,0.0,Mallorca,Inside Airbnb 2026-06,seccion_censal,0,0,0,16.2,6.9,3.74,1292,15.844641261070935
0705701006,07057,006,07,04,0705701,07057,"Balears, Illes",Illes Balears,ES,5,3,2,Santanyí,146,132,344.2,722,3096640,52,146,12307,0.0,0.0,0.0,0.0,0.0,Mallorca,Inside Airbnb 2026-06,seccion_censal,0,0,0,16.2,6.9,3.74,722,11.863167303160802
0705702001,07057,001,07,04,0705702,07057,"Balears, Illes",Illes Balears,ES,5,3,2,Santanyí,154,152,464.44500000000005,930,2999946,93,153,12307,0.0,0.0,0.0,0.0,0.0,Mallorca,Inside Airbnb 2026-06,seccion_censal,0,0,0,16.2,6.9,3.74,930,12.513203867717559
0705702002,07057,002,07,04,0705702,07057,"Balears, Illes",Illes Balears,ES,5,3,2,Santanyí,69,68,291.75,371,1143895,42,69,12307,0.0,0.0,0.0,0.0,0.0,Mallorca,Inside Airbnb 2026-06,seccion_censal,0,0,0,16.2,6.9,3.74,371,5.6065653693020225
0705801001,07058,001,07,04,0705801,07058,"Balears, Illes",Illes Balears,ES,5,3,2,Selva,98,98,458.14,601,1261367,62,96,2990,886.0,2.108,3.787,5.545,7.829,Mallorca,Inside Airbnb 2026-06,seccion_censal,0,0,0,16.2,6.9,3.74,601,32.775919732441466
0705801002,07058,002,07,04,0705801,07058,"Balears, Illes",Illes Balears,ES,5,3,2,Selva,101,87,353.8,553,1029250,55,101,2990,886.0,2.108,3.787,5.545,7.829,Mallorca,Inside Airbnb 2026-06,seccion_censal,0,0,0,16.2,6.9,3.74,553,33.779264214046826
0705802001,07058,001,07,04,0705802,07058,"Balears, Illes",Illes Balears,ES,5,3,2,Selva,61,47,343.8,335,822456,42,61,2990,1.057,2.071,3.344,4.986,7.207,Mallorca,Inside Airbnb 2026-06,seccion_censal,0,0,0,16.2,6.9,3.74,335,20.401337792642142
0705901001,07059,001,07,04,0705901,07059,"Balears, Illes",Illes Balears,ES,5,3,2,"Salines, Ses",107,104,448.91499999999996,650,1422215,67,107,4922,497.0,819.0,1.722,3.719,6.28,Mallorca,Inside Airbnb 2026-06,seccion_censal,0,0,0,16.2,6.9,3.74,650,21.73913043478261
0705901002,07059,002,07,04,0705901,07059,"Balears, Illes",Illes Balears,ES,5,3,2,"Salines, Ses",134,129,242.4,590,2076549,65,133,4922,497.0,819.0,1.722,3.719,6.28,Mallorca,Inside Airbnb 2026-06,seccion_censal,0,0,0,16.2,6.9,3.74,590,27.224705404307194
0706001001,07060,001,07,04,0706001,07060,"Balears, Illes",Illes Balears,ES,5,3,2,Sineu,44,40,401.0,282,382277,31,43,2727,996.0,1.855,3.116,4.988,7.4,Mallorca,Inside Airbnb 2026-06,seccion_censal,0,0,0,16.2,6.9,3.74,282,16.134946828016137
0706002001,07060,001,07,04,0706002,07060,"Balears, Illes",Illes Balears,ES,5,3,2,Sineu,41,41,394.57,224,421503,28,41,2727,950.0,1.885,3.191,4.919,6.645,Mallorca,Inside Airbnb 2026-06,seccion_censal,0,0,0,16.2,6.9,3.74,224,15.034836817015035
0706101001,07061,001,07,04,0706101,07061,"Balears, Illes",Illes Balears,ES,5,3,2,Sóller,30,24,376.59,181,940436,25,30,8124,1.041,1.957,3.405,5.065,7.255,Mallorca,Inside Airbnb 2026-06,seccion_censal,0,0,0,16.2,6.9,3.74,181,3.692762186115214
0706101002,07061,002,07,04,0706101,07061,"Balears, Illes",Illes Balears,ES,5,3,2,Sóller,7,7,609.86,36,65955,7,7,8124,1.041,1.957,3.405,5.065,7.255,Mallorca,Inside Airbnb 2026-06,seccion_censal,0,0,0,16.2,6.9,3.74,36,0.8616445100935499
0706101003,07061,003,07,04,0706101,07061,"Balears, Illes",Illes Balears,ES,5,3,2,Sóller,24,22,366.86,123,699135,17,24,8124,1.041,1.957,3.405,5.065,7.255,Mallorca,Inside Airbnb 2026-06,seccion_censal,0,0,0,16.2,6.9,3.74,123,2.9542097488921715
0706102001,07061,001,07,04,0706102,07061,"Balears, Illes",Illes Balears,ES,5,3,2,Sóller,55,47,365.0,243,1565340,41,55,8124,893.0,1.937,3.454,5.33,7.608,Mallorca,Inside Airbnb 2026-06,seccion_censal,0,0,0,16.2,6.9,3.74,243,6.770064007877893
0706102002,07061,002,07,04,0706102,07061,"Balears, Illes",Illes Balears,ES,5,3,2,Sóller,29,20,312.8,113,934739,20,29,8124,893.0,1.937,3.454,5.33,7.608,Mallorca,Inside Airbnb 2026-06,seccion_censal,0,0,0,16.2,6.9,3.74,113,3.569670113244707
0706102003,07061,003,07,04,0706102,07061,"Balears, Illes",Illes Balears,ES,5,3,2,Sóller,19,13,277.0,86,233698,12,19,8124,893.0,1.937,3.454,5.33,7.608,Mallorca,Inside Airbnb 2026-06,seccion_censal,0,0,0,16.2,6.9,3.74,86,2.3387493845396357
0706102004,07061,004,07,04,0706102,07061,"Balears, Illes",Illes Balears,ES,5,3,2,Sóller,46,44,428.605,260,1186404,35,46,8124,893.0,1.937,3.454,5.33,7.608,Mallorca,Inside Airbnb 2026-06,seccion_censal,0,0,0,16.2,6.9,3.74,260,5.662235352043329
0706103001,07061,001,07,04,0706103,07061,"Balears, Illes",Illes Balears,ES,5,3,2,Sóller,46,45,583.2,255,1629546,40,46,8124,648.0,1.346,2.643,4.654,7.615,Mallorca,Inside Airbnb 2026-06,seccion_censal,0,0,0,16.2,6.9,3.74,255,5.662235352043329
0706103002,07061,002,07,04,0706103,07061,"Balears, Illes",Illes Balears,ES,5,3,2,Sóller,185,182,312.8,848,5209860,112,185,8124,648.0,1.346,2.643,4.654,7.615,Mallorca,Inside Airbnb 2026-06,seccion_censal,0,0,0,16.2,6.9,3.74,848,22.77203348104382
0706201001,07062,001,07,04,0706201,07062,"Balears, Illes",Illes Balears,ES,5,3,2,Son Servera,12,12,481.0,81,68117,12,12,7830,0.0,0.0,0.0,0.0,0.0,Mallorca,Inside Airbnb 2026-06,seccion_censal,0,0,0,16.2,6.9,3.74,81,1.5325670498084292
0706201002,07062,002,07,04,0706201,07062,"Balears, Illes",Illes Balears,ES,5,3,2,Son Servera,37,37,138.0,133,308619,16,37,7830,0.0,0.0,0.0,0.0,0.0,Mallorca,Inside Airbnb 2026-06,seccion_censal,0,0,0,16.2,6.9,3.74,133,4.725415070242656
0706201003,07062,003,07,04,0706201,07062,"Balears, Illes",Illes Balears,ES,5,3,2,Son Servera,141,141,662.0,981,1316496,76,141,7830,0.0,0.0,0.0,0.0,0.0,Mallorca,Inside Airbnb 2026-06,seccion_censal,0,0,0,16.2,6.9,3.74,981,18.00766283524904
0706201004,07062,004,07,04,0706201,07062,"Balears, Illes",Illes Balears,ES,5,3,2,Son Servera,48,46,176.0,189,664577,27,48,7830,0.0,0.0,0.0,0.0,0.0,Mallorca,Inside Airbnb 2026-06,seccion_censal,0,0,0,16.2,6.9,3.74,189,6.130268199233717
0706201005,07062,005,07,04,0706201,07062,"Balears, Illes",Illes Balears,ES,5,3,2,Son Servera,16,16,229.57,65,191268,12,16,7830,0.0,0.0,0.0,0.0,0.0,Mallorca,Inside Airbnb 2026-06,seccion_censal,0,0,0,16.2,6.9,3.74,65,2.0434227330779056
0706202001,07062,001,07,04,0706202,07062,"Balears, Illes",Illes Balears,ES,5,3,2,Son Servera,54,54,552.285,376,564523,35,54,7830,0.0,0.0,0.0,0.0,0.0,Mallorca,Inside Airbnb 2026-06,seccion_censal,0,0,0,16.2,6.9,3.74,376,6.896551724137931
0706301001,07063,001,07,04,0706301,07063,"Balears, Illes",Illes Balears,ES,5,3,2,Valldemossa,103,94,356.75,559,2603603,63,103,1483,819.0,1.838,3.435,5.546,8.355,Mallorca,Inside Airbnb 2026-06,seccion_censal,0,0,0,16.2,6.9,3.74,559,69.45380984490897
0706401001,07064,001,07,04,0706401,07064,"Balears, Illes",Illes Balears,ES,5,3,3,"Castell, Es",5,0,151.0,10,23939,2,5,4426,748.0,1.573,2.866,4.401,6.385,Menorca,Inside Airbnb 2026-06,seccion_censal,0,0,0,16.2,6.9,3.74,10,1.1296882060551288
0706401002,07064,002,07,04,0706401,07064,"Balears, Illes",Illes Balears,ES,5,3,3,"Castell, Es",2,2,3564.5,18,139062,2,1,4426,748.0,1.573,2.866,4.401,6.385,Menorca,Inside Airbnb 2026-06,seccion_censal,0,0,0,16.2,6.9,3.74,18,0.45187528242205155
0706401003,07064,003,07,04,0706401,07064,"Balears, Illes",Illes Balears,ES,5,3,3,"Castell, Es",27,19,271.0,133,207494,18,27,4426,748.0,1.573,2.866,4.401,6.385,Menorca,Inside Airbnb 2026-06,seccion_censal,0,0,0,16.2,6.9,3.74,133,6.100316312697696
0706401004,07064,004,07,04,0706401,07064,"Balears, Illes",Illes Balears,ES,5,3,3,"Castell, Es",0,0,,0,0,0,0,4426,748.0,1.573,2.866,4.401,6.385,Mallorca,shapefile INE 2025 (sin datos de turismo),seccion_censal,0,0,0,16.2,6.9,3.74,0,0.0
0706401005,07064,005,07,04,0706401,07064,"Balears, Illes",Illes Balears,ES,5,3,3,"Castell, Es",13,11,348.29,59,87564,13,13,4426,748.0,1.573,2.866,4.401,6.385,Menorca,Inside Airbnb 2026-06,seccion_censal,0,0,0,16.2,6.9,3.74,59,2.937189335743335
0706501001,07065,001,07,04,0706501,07065,"Balears, Illes",Illes Balears,ES,5,3,2,Vilafranca de Bonany,7,7,361.96500000000003,38,29529,7,7,1707,961.0,1.919,3.382,5.086,6.873,Mallorca,Inside Airbnb 2026-06,seccion_censal,0,0,0,16.2,6.9,3.74,38,4.100761570005858
0706502001,07065,001,07,04,0706502,07065,"Balears, Illes",Illes Balears,ES,5,3,2,Vilafranca de Bonany,33,33,391.6,219,540544,22,32,1707,1.119,1.995,3.599,5.348,7.429,Mallorca,Inside Airbnb 2026-06,seccion_censal,0,0,0,16.2,6.9,3.74,219,19.332161687170473
0790101001,07901,001,07,04,0790101,07901,"Balears, Illes",Illes Balears,ES,5,3,2,Ariany,87,85,456.14,609,1126032,52,87,0,0.0,0.0,0.0,0.0,0.0,Mallorca,Inside Airbnb 2026-06,seccion_censal,0,0,0,16.2,6.9,3.74,609,0.0
0790201001,07902,001,07,04,0790201,07902,"Balears, Illes",Illes Balears,ES,5,3,3,"Migjorn Gran, Es",45,41,529.29,307,412443,18,45,1180,535.0,1.197,2.796,4.526,6.523,Menorca,Inside Airbnb 2026-06,seccion_censal,0,0,0,16.2,6.9,3.74,307,38.13559322033898
0701002001,07010,001,07,04,0701002,07010,"Balears, Illes",Illes Balears,ES,5,3,2,Bunyola,4,4,182.0,21,38489,4,4,3671,1.001,1.87,3.252,5.338,7.343,Mallorca,Inside Airbnb 2026-06,seccion_censal,0,0,0,16.2,6.9,3.74,21,1.089621356578589
0701002002,07010,002,07,04,0701002,07010,"Balears, Illes",Illes Balears,ES,5,3,2,Bunyola,18,18,799.75,133,527151,17,18,3671,1.001,1.87,3.252,5.338,7.343,Mallorca,Inside Airbnb 2026-06,seccion_censal,0,0,0,16.2,6.9,3.74,133,4.90329610460365
0702204004,07022,004,07,04,0702204,07022,"Balears, Illes",Illes Balears,ES,5,3,2,Felanitx,115,112,405.90999999999997,670,1496380,54,115,13611,593.0,1.184,2.634,4.523,6.902,Mallorca,Inside Airbnb 2026-06,seccion_censal,0,0,0,16.2,6.9,3.74,670,8.449048563661744
0702204003,07022,003,07,04,0702204,07022,"Balears, Illes",Illes Balears,ES,5,3,2,Felanitx,70,70,542.6,445,1566108,46,69,13611,593.0,1.184,2.634,4.523,6.902,Mallorca,Inside Airbnb 2026-06,seccion_censal,0,0,0,16.2,6.9,3.74,445,5.142899125707149
0702604006,07026,006,07,04,0702604,07026,"Balears, Illes",Illes Balears,ES,5,3,1,Eivissa,0,0,,0,0,0,0,23938,1.118,1.863,2.941,4.336,5.984,Eivissa,HUT Consell d'Eivissa 2026,municipio,41,236,22,16.2,6.9,3.74,236,0.0
0702604025,07026,025,07,04,0702604,07026,"Balears, Illes",Illes Balears,ES,5,3,1,Eivissa,0,0,,0,0,0,0,23938,1.118,1.863,2.941,4.336,5.984,Eivissa,HUT Consell d'Eivissa 2026,municipio,41,236,22,16.2,6.9,3.74,236,0.0
0700402001,07004,001,07,04,0700402,07004,"Balears, Illes",Illes Balears,ES,5,3,2,Algaida,31,29,499.58500000000004,195,699735,25,31,4306,0.0,0.0,0.0,0.0,0.0,Mallorca,Inside Airbnb 2026-06,seccion_censal,0,0,0,16.2,6.9,3.74,195,7.199256850905713
0700402002,07004,002,07,04,0700402,07004,"Balears, Illes",Illes Balears,ES,5,3,2,Algaida,9,9,291.43,54,142376,9,9,4306,0.0,0.0,0.0,0.0,0.0,Mallorca,Inside Airbnb 2026-06,seccion_censal,0,0,0,16.2,6.9,3.74,54,2.0901068276823036
0704601011,07046,011,07,04,0704601,07046,"Balears, Illes",Illes Balears,ES,5,3,1,Sant Antoni de Portmany,0,0,,0,0,0,0,12116,0.0,0.0,0.0,0.0,0.0,Eivissa,HUT Consell d'Eivissa 2026,municipio,330,2486,254,16.2,6.9,3.74,2486,0.0
0704601009,07046,009,07,04,0704601,07046,"Balears, Illes",Illes Balears,ES,5,3,1,Sant Antoni de Portmany,0,0,,0,0,0,0,12116,0.0,0.0,0.0,0.0,0.0,Eivissa,HUT Consell d'Eivissa 2026,municipio,330,2486,254,16.2,6.9,3.74,2486,0.0
0704601002,07046,002,07,04,0704601,07046,"Balears, Illes",Illes Balears,ES,5,3,1,Sant Antoni de Portmany,0,0,,0,0,0,0,12116,0.0,0.0,0.0,0.0,0.0,Eivissa,HUT Consell d'Eivissa 2026,municipio,330,2486,254,16.2,6.9,3.74,2486,0.0
0704003044,07040,044,07,04,0704003,07040,"Balears, Illes",Illes Balears,ES,5,3,2,Palma,2,2,1231.835,18,344880,2,2,186482,1.058,1.68,2.576,3.786,5.338,Mallorca,Inside Airbnb 2026-06,seccion_censal,0,0,0,16.2,6.9,3.74,18,0.010724895700389314
0704003056,07040,056,07,04,0704003,07040,"Balears, Illes",Illes Balears,ES,5,3,2,Palma,0,0,,0,0,0,0,186482,1.058,1.68,2.576,3.786,5.338,Mallorca,shapefile INE 2025 (sin datos de turismo),seccion_censal,0,0,0,16.2,6.9,3.74,0,0.0
0701502002,07015,002,07,04,0701502,07015,"Balears, Illes",Illes Balears,ES,5,3,3,Ciutadella de Menorca,70,70,272.0,381,634834,33,67,17887,823.0,1.729,2.987,4.292,5.772,Menorca,Inside Airbnb 2026-06,seccion_censal,0,0,0,16.2,6.9,3.74,381,3.9134567003969365
0701502005,07015,005,07,04,0701502,07015,"Balears, Illes",Illes Balears,ES,5,3,3,Ciutadella de Menorca,1,1,354.0,5,12744,1,1,17887,823.0,1.729,2.987,4.292,5.772,Menorca,Inside Airbnb 2026-06,seccion_censal,0,0,0,16.2,6.9,3.74,5,0.055906524291384804
0705202002,07052,002,07,04,0705202,07052,"Balears, Illes",Illes Balears,ES,5,3,3,Sant Lluís,324,324,545.0,2105,5303330,179,318,5312,0.0,0.0,0.0,0.0,0.0,Menorca,Inside Airbnb 2026-06,seccion_censal,0,0,0,16.2,6.9,3.74,2105,60.99397590361446
0705202003,07052,003,07,04,0705202,07052,"Balears, Illes",Illes Balears,ES,5,3,3,Sant Lluís,155,151,518.2,941,2462048,76,145,5312,0.0,0.0,0.0,0.0,0.0,Menorca,Inside Airbnb 2026-06,seccion_censal,0,0,0,16.2,6.9,3.74,941,29.17921686746988
0703701003,07037,003,07,04,0703701,07037,"Balears, Illes",Illes Balears,ES,5,3,3,"Mercadal, Es",161,160,284.0,801,2043709,66,150,7208,392.0,681.0,1.66,3.477,5.568,Menorca,Inside Airbnb 2026-06,seccion_censal,0,0,0,16.2,6.9,3.74,801,22.336293007769147
0703701004,07037,004,07,04,0703701,07037,"Balears, Illes",Illes Balears,ES,5,3,3,"Mercadal, Es",509,502,273.0,2560,4818965,276,486,7208,392.0,681.0,1.66,3.477,5.568,Menorca,Inside Airbnb 2026-06,seccion_censal,0,0,0,16.2,6.9,3.74,2560,70.61598224195338
0703104008,07031,008,07,04,0703104,07031,"Balears, Illes",Illes Balears,ES,5,3,2,Llucmajor,33,32,679.0,268,1009328,28,33,23312,931.0,1.877,3.181,4.956,7.202,Mallorca,Inside Airbnb 2026-06,seccion_censal,0,0,0,16.2,6.9,3.74,268,1.415579958819492
0703104015,07031,015,07,04,0703104,07031,"Balears, Illes",Illes Balears,ES,5,3,2,Llucmajor,11,11,505.0,77,421191,10,11,23312,931.0,1.877,3.181,4.956,7.202,Mallorca,Inside Airbnb 2026-06,seccion_censal,0,0,0,16.2,6.9,3.74,77,0.47185998627316406
0702702005,07027,005,07,04,0702702,07027,"Balears, Illes",Illes Balears,ES,5,3,2,Inca,0,0,,0,0,0,0,15863,1.231,2.162,3.343,4.732,6.294,Mallorca,shapefile INE 2025 (sin datos de turismo),seccion_censal,0,0,0,16.2,6.9,3.74,0,0.0
0702702008,07027,008,07,04,0702702,07027,"Balears, Illes",Illes Balears,ES,5,3,2,Inca,0,0,,0,0,0,0,15863,1.231,2.162,3.343,4.732,6.294,Mallorca,shapefile INE 2025 (sin datos de turismo),seccion_censal,0,0,0,16.2,6.9,3.74,0,0.0
0704402001,07044,001,07,04,0704402,07044,"Balears, Illes",Illes Balears,ES,5,3,2,"Pobla, Sa",4,4,729.855,23,22212,4,4,6504,904.0,1.825,3.337,5.086,6.773,Mallorca,Inside Airbnb 2026-06,seccion_censal,0,0,0,16.2,6.9,3.74,23,0.6150061500615006
0704401001,07044,001,07,04,0704401,07044,"Balears, Illes",Illes Balears,ES,5,3,2,"Pobla, Sa",7,7,269.2,41,146362,6,7,6504,928.0,2.035,3.502,5.166,6.988,Mallorca,Inside Airbnb 2026-06,seccion_censal,0,0,0,16.2,6.9,3.74,41,1.076260762607626
0704402002,07044,002,07,04,0704402,07044,"Balears, Illes",Illes Balears,ES,5,3,2,"Pobla, Sa",41,41,386.53499999999997,276,601515,24,41,6504,904.0,1.825,3.337,5.086,6.773,Mallorca,Inside Airbnb 2026-06,seccion_censal,0,0,0,16.2,6.9,3.74,276,6.3038130381303805
0704004077,07040,077,07,04,0704004,07040,"Balears, Illes",Illes Balears,ES,5,3,2,Palma,0,0,,0,0,0,0,186482,1.039,1.681,2.595,3.808,5.281,Mallorca,shapefile INE 2025 (sin datos de turismo),seccion_censal,0,0,0,16.2,6.9,3.74,0,0.0
0704004089,07040,089,07,04,0704004,07040,"Balears, Illes",Illes Balears,ES,5,3,2,Palma,0,0,,0,0,0,0,186482,1.039,1.681,2.595,3.808,5.281,Mallorca,shapefile INE 2025 (sin datos de turismo),seccion_censal,0,0,0,16.2,6.9,3.74,0,0.0
0704002063,07040,063,07,04,0704002,07040,"Balears, Illes",Illes Balears,ES,5,3,2,Palma,12,12,220.0,38,389429,9,11,186482,1.001,1.636,2.567,3.834,5.528,Mallorca,Inside Airbnb 2026-06,seccion_censal,0,0,0,16.2,6.9,3.74,38,0.06434937420233589
0703601006,07036,006,07,04,0703601,07036,"Balears, Illes",Illes Balears,ES,5,3,2,Marratxí,5,4,761.0,30,124146,5,5,15048,1.459,2.505,3.863,5.755,8.036,Mallorca,Inside Airbnb 2026-06,seccion_censal,0,0,0,16.2,6.9,3.74,30,0.3322700691121744
0703601008,07036,008,07,04,0703601,07036,"Balears, Illes",Illes Balears,ES,5,3,2,Marratxí,2,2,934.75,32,46605,2,2,15048,1.459,2.505,3.863,5.755,8.036,Mallorca,Inside Airbnb 2026-06,seccion_censal,0,0,0,16.2,6.9,3.74,32,0.13290802764486975
