Total Nacional;Comunidades y Ciudades Autónomas;Provincias;Municipios;Consumo eléctrico;Total
Total Nacional;;;;Viviendas totales;26.623.708
Total Nacional;01 Andalucía;04 Almería;;Viviendas totales;433.763
Total Nacional;01 Andalucía;04 Almería;04001 Abla;Viviendas totales;1.076
Total Nacional;01 Andalucía;04 Almería;04002 Abrucena;Viviendas totales;921
Total Nacional;01 Andalucía;04 Almería;04003 Adra;Viviendas totales;12.315
Total Nacional;01 Andalucía;04 Almería;04006 Albox;Viviendas totales;6.919
Total Nacional;01 Andalucía;04 Almería;04011 Alhama de Almería;Viviendas totales;2.336
Total Nacional;01 Andalucía;04 Almería;04013 Almería;Viviendas totales;100.957
Total Nacional;01 Andalucía;04 Almería;04016 Antas;Viviendas totales;1.958
Total Nacional;01 Andalucía;04 Almería;04017 Arboleas;Viviendas totales;2.775
Total Nacional;01 Andalucía;04 Almería;04024 Benahadux;Viviendas totales;2.125
Total Nacional;01 Andalucía;04 Almería;04029 Berja;Viviendas totales;6.748
Total Nacional;01 Andalucía;04 Almería;04030 Canjáyar;Viviendas totales;1.124
Total Nacional;01 Andalucía;04 Almería;04031 Cantoria;Viviendas totales;2.499
Total Nacional;01 Andalucía;04 Almería;04032 Carboneras;Viviendas totales;6.292
Total Nacional;01 Andalucía;04 Almería;04035 Cuevas del Almanzora;Viviendas totales;10.472
Total Nacional;01 Andalucía;04 Almería;04037 Chirivel;Viviendas totales;1.477
Total Nacional;01 Andalucía;04 Almería;04038 Dalías;Viviendas totales;2.190
Total Nacional;01 Andalucía;04 Almería;04044 Fines;Viviendas totales;1.217
Total Nacional;01 Andalucía;04 Almería;04045 Fiñana;Viviendas totales;1.580
Total Nacional;01 Andalucía;04 Almería;04046 Fondón;Viviendas totales;1.452
Total Nacional;01 Andalucía;04 Almería;04047 Gádor;Viviendas totales;1.701
Total Nacional;01 Andalucía;04 Almería;04048 Gallardos, Los;Viviendas totales;1.814
Total Nacional;01 Andalucía;04 Almería;04049 Garrucha;Viviendas totales;7.060
Total Nacional;01 Andalucía;04 Almería;04050 Gérgal;Viviendas totales;1.153
Total Nacional;01 Andalucía;04 Almería;04052 Huércal de Almería;Viviendas totales;7.221
Total Nacional;01 Andalucía;04 Almería;04053 Huércal-Overa;Viviendas totales;11.071
Total Nacional;01 Andalucía;04 Almería;04057 Laujar de Andarax;Viviendas totales;1.469
Total Nacional;01 Andalucía;04 Almería;04059 Lubrín;Viviendas totales;1.878
Total Nacional;01 Andalucía;04 Almería;04062 Macael;Viviendas totales;3.006
Total Nacional;01 Andalucía;04 Almería;04063 María;Viviendas totales;1.128
Total Nacional;01 Andalucía;04 Almería;04064 Mojácar;Viviendas totales;9.663
Total Nacional;01 Andalucía;04 Almería;04066 Níjar;Viviendas totales;15.503
Total Nacional;01 Andalucía;04 Almería;04069 Olula del Río;Viviendas totales;3.658
Total Nacional;01 Andalucía;04 Almería;04070 Oria;Viviendas totales;1.946
Total Nacional;01 Andalucía;04 Almería;04072 Partaloa;Viviendas totales;641
Total Nacional;01 Andalucía;04 Almería;04074 Pechina;Viviendas totales;2.689
Total Nacional;01 Andalucía;04 Almería;04075 Pulpí;Viviendas totales;8.663
Total Nacional;01 Andalucía;04 Almería;04076 Purchena;Viviendas totales;1.161
Total Nacional;01 Andalucía;04 Almería;04078 Rioja;Viviendas totales;800
Total Nacional;01 Andalucía;04 Almería;04079 Roquetas de Mar;Viviendas totales;62.150
Total Nacional;01 Andalucía;04 Almería;04083 Serón;Viviendas totales;1.851
Total Nacional;01 Andalucía;04 Almería;04086 Sorbas;Viviendas totales;2.275
Total Nacional;01 Andalucía;04 Almería;04088 Tabernas;Viviendas totales;2.642
Total Nacional;01 Andalucía;04 Almería;04092 Tíjola;Viviendas totales;2.235
Total Nacional;01 Andalucía;04 Almería;04093 Turre;Viviendas totales;3.216
Total Nacional;01 Andalucía;04 Almería;04098 Vélez-Blanco;Viviendas totales;2.414
Total Nacional;01 Andalucía;04 Almería;04099 Vélez-Rubio;Viviendas totales;4.837
Total Nacional;01 Andalucía;04 Almería;04100 Vera;Viviendas totales;20.964
Total Nacional;01 Andalucía;04 Almería;04101 Viator;Viviendas totales;2.723
Total Nacional;01 Andalucía;04 Almería;04102 Vícar;Viviendas totales;12.123
Total Nacional;01 Andalucía;04 Almería;04103 Zurgena;Viviendas totales;2.114
Total Nacional;01 Andalucía;04 Almería;04902 Ejido, El;Viviendas totales;40.014
Total Nacional;01 Andalucía;04 Almería;04903 Mojonera, La;Viviendas totales;2.818
Total Nacional;01 Andalucía;04 Almería;04904 Balanegra;Viviendas totales;1.712
Total Nacional;01 Andalucía;04 Almería;04999 Resto de Almería;Viviendas totales;21.017
Total Nacional;01 Andalucía;11 Cádiz;;Viviendas totales;648.306
Total Nacional;01 Andalucía;11 Cádiz;11001 Alcalá de los Gazules;Viviendas totales;3.403
Total Nacional;01 Andalucía;11 Cádiz;11002 Alcalá del Valle;Viviendas totales;2.436
Total Nacional;01 Andalucía;11 Cádiz;11003 Algar;Viviendas totales;931
Total Nacional;01 Andalucía;11 Cádiz;11004 Algeciras;Viviendas totales;55.815
Total Nacional;01 Andalucía;11 Cádiz;11005 Algodonales;Viviendas totales;3.445
Total Nacional;01 Andalucía;11 Cádiz;11006 Arcos de la Frontera;Viviendas totales;15.460
Total Nacional;01 Andalucía;11 Cádiz;11007 Barbate;Viviendas totales;14.124
Total Nacional;01 Andalucía;11 Cádiz;11008 Barrios, Los;Viviendas totales;10.707
Total Nacional;01 Andalucía;11 Cádiz;11010 Bornos;Viviendas totales;3.793
Total Nacional;01 Andalucía;11 Cádiz;11011 Bosque, El;Viviendas totales;1.565
Total Nacional;01 Andalucía;11 Cádiz;11012 Cádiz;Viviendas totales;56.479
Total Nacional;01 Andalucía;11 Cádiz;11013 Castellar de la Frontera;Viviendas totales;1.420
Total Nacional;01 Andalucía;11 Cádiz;11014 Conil de la Frontera;Viviendas totales;16.919
Total Nacional;01 Andalucía;11 Cádiz;11015 Chiclana de la Frontera;Viviendas totales;49.229
Total Nacional;01 Andalucía;11 Cádiz;11016 Chipiona;Viviendas totales;19.902
Total Nacional;01 Andalucía;11 Cádiz;11017 Espera;Viviendas totales;1.934
Total Nacional;01 Andalucía;11 Cádiz;11018 Gastor, El;Viviendas totales;1.223
Total Nacional;01 Andalucía;11 Cádiz;11019 Grazalema;Viviendas totales;1.857
Total Nacional;01 Andalucía;11 Cádiz;11020 Jerez de la Frontera;Viviendas totales;92.974
Total Nacional;01 Andalucía;11 Cádiz;11021 Jimena de la Frontera;Viviendas totales;4.238
Total Nacional;01 Andalucía;11 Cádiz;11022 Línea de la Concepción, La;Viviendas totales;30.028
Total Nacional;01 Andalucía;11 Cádiz;11023 Medina Sidonia;Viviendas totales;6.035
Total Nacional;01 Andalucía;11 Cádiz;11024 Olvera;Viviendas totales;5.410
Total Nacional;01 Andalucía;11 Cádiz;11025 Paterna de Rivera;Viviendas totales;2.657
Total Nacional;01 Andalucía;11 Cádiz;11026 Prado del Rey;Viviendas totales;3.163
Total Nacional;01 Andalucía;11 Cádiz;11027 Puerto de Santa María, El;Viviendas totales;49.077
Total Nacional;01 Andalucía;11 Cádiz;11028 Puerto Real;Viviendas totales;18.626
Total Nacional;01 Andalucía;11 Cádiz;11029 Puerto Serrano;Viviendas totales;3.253
Total Nacional;01 Andalucía;11 Cádiz;11030 Rota;Viviendas totales;26.868
Total Nacional;01 Andalucía;11 Cádiz;11031 San Fernando;Viviendas totales;39.564
Total Nacional;01 Andalucía;11 Cádiz;11032 Sanlúcar de Barrameda;Viviendas totales;34.536
Total Nacional;01 Andalucía;11 Cádiz;11033 San Roque;Viviendas totales;19.625
Total Nacional;01 Andalucía;11 Cádiz;11034 Setenil de las Bodegas;Viviendas totales;1.727
Total Nacional;01 Andalucía;11 Cádiz;11035 Tarifa;Viviendas totales;13.599
Total Nacional;01 Andalucía;11 Cádiz;11037 Trebujena;Viviendas totales;3.344
Total Nacional;01 Andalucía;11 Cádiz;11038 Ubrique;Viviendas totales;8.361
Total Nacional;01 Andalucía;11 Cádiz;11039 Vejer de la Frontera;Viviendas totales;8.392
Total Nacional;01 Andalucía;11 Cádiz;11041 Villamartín;Viviendas totales;6.185
Total Nacional;01 Andalucía;11 Cádiz;11042 Zahara;Viviendas totales;915
Total Nacional;01 Andalucía;11 Cádiz;11901 Benalup-Casas Viejas;Viviendas totales;3.519
Total Nacional;01 Andalucía;11 Cádiz;11902 San José del Valle;Viviendas totales;2.360
Total Nacional;01 Andalucía;11 Cádiz;11903 San Martín del Tesorillo;Viviendas totales;1.346
Total Nacional;01 Andalucía;11 Cádiz;11999 Resto de Cádiz;Viviendas totales;1.862
Total Nacional;01 Andalucía;14 Córdoba;;Viviendas totales;414.025
Total Nacional;01 Andalucía;14 Córdoba;14001 Adamuz;Viviendas totales;2.733
Total Nacional;01 Andalucía;14 Córdoba;14002 Aguilar de la Frontera;Viviendas totales;7.205
Total Nacional;01 Andalucía;14 Córdoba;14003 Alcaracejos;Viviendas totales;1.374
Total Nacional;01 Andalucía;14 Córdoba;14004 Almedinilla;Viviendas totales;1.534
Total Nacional;01 Andalucía;14 Córdoba;14005 Almodóvar del Río;Viviendas totales;4.189
Total Nacional;01 Andalucía;14 Córdoba;14006 Añora;Viviendas totales;1.250
Total Nacional;01 Andalucía;14 Córdoba;14007 Baena;Viviendas totales;9.842
Total Nacional;01 Andalucía;14 Córdoba;14008 Belalcázar;Viviendas totales;2.617
Total Nacional;01 Andalucía;14 Córdoba;14009 Belmez;Viviendas totales;2.156
Total Nacional;01 Andalucía;14 Córdoba;14010 Benamejí;Viviendas totales;2.691
Total Nacional;01 Andalucía;14 Córdoba;14012 Bujalance;Viviendas totales;3.509
Total Nacional;01 Andalucía;14 Córdoba;14013 Cabra;Viviendas totales;10.928
Total Nacional;01 Andalucía;14 Córdoba;14014 Cañete de las Torres;Viviendas totales;1.734
Total Nacional;01 Andalucía;14 Córdoba;14015 Carcabuey;Viviendas totales;1.716
Total Nacional;01 Andalucía;14 Córdoba;14016 Cardeña;Viviendas totales;1.629
Total Nacional;01 Andalucía;14 Córdoba;14017 Carlota, La;Viviendas totales;7.327
Total Nacional;01 Andalucía;14 Córdoba;14018 Carpio, El;Viviendas totales;2.334
Total Nacional;01 Andalucía;14 Córdoba;14019 Castro del Río;Viviendas totales;3.748
Total Nacional;01 Andalucía;14 Córdoba;14021 Córdoba;Viviendas totales;155.400
Total Nacional;01 Andalucía;14 Córdoba;14022 Doña Mencía;Viviendas totales;2.302
Total Nacional;01 Andalucía;14 Córdoba;14023 Dos Torres;Viviendas totales;1.616
Total Nacional;01 Andalucía;14 Córdoba;14024 Encinas Reales;Viviendas totales;1.327
Total Nacional;01 Andalucía;14 Córdoba;14025 Espejo;Viviendas totales;1.829
Total Nacional;01 Andalucía;14 Córdoba;14026 Espiel;Viviendas totales;1.393
Total Nacional;01 Andalucía;14 Córdoba;14027 Fernán-Núñez;Viviendas totales;5.132
Total Nacional;01 Andalucía;14 Córdoba;14029 Fuente Obejuna;Viviendas totales;3.804
Total Nacional;01 Andalucía;14 Córdoba;14030 Fuente Palmera;Viviendas totales;5.012
Total Nacional;01 Andalucía;14 Córdoba;14033 Guadalcázar;Viviendas totales;833
Total Nacional;01 Andalucía;14 Córdoba;14035 Hinojosa del Duque;Viviendas totales;4.973
Total Nacional;01 Andalucía;14 Córdoba;14036 Hornachuelos;Viviendas totales;2.836
Total Nacional;01 Andalucía;14 Córdoba;14037 Iznájar;Viviendas totales;3.059
Total Nacional;01 Andalucía;14 Córdoba;14038 Lucena;Viviendas totales;21.141
Total Nacional;01 Andalucía;14 Córdoba;14039 Luque;Viviendas totales;2.110
Total Nacional;01 Andalucía;14 Córdoba;14040 Montalbán de Córdoba;Viviendas totales;2.139
Total Nacional;01 Andalucía;14 Córdoba;14041 Montemayor;Viviendas totales;2.140
Total Nacional;01 Andalucía;14 Córdoba;14042 Montilla;Viviendas totales;12.033
Total Nacional;01 Andalucía;14 Córdoba;14043 Montoro;Viviendas totales;5.828
Total Nacional;01 Andalucía;14 Córdoba;14044 Monturque;Viviendas totales;1.006
Total Nacional;01 Andalucía;14 Córdoba;14045 Moriles;Viviendas totales;2.058
Total Nacional;01 Andalucía;14 Córdoba;14046 Nueva Carteya;Viviendas totales;2.681
Total Nacional;01 Andalucía;14 Córdoba;14047 Obejo;Viviendas totales;1.373
Total Nacional;01 Andalucía;14 Córdoba;14048 Palenciana;Viviendas totales;835
Total Nacional;01 Andalucía;14 Córdoba;14049 Palma del Río;Viviendas totales;10.008
Total Nacional;01 Andalucía;14 Córdoba;14050 Pedro Abad;Viviendas totales;1.562
Total Nacional;01 Andalucía;14 Córdoba;14051 Pedroche;Viviendas totales;1.127
Total Nacional;01 Andalucía;14 Córdoba;14052 Peñarroya-Pueblonuevo;Viviendas totales;6.199
Total Nacional;01 Andalucía;14 Córdoba;14053 Posadas;Viviendas totales;4.028
Total Nacional;01 Andalucía;14 Córdoba;14054 Pozoblanco;Viviendas totales;9.979
Total Nacional;01 Andalucía;14 Córdoba;14055 Priego de Córdoba;Viviendas totales;13.476
Total Nacional;01 Andalucía;14 Córdoba;14056 Puente Genil;Viviendas totales;14.955
Total Nacional;01 Andalucía;14 Córdoba;14057 Rambla, La;Viviendas totales;3.741
Total Nacional;01 Andalucía;14 Córdoba;14058 Rute;Viviendas totales;5.819
Total Nacional;01 Andalucía;14 Córdoba;14060 Santaella;Viviendas totales;2.354
Total Nacional;01 Andalucía;14 Córdoba;14062 Torrecampo;Viviendas totales;1.123
Total Nacional;01 Andalucía;14 Córdoba;14063 Valenzuela;Viviendas totales;912
Total Nacional;01 Andalucía;14 Córdoba;14065 Victoria, La;Viviendas totales;1.259
Total Nacional;01 Andalucía;14 Córdoba;14066 Villa del Río;Viviendas totales;3.179
Total Nacional;01 Andalucía;14 Córdoba;14067 Villafranca de Córdoba;Viviendas totales;2.477
Total Nacional;01 Andalucía;14 Córdoba;14069 Villanueva de Córdoba;Viviendas totales;5.830
Total Nacional;01 Andalucía;14 Córdoba;14070 Villanueva del Duque;Viviendas totales;1.370
Total Nacional;01 Andalucía;14 Córdoba;14071 Villanueva del Rey;Viviendas totales;1.092
Total Nacional;01 Andalucía;14 Córdoba;14072 Villaralto;Viviendas totales;1.019
Total Nacional;01 Andalucía;14 Córdoba;14073 Villaviciosa de Córdoba;Viviendas totales;2.854
Total Nacional;01 Andalucía;14 Córdoba;14074 Viso, El;Viviendas totales;1.921
Total Nacional;01 Andalucía;14 Córdoba;14901 Fuente Carreteros;Viviendas totales;589
Total Nacional;01 Andalucía;14 Córdoba;14902 Guijarrosa, La;Viviendas totales;669
Total Nacional;01 Andalucía;14 Córdoba;14999 Resto de Córdoba;Viviendas totales;5.107
Total Nacional;01 Andalucía;18 Granada;;Viviendas totales;573.692
Total Nacional;01 Andalucía;18 Granada;18003 Albolote;Viviendas totales;9.477
Total Nacional;01 Andalucía;18 Granada;18006 Albuñol;Viviendas totales;3.706
Total Nacional;01 Andalucía;18 Granada;18011 Alfacar;Viviendas totales;3.105
Total Nacional;01 Andalucía;18 Granada;18012 Algarinejo;Viviendas totales;2.148
Total Nacional;01 Andalucía;18 Granada;18013 Alhama de Granada;Viviendas totales;3.758
Total Nacional;01 Andalucía;18 Granada;18014 Alhendín;Viviendas totales;4.948
Total Nacional;01 Andalucía;18 Granada;18017 Almuñécar;Viviendas totales;29.769
Total Nacional;01 Andalucía;18 Granada;18021 Armilla;Viviendas totales;11.389
Total Nacional;01 Andalucía;18 Granada;18022 Atarfe;Viviendas totales;10.234
Total Nacional;01 Andalucía;18 Granada;18023 Baza;Viviendas totales;11.471
Total Nacional;01 Andalucía;18 Granada;18027 Benalúa;Viviendas totales;1.825
Total Nacional;01 Andalucía;18 Granada;18028 Benalúa de las Villas;Viviendas totales;734
Total Nacional;01 Andalucía;18 Granada;18029 Benamaurel;Viviendas totales;1.615
Total Nacional;01 Andalucía;18 Granada;18035 Cádiar;Viviendas totales;1.260
Total Nacional;01 Andalucía;18 Granada;18036 Cájar;Viviendas totales;2.431
Total Nacional;01 Andalucía;18 Granada;18038 Campotéjar;Viviendas totales;845
Total Nacional;01 Andalucía;18 Granada;18039 Caniles;Viviendas totales;2.448
Total Nacional;01 Andalucía;18 Granada;18045 Castilléjar;Viviendas totales;1.390
Total Nacional;01 Andalucía;18 Granada;18046 Castril;Viviendas totales;1.614
Total Nacional;01 Andalucía;18 Granada;18047 Cenes de la Vega;Viviendas totales;4.176
Total Nacional;01 Andalucía;18 Granada;18048 Cijuela;Viviendas totales;1.951
Total Nacional;01 Andalucía;18 Granada;18050 Cogollos de la Vega;Viviendas totales;1.375
Total Nacional;01 Andalucía;18 Granada;18051 Colomera;Viviendas totales;981
Total Nacional;01 Andalucía;18 Granada;18053 Cortes de Baza;Viviendas totales;1.561
Total Nacional;01 Andalucía;18 Granada;18056 Cúllar;Viviendas totales;2.773
Total Nacional;01 Andalucía;18 Granada;18057 Cúllar Vega;Viviendas totales;3.199
Total Nacional;01 Andalucía;18 Granada;18059 Chauchina;Viviendas totales;2.763
Total Nacional;01 Andalucía;18 Granada;18061 Chimeneas;Viviendas totales;863
Total Nacional;01 Andalucía;18 Granada;18062 Churriana de la Vega;Viviendas totales;7.748
Total Nacional;01 Andalucía;18 Granada;18063 Darro;Viviendas totales;907
Total Nacional;01 Andalucía;18 Granada;18066 Deifontes;Viviendas totales;1.278
Total Nacional;01 Andalucía;18 Granada;18068 Dílar;Viviendas totales;1.166
Total Nacional;01 Andalucía;18 Granada;18071 Dúrcal;Viviendas totales;4.403
Total Nacional;01 Andalucía;18 Granada;18079 Fuente Vaqueros;Viviendas totales;2.394
Total Nacional;01 Andalucía;18 Granada;18082 Galera;Viviendas totales;2.371
Total Nacional;01 Andalucía;18 Granada;18084 Gójar;Viviendas totales;3.017
Total Nacional;01 Andalucía;18 Granada;18087 Granada;Viviendas totales;141.257
Total Nacional;01 Andalucía;18 Granada;18088 Guadahortuna;Viviendas totales;1.186
Total Nacional;01 Andalucía;18 Granada;18089 Guadix;Viviendas totales;11.023
Total Nacional;01 Andalucía;18 Granada;18093 Gualchos;Viviendas totales;4.070
Total Nacional;01 Andalucía;18 Granada;18094 Güéjar Sierra;Viviendas totales;2.185
Total Nacional;01 Andalucía;18 Granada;18095 Güevéjar;Viviendas totales;1.205
Total Nacional;01 Andalucía;18 Granada;18097 Huéneja;Viviendas totales;1.032
Total Nacional;01 Andalucía;18 Granada;18098 Huéscar;Viviendas totales;5.799
Total Nacional;01 Andalucía;18 Granada;18099 Huétor de Santillán;Viviendas totales;1.258
Total Nacional;01 Andalucía;18 Granada;18100 Huétor Tájar;Viviendas totales;5.261
Total Nacional;01 Andalucía;18 Granada;18101 Huétor Vega;Viviendas totales;5.304
Total Nacional;01 Andalucía;18 Granada;18102 Íllora;Viviendas totales;6.424
Total Nacional;01 Andalucía;18 Granada;18105 Iznalloz;Viviendas totales;2.830
Total Nacional;01 Andalucía;18 Granada;18107 Jayena;Viviendas totales;712
Total Nacional;01 Andalucía;18 Granada;18111 Jun;Viviendas totales;1.624
Total Nacional;01 Andalucía;18 Granada;18115 Láchar;Viviendas totales;1.945
Total Nacional;01 Andalucía;18 Granada;18116 Lanjarón;Viviendas totales;2.765
Total Nacional;01 Andalucía;18 Granada;18119 Lecrín;Viviendas totales;1.755
Total Nacional;01 Andalucía;18 Granada;18122 Loja;Viviendas totales;11.951
Total Nacional;01 Andalucía;18 Granada;18126 Malahá, La;Viviendas totales;1.045
Total Nacional;01 Andalucía;18 Granada;18127 Maracena;Viviendas totales;9.972
Total Nacional;01 Andalucía;18 Granada;18132 Moclín;Viviendas totales;2.745
Total Nacional;01 Andalucía;18 Granada;18133 Molvízar;Viviendas totales;1.748
Total Nacional;01 Andalucía;18 Granada;18134 Monachil;Viviendas totales;7.905
Total Nacional;01 Andalucía;18 Granada;18135 Montefrío;Viviendas totales;4.072
Total Nacional;01 Andalucía;18 Granada;18136 Montejícar;Viviendas totales;1.458
Total Nacional;01 Andalucía;18 Granada;18137 Montillana;Viviendas totales;871
Total Nacional;01 Andalucía;18 Granada;18138 Moraleda de Zafayona;Viviendas totales;1.830
Total Nacional;01 Andalucía;18 Granada;18140 Motril;Viviendas totales;32.841
Total Nacional;01 Andalucía;18 Granada;18143 Nigüelas;Viviendas totales;883
Total Nacional;01 Andalucía;18 Granada;18144 Nívar;Viviendas totales;603
Total Nacional;01 Andalucía;18 Granada;18145 Ogíjares;Viviendas totales;6.632
Total Nacional;01 Andalucía;18 Granada;18146 Orce;Viviendas totales;1.226
Total Nacional;01 Andalucía;18 Granada;18147 Órgiva;Viviendas totales;3.738
Total Nacional;01 Andalucía;18 Granada;18148 Otívar;Viviendas totales;752
Total Nacional;01 Andalucía;18 Granada;18149 Villa de Otura;Viviendas totales;3.536
Total Nacional;01 Andalucía;18 Granada;18150 Padul;Viviendas totales;5.517
Total Nacional;01 Andalucía;18 Granada;18152 Pedro Martínez;Viviendas totales;944
Total Nacional;01 Andalucía;18 Granada;18153 Peligros;Viviendas totales;5.013
Total Nacional;01 Andalucía;18 Granada;18154 Peza, La;Viviendas totales;1.038
Total Nacional;01 Andalucía;18 Granada;18157 Pinos Genil;Viviendas totales;911
Total Nacional;01 Andalucía;18 Granada;18158 Pinos Puente;Viviendas totales;5.769
Total Nacional;01 Andalucía;18 Granada;18159 Píñar;Viviendas totales;822
Total Nacional;01 Andalucía;18 Granada;18162 Polopos;Viviendas totales;1.519
Total Nacional;01 Andalucía;18 Granada;18164 Puebla de Don Fadrique;Viviendas totales;1.916
Total Nacional;01 Andalucía;18 Granada;18165 Pulianas;Viviendas totales;2.381
Total Nacional;01 Andalucía;18 Granada;18167 Purullena;Viviendas totales;1.368
Total Nacional;01 Andalucía;18 Granada;18171 Salar;Viviendas totales;1.692
Total Nacional;01 Andalucía;18 Granada;18173 Salobreña;Viviendas totales;11.610
Total Nacional;01 Andalucía;18 Granada;18175 Santa Fe;Viviendas totales;7.685
Total Nacional;01 Andalucía;18 Granada;18182 Ugíjar;Viviendas totales;1.854
Total Nacional;01 Andalucía;18 Granada;18184 Vélez de Benaudalla;Viviendas totales;2.469
Total Nacional;01 Andalucía;18 Granada;18188 Villanueva Mesía;Viviendas totales;1.092
Total Nacional;01 Andalucía;18 Granada;18189 Víznar;Viviendas totales;582
Total Nacional;01 Andalucía;18 Granada;18192 Zafarraya;Viviendas totales;1.282
Total Nacional;01 Andalucía;18 Granada;18193 Zubia, La;Viviendas totales;9.556
Total Nacional;01 Andalucía;18 Granada;18194 Zújar;Viviendas totales;1.762
Total Nacional;01 Andalucía;18 Granada;18903 Nevada;Viviendas totales;1.229
Total Nacional;01 Andalucía;18 Granada;18905 Gabias, Las;Viviendas totales;11.502
Total Nacional;01 Andalucía;18 Granada;18906 Guájares, Los;Viviendas totales;1.197
Total Nacional;01 Andalucía;18 Granada;18907 Valle del Zalabí;Viviendas totales;1.550
Total Nacional;01 Andalucía;18 Granada;18911 Vegas del Genil;Viviendas totales;4.962
Total Nacional;01 Andalucía;18 Granada;18912 Cuevas del Campo;Viviendas totales;1.344
Total Nacional;01 Andalucía;18 Granada;18914 Valderrubio;Viviendas totales;1.102
Total Nacional;01 Andalucía;18 Granada;18916 Torrenueva Costa;Viviendas totales;5.613
Total Nacional;01 Andalucía;18 Granada;18999 Resto de Granada;Viviendas totales;39.875
Total Nacional;01 Andalucía;21 Huelva;;Viviendas totales;320.045
Total Nacional;01 Andalucía;21 Huelva;21002 Aljaraque;Viviendas totales;8.574
Total Nacional;01 Andalucía;21 Huelva;21004 Almonaster la Real;Viviendas totales;1.768
Total Nacional;01 Andalucía;21 Huelva;21005 Almonte;Viviendas totales;22.043
Total Nacional;01 Andalucía;21 Huelva;21006 Alosno;Viviendas totales;2.596
Total Nacional;01 Andalucía;21 Huelva;21007 Aracena;Viviendas totales;5.080
Total Nacional;01 Andalucía;21 Huelva;21008 Aroche;Viviendas totales;2.208
Total Nacional;01 Andalucía;21 Huelva;21010 Ayamonte;Viviendas totales;17.738
Total Nacional;01 Andalucía;21 Huelva;21011 Beas;Viviendas totales;3.283
Total Nacional;01 Andalucía;21 Huelva;21013 Bollullos Par del Condado;Viviendas totales;6.399
Total Nacional;01 Andalucía;21 Huelva;21014 Bonares;Viviendas totales;2.641
Total Nacional;01 Andalucía;21 Huelva;21016 Cala;Viviendas totales;935
Total Nacional;01 Andalucía;21 Huelva;21017 Calañas;Viviendas totales;1.991
Total Nacional;01 Andalucía;21 Huelva;21018 Campillo, El;Viviendas totales;1.316
Total Nacional;01 Andalucía;21 Huelva;21021 Cartaya;Viviendas totales;13.641
Total Nacional;01 Andalucía;21 Huelva;21023 Cerro de Andévalo, El;Viviendas totales;1.784
Total Nacional;01 Andalucía;21 Huelva;21025 Cortegana;Viviendas totales;3.199
Total Nacional;01 Andalucía;21 Huelva;21029 Cumbres Mayores;Viviendas totales;1.338
Total Nacional;01 Andalucía;21 Huelva;21030 Chucena;Viviendas totales;990
Total Nacional;01 Andalucía;21 Huelva;21031 Encinasola;Viviendas totales;1.354
Total Nacional;01 Andalucía;21 Huelva;21032 Escacena del Campo;Viviendas totales;1.089
Total Nacional;01 Andalucía;21 Huelva;21034 Galaroza;Viviendas totales;1.198
Total Nacional;01 Andalucía;21 Huelva;21035 Gibraleón;Viviendas totales;6.673
Total Nacional;01 Andalucía;21 Huelva;21038 Higuera de la Sierra;Viviendas totales;1.137
Total Nacional;01 Andalucía;21 Huelva;21040 Hinojos;Viviendas totales;2.254
Total Nacional;01 Andalucía;21 Huelva;21041 Huelva;Viviendas totales;68.714
Total Nacional;01 Andalucía;21 Huelva;21042 Isla Cristina;Viviendas totales;18.623
Total Nacional;01 Andalucía;21 Huelva;21043 Jabugo;Viviendas totales;1.404
Total Nacional;01 Andalucía;21 Huelva;21044 Lepe;Viviendas totales;21.967
Total Nacional;01 Andalucía;21 Huelva;21046 Lucena del Puerto;Viviendas totales;1.231
Total Nacional;01 Andalucía;21 Huelva;21047 Manzanilla;Viviendas totales;1.312
Total Nacional;01 Andalucía;21 Huelva;21049 Minas de Riotinto;Viviendas totales;2.373
Total Nacional;01 Andalucía;21 Huelva;21050 Moguer;Viviendas totales;11.054
Total Nacional;01 Andalucía;21 Huelva;21052 Nerva;Viviendas totales;3.127
Total Nacional;01 Andalucía;21 Huelva;21053 Niebla;Viviendas totales;2.285
Total Nacional;01 Andalucía;21 Huelva;21054 Palma del Condado, La;Viviendas totales;4.612
Total Nacional;01 Andalucía;21 Huelva;21055 Palos de la Frontera;Viviendas totales;5.060
Total Nacional;01 Andalucía;21 Huelva;21056 Paterna del Campo;Viviendas totales;1.840
Total Nacional;01 Andalucía;21 Huelva;21057 Paymogo;Viviendas totales;797
Total Nacional;01 Andalucía;21 Huelva;21058 Puebla de Guzmán;Viviendas totales;1.890
Total Nacional;01 Andalucía;21 Huelva;21060 Punta Umbría;Viviendas totales;17.421
Total Nacional;01 Andalucía;21 Huelva;21061 Rociana del Condado;Viviendas totales;3.251
Total Nacional;01 Andalucía;21 Huelva;21062 Rosal de la Frontera;Viviendas totales;1.154
Total Nacional;01 Andalucía;21 Huelva;21063 San Bartolomé de la Torre;Viviendas totales;2.035
Total Nacional;01 Andalucía;21 Huelva;21064 San Juan del Puerto;Viviendas totales;3.939
Total Nacional;01 Andalucía;21 Huelva;21068 Santa Bárbara de Casa;Viviendas totales;902
Total Nacional;01 Andalucía;21 Huelva;21069 Santa Olalla del Cala;Viviendas totales;1.530
Total Nacional;01 Andalucía;21 Huelva;21070 Trigueros;Viviendas totales;4.069
Total Nacional;01 Andalucía;21 Huelva;21072 Valverde del Camino;Viviendas totales;6.722
Total Nacional;01 Andalucía;21 Huelva;21073 Villablanca;Viviendas totales;1.807
Total Nacional;01 Andalucía;21 Huelva;21074 Villalba del Alcor;Viviendas totales;1.653
Total Nacional;01 Andalucía;21 Huelva;21076 Villanueva de los Castillejos;Viviendas totales;2.021
Total Nacional;01 Andalucía;21 Huelva;21077 Villarrasa;Viviendas totales;1.093
Total Nacional;01 Andalucía;21 Huelva;21078 Zalamea la Real;Viviendas totales;2.351
Total Nacional;01 Andalucía;21 Huelva;21902 Zarza-Perrunal, La	;Viviendas totales;1.118
Total Nacional;01 Andalucía;21 Huelva;21999 Resto de Huelva;Viviendas totales;11.461
Total Nacional;01 Andalucía;23 Jaén;;Viviendas totales;373.720
Total Nacional;01 Andalucía;23 Jaén;23002 Alcalá la Real;Viviendas totales;13.683
Total Nacional;01 Andalucía;23 Jaén;23003 Alcaudete;Viviendas totales;6.785
Total Nacional;01 Andalucía;23 Jaén;23005 Andújar;Viviendas totales;20.048
Total Nacional;01 Andalucía;23 Jaén;23006 Arjona;Viviendas totales;3.036
Total Nacional;01 Andalucía;23 Jaén;23007 Arjonilla;Viviendas totales;2.072
Total Nacional;01 Andalucía;23 Jaén;23008 Arquillos;Viviendas totales;1.125
Total Nacional;01 Andalucía;23 Jaén;23009 Baeza;Viviendas totales;9.593
Total Nacional;01 Andalucía;23 Jaén;23010 Bailén;Viviendas totales;8.330
Total Nacional;01 Andalucía;23 Jaén;23011 Baños de la Encina;Viviendas totales;1.875
Total Nacional;01 Andalucía;23 Jaén;23012 Beas de Segura;Viviendas totales;3.924
Total Nacional;01 Andalucía;23 Jaén;23014 Begíjar;Viviendas totales;1.923
Total Nacional;01 Andalucía;23 Jaén;23015 Bélmez de la Moraleda;Viviendas totales;1.131
Total Nacional;01 Andalucía;23 Jaén;23017 Cabra del Santo Cristo;Viviendas totales;1.435
Total Nacional;01 Andalucía;23 Jaén;23018 Cambil;Viviendas totales;2.192
Total Nacional;01 Andalucía;23 Jaén;23019 Campillo de Arenas;Viviendas totales;1.141
Total Nacional;01 Andalucía;23 Jaén;23020 Canena;Viviendas totales;1.040
Total Nacional;01 Andalucía;23 Jaén;23024 Carolina, La;Viviendas totales;8.073
Total Nacional;01 Andalucía;23 Jaén;23025 Castellar;Viviendas totales;2.146
Total Nacional;01 Andalucía;23 Jaén;23026 Castillo de Locubín;Viviendas totales;3.385
Total Nacional;01 Andalucía;23 Jaén;23028 Cazorla;Viviendas totales;5.746
Total Nacional;01 Andalucía;23 Jaén;23030 Chilluévar;Viviendas totales;984
Total Nacional;01 Andalucía;23 Jaén;23033 Frailes;Viviendas totales;1.149
Total Nacional;01 Andalucía;23 Jaén;23034 Fuensanta de Martos;Viviendas totales;2.144
Total Nacional;01 Andalucía;23 Jaén;23035 Fuerte del Rey;Viviendas totales;852
Total Nacional;01 Andalucía;23 Jaén;23038 Guardia de Jaén, La;Viviendas totales;2.744
Total Nacional;01 Andalucía;23 Jaén;23039 Guarromán;Viviendas totales;1.604
Total Nacional;01 Andalucía;23 Jaén;23040 Lahiguera;Viviendas totales;873
Total Nacional;01 Andalucía;23 Jaén;23044 Huelma;Viviendas totales;3.749
Total Nacional;01 Andalucía;23 Jaén;23045 Huesa;Viviendas totales;1.470
Total Nacional;01 Andalucía;23 Jaén;23046 Ibros;Viviendas totales;1.698
Total Nacional;01 Andalucía;23 Jaén;23047 Iruela, La;Viviendas totales;2.076
Total Nacional;01 Andalucía;23 Jaén;23049 Jabalquinto;Viviendas totales;1.203
Total Nacional;01 Andalucía;23 Jaén;23050 Jaén;Viviendas totales;58.293
Total Nacional;01 Andalucía;23 Jaén;23051 Jamilena;Viviendas totales;1.894
Total Nacional;01 Andalucía;23 Jaén;23052 Jimena;Viviendas totales;1.013
Total Nacional;01 Andalucía;23 Jaén;23053 Jódar;Viviendas totales;5.931
Total Nacional;01 Andalucía;23 Jaén;23055 Linares;Viviendas totales;29.385
Total Nacional;01 Andalucía;23 Jaén;23056 Lopera;Viviendas totales;2.037
Total Nacional;01 Andalucía;23 Jaén;23058 Mancha Real;Viviendas totales;6.609
Total Nacional;01 Andalucía;23 Jaén;23059 Marmolejo;Viviendas totales;3.804
Total Nacional;01 Andalucía;23 Jaén;23060 Martos;Viviendas totales;13.835
Total Nacional;01 Andalucía;23 Jaén;23061 Mengíbar;Viviendas totales;5.035
Total Nacional;01 Andalucía;23 Jaén;23062 Montizón;Viviendas totales;1.232
Total Nacional;01 Andalucía;23 Jaén;23063 Navas de San Juan;Viviendas totales;2.785
Total Nacional;01 Andalucía;23 Jaén;23064 Noalejo;Viviendas totales;1.312
Total Nacional;01 Andalucía;23 Jaén;23065 Orcera;Viviendas totales;1.510
Total Nacional;01 Andalucía;23 Jaén;23066 Peal de Becerro;Viviendas totales;3.202
Total Nacional;01 Andalucía;23 Jaén;23067 Pegalajar;Viviendas totales;2.004
Total Nacional;01 Andalucía;23 Jaén;23069 Porcuna;Viviendas totales;3.788
Total Nacional;01 Andalucía;23 Jaén;23070 Pozo Alcón;Viviendas totales;3.281
Total Nacional;01 Andalucía;23 Jaén;23071 Puente de Génave;Viviendas totales;1.572
Total Nacional;01 Andalucía;23 Jaén;23072 Puerta de Segura, La;Viviendas totales;1.982
Total Nacional;01 Andalucía;23 Jaén;23073 Quesada;Viviendas totales;4.315
Total Nacional;01 Andalucía;23 Jaén;23074 Rus;Viviendas totales;1.994
Total Nacional;01 Andalucía;23 Jaén;23075 Sabiote;Viviendas totales;2.731
Total Nacional;01 Andalucía;23 Jaén;23079 Santisteban del Puerto;Viviendas totales;2.994
Total Nacional;01 Andalucía;23 Jaén;23080 Santo Tomé;Viviendas totales;1.605
Total Nacional;01 Andalucía;23 Jaén;23081 Segura de la Sierra;Viviendas totales;1.834
Total Nacional;01 Andalucía;23 Jaén;23082 Siles;Viviendas totales;1.879
Total Nacional;01 Andalucía;23 Jaén;23084 Sorihuela del Guadalimar;Viviendas totales;907
Total Nacional;01 Andalucía;23 Jaén;23085 Torreblascopedro;Viviendas totales;1.542
Total Nacional;01 Andalucía;23 Jaén;23086 Torredelcampo;Viviendas totales;7.706
Total Nacional;01 Andalucía;23 Jaén;23087 Torredonjimeno;Viviendas totales;7.404
Total Nacional;01 Andalucía;23 Jaén;23088 Torreperogil;Viviendas totales;4.337
Total Nacional;01 Andalucía;23 Jaén;23090 Torres;Viviendas totales;1.642
Total Nacional;01 Andalucía;23 Jaén;23092 Úbeda;Viviendas totales;18.318
Total Nacional;01 Andalucía;23 Jaén;23093 Valdepeñas de Jaén;Viviendas totales;2.421
Total Nacional;01 Andalucía;23 Jaén;23094 Vilches;Viviendas totales;2.969
Total Nacional;01 Andalucía;23 Jaén;23095 Villacarrillo;Viviendas totales;6.708
Total Nacional;01 Andalucía;23 Jaén;23096 Villanueva de la Reina;Viviendas totales;2.171
Total Nacional;01 Andalucía;23 Jaén;23097 Villanueva del Arzobispo;Viviendas totales;4.822
Total Nacional;01 Andalucía;23 Jaén;23099 Villares, Los;Viviendas totales;3.579
Total Nacional;01 Andalucía;23 Jaén;23901 Cárcheles;Viviendas totales;976
Total Nacional;01 Andalucía;23 Jaén;23902 Bedmar y Garcíez;Viviendas totales;2.036
Total Nacional;01 Andalucía;23 Jaén;23903 Villatorres;Viviendas totales;2.536
Total Nacional;01 Andalucía;23 Jaén;23904 Santiago-Pontones;Viviendas totales;3.111
Total Nacional;01 Andalucía;23 Jaén;23905 Arroyo del Ojanco;Viviendas totales;1.524
Total Nacional;01 Andalucía;23 Jaén;23999 Resto de Jaén;Viviendas totales;11.926
Total Nacional;01 Andalucía;29 Málaga;;Viviendas totales;996.557
Total Nacional;01 Andalucía;29 Málaga;29001 Alameda;Viviendas totales;2.469
Total Nacional;01 Andalucía;29 Málaga;29002 Alcaucín;Viviendas totales;2.470
Total Nacional;01 Andalucía;29 Málaga;29003 Alfarnate;Viviendas totales;846
Total Nacional;01 Andalucía;29 Málaga;29005 Algarrobo;Viviendas totales;5.554
Total Nacional;01 Andalucía;29 Málaga;29007 Alhaurín de la Torre;Viviendas totales;17.000
Total Nacional;01 Andalucía;29 Málaga;29008 Alhaurín el Grande;Viviendas totales;13.134
Total Nacional;01 Andalucía;29 Málaga;29009 Almáchar;Viviendas totales;1.428
Total Nacional;01 Andalucía;29 Málaga;29010 Almargen;Viviendas totales;1.370
Total Nacional;01 Andalucía;29 Málaga;29011 Almogía;Viviendas totales;3.074
Total Nacional;01 Andalucía;29 Málaga;29012 Álora;Viviendas totales;7.519
Total Nacional;01 Andalucía;29 Málaga;29013 Alozaina;Viviendas totales;1.645
Total Nacional;01 Andalucía;29 Málaga;29015 Antequera;Viviendas totales;20.944
Total Nacional;01 Andalucía;29 Málaga;29017 Archidona;Viviendas totales;5.004
Total Nacional;01 Andalucía;29 Málaga;29018 Ardales;Viviendas totales;1.646
Total Nacional;01 Andalucía;29 Málaga;29019 Arenas;Viviendas totales;1.414
Total Nacional;01 Andalucía;29 Málaga;29020 Arriate;Viviendas totales;2.326
Total Nacional;01 Andalucía;29 Málaga;29023 Benahavís;Viviendas totales;9.531
Total Nacional;01 Andalucía;29 Málaga;29025 Benalmádena;Viviendas totales;48.663
Total Nacional;01 Andalucía;29 Málaga;29026 Benamargosa;Viviendas totales;1.109
Total Nacional;01 Andalucía;29 Málaga;29027 Benamocarra;Viviendas totales;1.417
Total Nacional;01 Andalucía;29 Málaga;29028 Benaoján;Viviendas totales;1.104
Total Nacional;01 Andalucía;29 Málaga;29031 Burgo, El;Viviendas totales;1.424
Total Nacional;01 Andalucía;29 Málaga;29032 Campillos;Viviendas totales;4.898
Total Nacional;01 Andalucía;29 Málaga;29033 Canillas de Aceituno;Viviendas totales;1.899
Total Nacional;01 Andalucía;29 Málaga;29035 Cañete la Real;Viviendas totales;1.517
Total Nacional;01 Andalucía;29 Málaga;29038 Cártama;Viviendas totales;12.673
Total Nacional;01 Andalucía;29 Málaga;29039 Casabermeja;Viviendas totales;2.389
Total Nacional;01 Andalucía;29 Málaga;29040 Casarabonela;Viviendas totales;2.150
Total Nacional;01 Andalucía;29 Málaga;29041 Casares;Viviendas totales;7.726
Total Nacional;01 Andalucía;29 Málaga;29042 Coín;Viviendas totales;12.729
Total Nacional;01 Andalucía;29 Málaga;29043 Colmenar;Viviendas totales;2.367
Total Nacional;01 Andalucía;29 Málaga;29044 Comares;Viviendas totales;1.447
Total Nacional;01 Andalucía;29 Málaga;29045 Cómpeta;Viviendas totales;3.437
Total Nacional;01 Andalucía;29 Málaga;29046 Cortes de la Frontera;Viviendas totales;2.417
Total Nacional;01 Andalucía;29 Málaga;29047 Cuevas Bajas;Viviendas totales;817
Total Nacional;01 Andalucía;29 Málaga;29048 Cuevas del Becerro;Viviendas totales;1.167
Total Nacional;01 Andalucía;29 Málaga;29049 Cuevas de San Marcos;Viviendas totales;2.192
Total Nacional;01 Andalucía;29 Málaga;29051 Estepona;Viviendas totales;50.366
Total Nacional;01 Andalucía;29 Málaga;29053 Frigiliana;Viviendas totales;3.071
Total Nacional;01 Andalucía;29 Málaga;29054 Fuengirola;Viviendas totales;48.887
Total Nacional;01 Andalucía;29 Málaga;29055 Fuente de Piedra;Viviendas totales;1.727
Total Nacional;01 Andalucía;29 Málaga;29056 Gaucín;Viviendas totales;1.674
Total Nacional;01 Andalucía;29 Málaga;29058 Guaro;Viviendas totales;1.632
Total Nacional;01 Andalucía;29 Málaga;29059 Humilladero;Viviendas totales;1.725
Total Nacional;01 Andalucía;29 Málaga;29061 Istán;Viviendas totales;1.198
Total Nacional;01 Andalucía;29 Málaga;29067 Málaga;Viviendas totales;261.857
Total Nacional;01 Andalucía;29 Málaga;29068 Manilva;Viviendas totales;17.998
Total Nacional;01 Andalucía;29 Málaga;29069 Marbella;Viviendas totales;100.282
Total Nacional;01 Andalucía;29 Málaga;29070 Mijas;Viviendas totales;62.030
Total Nacional;01 Andalucía;29 Málaga;29071 Moclinejo;Viviendas totales;643
Total Nacional;01 Andalucía;29 Málaga;29072 Mollina;Viviendas totales;2.764
Total Nacional;01 Andalucía;29 Málaga;29073 Monda;Viviendas totales;1.999
Total Nacional;01 Andalucía;29 Málaga;29075 Nerja;Viviendas totales;16.621
Total Nacional;01 Andalucía;29 Málaga;29076 Ojén;Viviendas totales;3.815
Total Nacional;01 Andalucía;29 Málaga;29079 Periana;Viviendas totales;2.342
Total Nacional;01 Andalucía;29 Málaga;29080 Pizarra;Viviendas totales;4.601
Total Nacional;01 Andalucía;29 Málaga;29082 Rincón de la Victoria;Viviendas totales;27.620
Total Nacional;01 Andalucía;29 Málaga;29083 Riogordo;Viviendas totales;2.026
Total Nacional;01 Andalucía;29 Málaga;29084 Ronda;Viviendas totales;19.462
Total Nacional;01 Andalucía;29 Málaga;29086 Sayalonga;Viviendas totales;1.443
Total Nacional;01 Andalucía;29 Málaga;29088 Sierra de Yeguas;Viviendas totales;1.872
Total Nacional;01 Andalucía;29 Málaga;29089 Teba;Viviendas totales;2.228
Total Nacional;01 Andalucía;29 Málaga;29090 Tolox;Viviendas totales;1.986
Total Nacional;01 Andalucía;29 Málaga;29091 Torrox;Viviendas totales;20.132
Total Nacional;01 Andalucía;29 Málaga;29093 Valle de Abdalajís;Viviendas totales;1.403
Total Nacional;01 Andalucía;29 Málaga;29094 Vélez-Málaga;Viviendas totales;50.454
Total Nacional;01 Andalucía;29 Málaga;29095 Villanueva de Algaidas;Viviendas totales;2.457
Total Nacional;01 Andalucía;29 Málaga;29096 Villanueva del Rosario;Viviendas totales;2.163
Total Nacional;01 Andalucía;29 Málaga;29097 Villanueva del Trabuco;Viviendas totales;2.803
Total Nacional;01 Andalucía;29 Málaga;29098 Villanueva de Tapia;Viviendas totales;949
Total Nacional;01 Andalucía;29 Málaga;29099 Viñuela;Viviendas totales;1.519
Total Nacional;01 Andalucía;29 Málaga;29100 Yunquera;Viviendas totales;2.285
Total Nacional;01 Andalucía;29 Málaga;29901 Torremolinos;Viviendas totales;42.938
Total Nacional;01 Andalucía;29 Málaga;29902 Villanueva de la Concepción;Viviendas totales;1.933
Total Nacional;01 Andalucía;29 Málaga;29999 Resto de Málaga;Viviendas totales;14.736
Total Nacional;01 Andalucía;41 Sevilla;;Viviendas totales;912.899
Total Nacional;01 Andalucía;41 Sevilla;41001 Aguadulce;Viviendas totales;1.231
Total Nacional;01 Andalucía;41 Sevilla;41002 Alanís;Viviendas totales;1.248
Total Nacional;01 Andalucía;41 Sevilla;41003 Albaida del Aljarafe;Viviendas totales;1.298
Total Nacional;01 Andalucía;41 Sevilla;41004 Alcalá de Guadaíra;Viviendas totales;32.822
Total Nacional;01 Andalucía;41 Sevilla;41005 Alcalá del Río;Viviendas totales;5.735
Total Nacional;01 Andalucía;41 Sevilla;41006 Alcolea del Río;Viviendas totales;1.625
Total Nacional;01 Andalucía;41 Sevilla;41007 Algaba, La;Viviendas totales;7.484
Total Nacional;01 Andalucía;41 Sevilla;41008 Algámitas;Viviendas totales;750
Total Nacional;01 Andalucía;41 Sevilla;41009 Almadén de la Plata;Viviendas totales;1.183
Total Nacional;01 Andalucía;41 Sevilla;41010 Almensilla;Viviendas totales;2.965
Total Nacional;01 Andalucía;41 Sevilla;41011 Arahal;Viviendas totales;9.521
Total Nacional;01 Andalucía;41 Sevilla;41012 Aznalcázar;Viviendas totales;2.366
Total Nacional;01 Andalucía;41 Sevilla;41013 Aznalcóllar;Viviendas totales;2.628
Total Nacional;01 Andalucía;41 Sevilla;41014 Badolatosa;Viviendas totales;1.601
Total Nacional;01 Andalucía;41 Sevilla;41015 Benacazón;Viviendas totales;3.109
Total Nacional;01 Andalucía;41 Sevilla;41016 Bollullos de la Mitación;Viviendas totales;4.573
Total Nacional;01 Andalucía;41 Sevilla;41017 Bormujos;Viviendas totales;9.136
Total Nacional;01 Andalucía;41 Sevilla;41018 Brenes;Viviendas totales;5.544
Total Nacional;01 Andalucía;41 Sevilla;41019 Burguillos;Viviendas totales;3.215
Total Nacional;01 Andalucía;41 Sevilla;41020 Cabezas de San Juan, Las;Viviendas totales;7.263
Total Nacional;01 Andalucía;41 Sevilla;41021 Camas;Viviendas totales;13.079
Total Nacional;01 Andalucía;41 Sevilla;41022 Campana, La;Viviendas totales;2.508
Total Nacional;01 Andalucía;41 Sevilla;41023 Cantillana;Viviendas totales;5.444
Total Nacional;01 Andalucía;41 Sevilla;41024 Carmona;Viviendas totales;15.565
Total Nacional;01 Andalucía;41 Sevilla;41025 Carrión de los Céspedes;Viviendas totales;1.407
Total Nacional;01 Andalucía;41 Sevilla;41026 Casariche;Viviendas totales;2.724
Total Nacional;01 Andalucía;41 Sevilla;41027 Castilblanco de los Arroyos;Viviendas totales;3.763
Total Nacional;01 Andalucía;41 Sevilla;41028 Castilleja de Guzmán;Viviendas totales;1.053
Total Nacional;01 Andalucía;41 Sevilla;41029 Castilleja de la Cuesta;Viviendas totales;7.362
Total Nacional;01 Andalucía;41 Sevilla;41031 Castillo de las Guardas, El;Viviendas totales;1.875
Total Nacional;01 Andalucía;41 Sevilla;41032 Cazalla de la Sierra;Viviendas totales;3.467
Total Nacional;01 Andalucía;41 Sevilla;41033 Constantina;Viviendas totales;3.925
Total Nacional;01 Andalucía;41 Sevilla;41034 Coria del Río;Viviendas totales;13.904
Total Nacional;01 Andalucía;41 Sevilla;41035 Coripe;Viviendas totales;864
Total Nacional;01 Andalucía;41 Sevilla;41036 Coronil, El;Viviendas totales;2.556
Total Nacional;01 Andalucía;41 Sevilla;41037 Corrales, Los;Viviendas totales;2.030
Total Nacional;01 Andalucía;41 Sevilla;41038 Dos Hermanas;Viviendas totales;56.736
Total Nacional;01 Andalucía;41 Sevilla;41039 Écija;Viviendas totales;18.684
Total Nacional;01 Andalucía;41 Sevilla;41040 Espartinas;Viviendas totales;6.652
Total Nacional;01 Andalucía;41 Sevilla;41041 Estepa;Viviendas totales;6.170
Total Nacional;01 Andalucía;41 Sevilla;41042 Fuentes de Andalucía;Viviendas totales;3.628
Total Nacional;01 Andalucía;41 Sevilla;41044 Gelves;Viviendas totales;4.714
Total Nacional;01 Andalucía;41 Sevilla;41045 Gerena;Viviendas totales;3.652
Total Nacional;01 Andalucía;41 Sevilla;41046 Gilena;Viviendas totales;1.877
Total Nacional;01 Andalucía;41 Sevilla;41047 Gines;Viviendas totales;5.216
Total Nacional;01 Andalucía;41 Sevilla;41048 Guadalcanal;Viviendas totales;1.948
Total Nacional;01 Andalucía;41 Sevilla;41049 Guillena;Viviendas totales;6.799
Total Nacional;01 Andalucía;41 Sevilla;41050 Herrera;Viviendas totales;3.384
Total Nacional;01 Andalucía;41 Sevilla;41051 Huévar del Aljarafe;Viviendas totales;1.478
Total Nacional;01 Andalucía;41 Sevilla;41052 Lantejuela;Viviendas totales;1.871
Total Nacional;01 Andalucía;41 Sevilla;41053 Lebrija;Viviendas totales;12.629
Total Nacional;01 Andalucía;41 Sevilla;41055 Lora del Río;Viviendas totales;9.007
Total Nacional;01 Andalucía;41 Sevilla;41056 Luisiana, La;Viviendas totales;2.182
Total Nacional;01 Andalucía;41 Sevilla;41058 Mairena del Alcor;Viviendas totales;9.798
Total Nacional;01 Andalucía;41 Sevilla;41059 Mairena del Aljarafe;Viviendas totales;19.554
Total Nacional;01 Andalucía;41 Sevilla;41060 Marchena;Viviendas totales;11.092
Total Nacional;01 Andalucía;41 Sevilla;41061 Marinaleda;Viviendas totales;1.266
Total Nacional;01 Andalucía;41 Sevilla;41062 Martín de la Jara;Viviendas totales;1.294
Total Nacional;01 Andalucía;41 Sevilla;41063 Molares, Los;Viviendas totales;1.716
Total Nacional;01 Andalucía;41 Sevilla;41064 Montellano;Viviendas totales;3.967
Total Nacional;01 Andalucía;41 Sevilla;41065 Morón de la Frontera;Viviendas totales;13.352
Total Nacional;01 Andalucía;41 Sevilla;41066 Navas de la Concepción, Las;Viviendas totales;1.079
Total Nacional;01 Andalucía;41 Sevilla;41067 Olivares;Viviendas totales;4.145
Total Nacional;01 Andalucía;41 Sevilla;41068 Osuna;Viviendas totales;8.022
Total Nacional;01 Andalucía;41 Sevilla;41069 Palacios y Villafranca, Los;Viviendas totales;16.512
Total Nacional;01 Andalucía;41 Sevilla;41070 Palomares del Río;Viviendas totales;3.729
Total Nacional;01 Andalucía;41 Sevilla;41071 Paradas;Viviendas totales;3.659
Total Nacional;01 Andalucía;41 Sevilla;41072 Pedrera;Viviendas totales;2.323
Total Nacional;01 Andalucía;41 Sevilla;41073 Pedroso, El;Viviendas totales;1.617
Total Nacional;01 Andalucía;41 Sevilla;41074 Peñaflor;Viviendas totales;2.159
Total Nacional;01 Andalucía;41 Sevilla;41075 Pilas;Viviendas totales;6.804
Total Nacional;01 Andalucía;41 Sevilla;41076 Pruna;Viviendas totales;1.782
Total Nacional;01 Andalucía;41 Sevilla;41077 Puebla de Cazalla, La;Viviendas totales;5.179
Total Nacional;01 Andalucía;41 Sevilla;41078 Puebla de los Infantes, La;Viviendas totales;2.091
Total Nacional;01 Andalucía;41 Sevilla;41079 Puebla del Río, La;Viviendas totales;5.395
Total Nacional;01 Andalucía;41 Sevilla;41080 Real de la Jara, El;Viviendas totales;1.075
Total Nacional;01 Andalucía;41 Sevilla;41081 Rinconada, La;Viviendas totales;16.016
Total Nacional;01 Andalucía;41 Sevilla;41082 Roda de Andalucía, La;Viviendas totales;2.093
Total Nacional;01 Andalucía;41 Sevilla;41083 Ronquillo, El;Viviendas totales;1.329
Total Nacional;01 Andalucía;41 Sevilla;41084 Rubio, El;Viviendas totales;1.851
Total Nacional;01 Andalucía;41 Sevilla;41085 Salteras;Viviendas totales;2.327
Total Nacional;01 Andalucía;41 Sevilla;41086 San Juan de Aznalfarache;Viviendas totales;10.537
Total Nacional;01 Andalucía;41 Sevilla;41087 Sanlúcar la Mayor;Viviendas totales;7.212
Total Nacional;01 Andalucía;41 Sevilla;41089 Santiponce;Viviendas totales;3.533
Total Nacional;01 Andalucía;41 Sevilla;41090 Saucejo, El;Viviendas totales;2.226
Total Nacional;01 Andalucía;41 Sevilla;41091 Sevilla;Viviendas totales;327.393
Total Nacional;01 Andalucía;41 Sevilla;41092 Tocina;Viviendas totales;4.445
Total Nacional;01 Andalucía;41 Sevilla;41093 Tomares;Viviendas totales;10.301
Total Nacional;01 Andalucía;41 Sevilla;41094 Umbrete;Viviendas totales;3.834
Total Nacional;01 Andalucía;41 Sevilla;41095 Utrera;Viviendas totales;23.030
Total Nacional;01 Andalucía;41 Sevilla;41096 Valencina de la Concepción;Viviendas totales;3.570
Total Nacional;01 Andalucía;41 Sevilla;41097 Villamanrique de la Condesa;Viviendas totales;2.312
Total Nacional;01 Andalucía;41 Sevilla;41098 Villanueva del Ariscal;Viviendas totales;3.135
Total Nacional;01 Andalucía;41 Sevilla;41099 Villanueva del Río y Minas;Viviendas totales;3.081
Total Nacional;01 Andalucía;41 Sevilla;41100 Villanueva de San Juan;Viviendas totales;864
Total Nacional;01 Andalucía;41 Sevilla;41101 Villaverde del Río;Viviendas totales;3.437
Total Nacional;01 Andalucía;41 Sevilla;41102 Viso del Alcor, El;Viviendas totales;7.395
Total Nacional;01 Andalucía;41 Sevilla;41901 Cañada Rosal;Viviendas totales;1.672
Total Nacional;01 Andalucía;41 Sevilla;41902 Isla Mayor;Viviendas totales;2.801
Total Nacional;01 Andalucía;41 Sevilla;41903 Cuervo de Sevilla, El;Viviendas totales;3.974
Total Nacional;01 Andalucía;41 Sevilla;41904 Palmar de Troya, El;Viviendas totales;969
Total Nacional;01 Andalucía;41 Sevilla;41999 Resto de Sevilla;Viviendas totales;2.502
Total Nacional;02 Aragón;22 Huesca;;Viviendas totales;171.843
Total Nacional;02 Aragón;22 Huesca;22007 Albalate de Cinca;Viviendas totales;570
Total Nacional;02 Aragón;22 Huesca;22017 Alcolea de Cinca;Viviendas totales;745
Total Nacional;02 Aragón;22 Huesca;22021 Almudévar;Viviendas totales;1.809
Total Nacional;02 Aragón;22 Huesca;22025 Altorricón;Viviendas totales;897
Total Nacional;02 Aragón;22 Huesca;22039 Ayerbe;Viviendas totales;1.009
Total Nacional;02 Aragón;22 Huesca;22048 Barbastro;Viviendas totales;9.507
Total Nacional;02 Aragón;22 Huesca;22052 Belver de Cinca;Viviendas totales;671
Total Nacional;02 Aragón;22 Huesca;22053 Benabarre;Viviendas totales;959
Total Nacional;02 Aragón;22 Huesca;22054 Benasque;Viviendas totales;3.508
Total Nacional;02 Aragón;22 Huesca;22059 Biescas;Viviendas totales;3.325
Total Nacional;02 Aragón;22 Huesca;22060 Binaced;Viviendas totales;802
Total Nacional;02 Aragón;22 Huesca;22061 Binéfar;Viviendas totales;4.977
Total Nacional;02 Aragón;22 Huesca;22066 Boltaña;Viviendas totales;1.141
Total Nacional;02 Aragón;22 Huesca;22112 Fraga;Viviendas totales;7.810
Total Nacional;02 Aragón;22 Huesca;22116 Grañén;Viviendas totales;1.089
Total Nacional;02 Aragón;22 Huesca;22117 Graus;Viviendas totales;3.176
Total Nacional;02 Aragón;22 Huesca;22119 Gurrea de Gállego;Viviendas totales;1.176
Total Nacional;02 Aragón;22 Huesca;22125 Huesca;Viviendas totales;29.309
Total Nacional;02 Aragón;22 Huesca;22130 Jaca;Viviendas totales;16.569
Total Nacional;02 Aragón;22 Huesca;22137 Lanaja;Viviendas totales;1.082
Total Nacional;02 Aragón;22 Huesca;22158 Monzón;Viviendas totales;9.001
Total Nacional;02 Aragón;22 Huesca;22199 Sabiñánigo;Viviendas totales;7.801
Total Nacional;02 Aragón;22 Huesca;22204 Sallent de Gállego;Viviendas totales;3.953
Total Nacional;02 Aragón;22 Huesca;22213 Sariñena;Viviendas totales;2.468
Total Nacional;02 Aragón;22 Huesca;22225 Tamarite de Litera;Viviendas totales;2.485
Total Nacional;02 Aragón;22 Huesca;22234 Torrente de Cinca;Viviendas totales;500
Total Nacional;02 Aragón;22 Huesca;22254 Zaidín;Viviendas totales;859
Total Nacional;02 Aragón;22 Huesca;22907 Aínsa-Sobrarbe;Viviendas totales;1.824
Total Nacional;02 Aragón;22 Huesca;22999 Resto de Huesca;Viviendas totales;52.821
Total Nacional;02 Aragón;44 Teruel;;Viviendas totales;125.711
Total Nacional;02 Aragón;44 Teruel;44008 Albalate del Arzobispo;Viviendas totales;1.656
Total Nacional;02 Aragón;44 Teruel;44013 Alcañiz;Viviendas totales;9.400
Total Nacional;02 Aragón;44 Teruel;44014 Alcorisa;Viviendas totales;2.397
Total Nacional;02 Aragón;44 Teruel;44025 Andorra;Viviendas totales;4.397
Total Nacional;02 Aragón;44 Teruel;44050 Calamocha;Viviendas totales;3.795
Total Nacional;02 Aragón;44 Teruel;44051 Calanda;Viviendas totales;2.593
Total Nacional;02 Aragón;44 Teruel;44076 Cella;Viviendas totales;1.778
Total Nacional;02 Aragón;44 Teruel;44122 Híjar;Viviendas totales;1.555
Total Nacional;02 Aragón;44 Teruel;44145 Mas de las Matas;Viviendas totales;1.200
Total Nacional;02 Aragón;44 Teruel;44153 Monreal del Campo;Viviendas totales;1.767
Total Nacional;02 Aragón;44 Teruel;44155 Montalbán;Viviendas totales;1.205
Total Nacional;02 Aragón;44 Teruel;44158 Mora de Rubielos;Viviendas totales;1.987
Total Nacional;02 Aragón;44 Teruel;44209 Santa Eulalia;Viviendas totales;935
Total Nacional;02 Aragón;44 Teruel;44210 Sarrión;Viviendas totales;1.221
Total Nacional;02 Aragón;44 Teruel;44216 Teruel;Viviendas totales;21.490
Total Nacional;02 Aragón;44 Teruel;44238 Utrillas;Viviendas totales;1.798
Total Nacional;02 Aragón;44 Teruel;44246 Valderrobres;Viviendas totales;1.707
Total Nacional;02 Aragón;44 Teruel;44999 Resto de Teruel;Viviendas totales;64.830
Total Nacional;02 Aragón;50 Zaragoza;;Viviendas totales;543.799
Total Nacional;02 Aragón;50 Zaragoza;50006 Ainzón;Viviendas totales;855
Total Nacional;02 Aragón;50 Zaragoza;50008 Alagón;Viviendas totales;3.568
Total Nacional;02 Aragón;50 Zaragoza;50017 Alfajarín;Viviendas totales;1.350
Total Nacional;02 Aragón;50 Zaragoza;50018 Alfamén;Viviendas totales;722
Total Nacional;02 Aragón;50 Zaragoza;50025 Almunia de Doña Godina, La;Viviendas totales;3.453
Total Nacional;02 Aragón;50 Zaragoza;50034 Ariza;Viviendas totales;1.027
Total Nacional;02 Aragón;50 Zaragoza;50038 Ateca;Viviendas totales;1.523
Total Nacional;02 Aragón;50 Zaragoza;50045 Belchite;Viviendas totales;1.096
Total Nacional;02 Aragón;50 Zaragoza;50055 Borja;Viviendas totales;3.930
Total Nacional;02 Aragón;50 Zaragoza;50057 Brea de Aragón;Viviendas totales;1.013
Total Nacional;02 Aragón;50 Zaragoza;50062 Burgo de Ebro, El;Viviendas totales;1.673
Total Nacional;02 Aragón;50 Zaragoza;50066 Cadrete;Viviendas totales;2.650
Total Nacional;02 Aragón;50 Zaragoza;50067 Calatayud;Viviendas totales;12.400
Total Nacional;02 Aragón;50 Zaragoza;50068 Calatorao;Viviendas totales;1.891
Total Nacional;02 Aragón;50 Zaragoza;50073 Cariñena;Viviendas totales;2.069
Total Nacional;02 Aragón;50 Zaragoza;50074 Caspe;Viviendas totales;5.571
Total Nacional;02 Aragón;50 Zaragoza;50089 Cuarte de Huerva;Viviendas totales;5.640
Total Nacional;02 Aragón;50 Zaragoza;50094 Daroca;Viviendas totales;1.812
Total Nacional;02 Aragón;50 Zaragoza;50095 Ejea de los Caballeros;Viviendas totales;9.393
Total Nacional;02 Aragón;50 Zaragoza;50099 Épila;Viviendas totales;2.508
Total Nacional;02 Aragón;50 Zaragoza;50101 Escatrón;Viviendas totales;1.107
Total Nacional;02 Aragón;50 Zaragoza;50102 Fabara;Viviendas totales;744
Total Nacional;02 Aragón;50 Zaragoza;50107 Figueruelas;Viviendas totales;607
Total Nacional;02 Aragón;50 Zaragoza;50115 Fuentes de Ebro;Viviendas totales;2.445
Total Nacional;02 Aragón;50 Zaragoza;50118 Gallur;Viviendas totales;1.917
Total Nacional;02 Aragón;50 Zaragoza;50119 Gelsa;Viviendas totales;729
Total Nacional;02 Aragón;50 Zaragoza;50126 Illueca;Viviendas totales;1.678
Total Nacional;02 Aragón;50 Zaragoza;50132 Joyosa, La;Viviendas totales;500
Total Nacional;02 Aragón;50 Zaragoza;50137 Leciñena;Viviendas totales;759
Total Nacional;02 Aragón;50 Zaragoza;50152 Maella;Viviendas totales;1.361
Total Nacional;02 Aragón;50 Zaragoza;50153 Magallón;Viviendas totales;797
Total Nacional;02 Aragón;50 Zaragoza;50160 Mallén;Viviendas totales;1.691
Total Nacional;02 Aragón;50 Zaragoza;50163 María de Huerva;Viviendas totales;2.664
Total Nacional;02 Aragón;50 Zaragoza;50165 Mequinenza;Viviendas totales;1.432
Total Nacional;02 Aragón;50 Zaragoza;50175 Morata de Jalón;Viviendas totales;1.276
Total Nacional;02 Aragón;50 Zaragoza;50181 Muel;Viviendas totales;1.066
Total Nacional;02 Aragón;50 Zaragoza;50182 Muela, La;Viviendas totales;3.782
Total Nacional;02 Aragón;50 Zaragoza;50203 Pastriz;Viviendas totales;828
Total Nacional;02 Aragón;50 Zaragoza;50204 Pedrola;Viviendas totales;1.789
Total Nacional;02 Aragón;50 Zaragoza;50208 Pina de Ebro;Viviendas totales;1.455
Total Nacional;02 Aragón;50 Zaragoza;50209 Pinseque;Viviendas totales;2.229
Total Nacional;02 Aragón;50 Zaragoza;50219 Puebla de Alfindén, La;Viviendas totales;2.934
Total Nacional;02 Aragón;50 Zaragoza;50222 Quinto;Viviendas totales;1.080
Total Nacional;02 Aragón;50 Zaragoza;50223 Remolinos;Viviendas totales;634
Total Nacional;02 Aragón;50 Zaragoza;50225 Ricla;Viviendas totales;1.615
Total Nacional;02 Aragón;50 Zaragoza;50230 Sádaba;Viviendas totales;1.147
Total Nacional;02 Aragón;50 Zaragoza;50235 San Mateo de Gállego;Viviendas totales;1.893
Total Nacional;02 Aragón;50 Zaragoza;50240 Sástago;Viviendas totales;889
Total Nacional;02 Aragón;50 Zaragoza;50247 Sobradiel;Viviendas totales;516
Total Nacional;02 Aragón;50 Zaragoza;50251 Tarazona;Viviendas totales;7.081
Total Nacional;02 Aragón;50 Zaragoza;50252 Tauste;Viviendas totales;3.969
Total Nacional;02 Aragón;50 Zaragoza;50262 Torres de Berrellén;Viviendas totales;888
Total Nacional;02 Aragón;50 Zaragoza;50272 Utebo;Viviendas totales;8.130
Total Nacional;02 Aragón;50 Zaragoza;50288 Villanueva de Gállego;Viviendas totales;2.331
Total Nacional;02 Aragón;50 Zaragoza;50297 Zaragoza;Viviendas totales;338.961
Total Nacional;02 Aragón;50 Zaragoza;50298 Zuera;Viviendas totales;4.264
Total Nacional;02 Aragón;50 Zaragoza;50903 Villamayor de Gállego;Viviendas totales;1.556
Total Nacional;02 Aragón;50 Zaragoza;50999 Resto de Zaragoza;Viviendas totales;70.911
Total Nacional;03 Asturias, Principado de;33 Asturias;;Viviendas totales;674.342
Total Nacional;03 Asturias, Principado de;33 Asturias;33001 Allande;Viviendas totales;1.718
Total Nacional;03 Asturias, Principado de;33 Asturias;33002 Aller;Viviendas totales;11.034
Total Nacional;03 Asturias, Principado de;33 Asturias;33004 Avilés;Viviendas totales;42.296
Total Nacional;03 Asturias, Principado de;33 Asturias;33005 Belmonte de Miranda;Viviendas totales;2.747
Total Nacional;03 Asturias, Principado de;33 Asturias;33006 Bimenes;Viviendas totales;2.356
Total Nacional;03 Asturias, Principado de;33 Asturias;33007 Boal;Viviendas totales;1.817
Total Nacional;03 Asturias, Principado de;33 Asturias;33008 Cabrales;Viviendas totales;3.111
Total Nacional;03 Asturias, Principado de;33 Asturias;33009 Cabranes;Viviendas totales;1.231
Total Nacional;03 Asturias, Principado de;33 Asturias;33010 Candamo;Viviendas totales;1.501
Total Nacional;03 Asturias, Principado de;33 Asturias;33011 Cangas del Narcea;Viviendas totales;7.823
Total Nacional;03 Asturias, Principado de;33 Asturias;33012 Cangas de Onís;Viviendas totales;5.259
Total Nacional;03 Asturias, Principado de;33 Asturias;33014 Carreño;Viviendas totales;7.239
Total Nacional;03 Asturias, Principado de;33 Asturias;33015 Caso;Viviendas totales;1.864
Total Nacional;03 Asturias, Principado de;33 Asturias;33016 Castrillón;Viviendas totales;13.184
Total Nacional;03 Asturias, Principado de;33 Asturias;33017 Castropol;Viviendas totales;2.576
Total Nacional;03 Asturias, Principado de;33 Asturias;33018 Coaña;Viviendas totales;2.149
Total Nacional;03 Asturias, Principado de;33 Asturias;33019 Colunga;Viviendas totales;4.322
Total Nacional;03 Asturias, Principado de;33 Asturias;33020 Corvera de Asturias;Viviendas totales;8.456
Total Nacional;03 Asturias, Principado de;33 Asturias;33021 Cudillero;Viviendas totales;5.184
Total Nacional;03 Asturias, Principado de;33 Asturias;33023 Franco, El;Viviendas totales;2.609
Total Nacional;03 Asturias, Principado de;33 Asturias;33024 Gijón;Viviendas totales;148.955
Total Nacional;03 Asturias, Principado de;33 Asturias;33025 Gozón;Viviendas totales;8.860
Total Nacional;03 Asturias, Principado de;33 Asturias;33026 Grado;Viviendas totales;7.818
Total Nacional;03 Asturias, Principado de;33 Asturias;33028 Ibias;Viviendas totales;1.555
Total Nacional;03 Asturias, Principado de;33 Asturias;33030 Illas;Viviendas totales;662
Total Nacional;03 Asturias, Principado de;33 Asturias;33031 Langreo;Viviendas totales;25.962
Total Nacional;03 Asturias, Principado de;33 Asturias;33032 Laviana;Viviendas totales;9.681
Total Nacional;03 Asturias, Principado de;33 Asturias;33033 Lena;Viviendas totales;8.156
Total Nacional;03 Asturias, Principado de;33 Asturias;33034 Valdés;Viviendas totales;9.163
Total Nacional;03 Asturias, Principado de;33 Asturias;33035 Llanera;Viviendas totales;7.371
Total Nacional;03 Asturias, Principado de;33 Asturias;33036 Llanes;Viviendas totales;16.223
Total Nacional;03 Asturias, Principado de;33 Asturias;33037 Mieres;Viviendas totales;25.878
Total Nacional;03 Asturias, Principado de;33 Asturias;33038 Morcín;Viviendas totales;1.973
Total Nacional;03 Asturias, Principado de;33 Asturias;33039 Muros de Nalón;Viviendas totales;2.070
Total Nacional;03 Asturias, Principado de;33 Asturias;33040 Nava;Viviendas totales;4.240
Total Nacional;03 Asturias, Principado de;33 Asturias;33041 Navia;Viviendas totales;5.447
Total Nacional;03 Asturias, Principado de;33 Asturias;33042 Noreña;Viviendas totales;2.976
Total Nacional;03 Asturias, Principado de;33 Asturias;33044 Oviedo;Viviendas totales;127.210
Total Nacional;03 Asturias, Principado de;33 Asturias;33045 Parres;Viviendas totales;4.467
Total Nacional;03 Asturias, Principado de;33 Asturias;33047 Peñamellera Baja;Viviendas totales;1.976
Total Nacional;03 Asturias, Principado de;33 Asturias;33049 Piloña;Viviendas totales;8.470
Total Nacional;03 Asturias, Principado de;33 Asturias;33051 Pravia;Viviendas totales;6.149
Total Nacional;03 Asturias, Principado de;33 Asturias;33053 Quirós;Viviendas totales;2.126
Total Nacional;03 Asturias, Principado de;33 Asturias;33054 Regueras, Las;Viviendas totales;1.307
Total Nacional;03 Asturias, Principado de;33 Asturias;33055 Ribadedeva;Viviendas totales;2.188
Total Nacional;03 Asturias, Principado de;33 Asturias;33056 Ribadesella;Viviendas totales;6.220
Total Nacional;03 Asturias, Principado de;33 Asturias;33057 Ribera de Arriba;Viviendas totales;1.167
Total Nacional;03 Asturias, Principado de;33 Asturias;33058 Riosa;Viviendas totales;1.475
Total Nacional;03 Asturias, Principado de;33 Asturias;33059 Salas;Viviendas totales;4.686
Total Nacional;03 Asturias, Principado de;33 Asturias;33060 San Martín del Rey Aurelio;Viviendas totales;11.797
Total Nacional;03 Asturias, Principado de;33 Asturias;33065 Sariego;Viviendas totales;860
Total Nacional;03 Asturias, Principado de;33 Asturias;33066 Siero;Viviendas totales;29.569
Total Nacional;03 Asturias, Principado de;33 Asturias;33068 Somiedo;Viviendas totales;2.347
Total Nacional;03 Asturias, Principado de;33 Asturias;33069 Soto del Barco;Viviendas totales;3.627
Total Nacional;03 Asturias, Principado de;33 Asturias;33070 Tapia de Casariego;Viviendas totales;3.407
Total Nacional;03 Asturias, Principado de;33 Asturias;33072 Teverga;Viviendas totales;1.894
Total Nacional;03 Asturias, Principado de;33 Asturias;33073 Tineo;Viviendas totales;6.960
Total Nacional;03 Asturias, Principado de;33 Asturias;33074 Vegadeo;Viviendas totales;2.970
Total Nacional;03 Asturias, Principado de;33 Asturias;33076 Villaviciosa;Viviendas totales;13.246
Total Nacional;03 Asturias, Principado de;33 Asturias;33077 Villayón;Viviendas totales;1.105
Total Nacional;03 Asturias, Principado de;33 Asturias;33999 Resto de Asturias;Viviendas totales;13.653
Total Nacional;04 Balears, Illes;;;Viviendas totales;652.123
Total Nacional;04 Balears, Illes;07 Balears, Illes;;Viviendas totales;652.123
Total Nacional;04 Balears, Illes;07 Balears, Illes;07001 Alaró;Viviendas totales;3.246
Total Nacional;04 Balears, Illes;07 Balears, Illes;07002 Alaior;Viviendas totales;6.968
Total Nacional;04 Balears, Illes;07 Balears, Illes;07003 Alcúdia;Viviendas totales;12.711
Total Nacional;04 Balears, Illes;07 Balears, Illes;07004 Algaida;Viviendas totales;4.306
Total Nacional;04 Balears, Illes;07 Balears, Illes;07005 Andratx;Viviendas totales;11.753
Total Nacional;04 Balears, Illes;07 Balears, Illes;07006 Artà;Viviendas totales;6.092
Total Nacional;04 Balears, Illes;07 Balears, Illes;07008 Binissalem;Viviendas totales;4.561
Total Nacional;04 Balears, Illes;07 Balears, Illes;07009 Búger;Viviendas totales;888
Total Nacional;04 Balears, Illes;07 Balears, Illes;07010 Bunyola;Viviendas totales;3.671
Total Nacional;04 Balears, Illes;07 Balears, Illes;07011 Calvià;Viviendas totales;36.492
Total Nacional;04 Balears, Illes;07 Balears, Illes;07012 Campanet;Viviendas totales;1.911
Total Nacional;04 Balears, Illes;07 Balears, Illes;07013 Campos;Viviendas totales;9.148
Total Nacional;04 Balears, Illes;07 Balears, Illes;07014 Capdepera;Viviendas totales;9.119
Total Nacional;04 Balears, Illes;07 Balears, Illes;07015 Ciutadella de Menorca;Viviendas totales;17.887
Total Nacional;04 Balears, Illes;07 Balears, Illes;07016 Consell;Viviendas totales;2.117
Total Nacional;04 Balears, Illes;07 Balears, Illes;07017 Costitx;Viviendas totales;1.306
Total Nacional;04 Balears, Illes;07 Balears, Illes;07020 Esporles;Viviendas totales;2.553
Total Nacional;04 Balears, Illes;07 Balears, Illes;07022 Felanitx;Viviendas totales;13.611
Total Nacional;04 Balears, Illes;07 Balears, Illes;07023 Ferreries;Viviendas totales;2.369
Total Nacional;04 Balears, Illes;07 Balears, Illes;07024 Formentera;Viviendas totales;6.969
Total Nacional;04 Balears, Illes;07 Balears, Illes;07026 Eivissa;Viviendas totales;23.938
Total Nacional;04 Balears, Illes;07 Balears, Illes;07027 Inca;Viviendas totales;15.863
Total Nacional;04 Balears, Illes;07 Balears, Illes;07028 Lloret de Vistalegre;Viviendas totales;1.093
Total Nacional;04 Balears, Illes;07 Balears, Illes;07029 Lloseta;Viviendas totales;3.035
Total Nacional;04 Balears, Illes;07 Balears, Illes;07030 Llubí;Viviendas totales;1.685
Total Nacional;04 Balears, Illes;07 Balears, Illes;07031 Llucmajor;Viviendas totales;23.312
Total Nacional;04 Balears, Illes;07 Balears, Illes;07032 Maó-Mahón;Viviendas totales;15.173
Total Nacional;04 Balears, Illes;07 Balears, Illes;07033 Manacor;Viviendas totales;28.571
Total Nacional;04 Balears, Illes;07 Balears, Illes;07034 Mancor de la Vall;Viviendas totales;919
Total Nacional;04 Balears, Illes;07 Balears, Illes;07035 Maria de la Salut;Viviendas totales;1.473
Total Nacional;04 Balears, Illes;07 Balears, Illes;07036 Marratxí;Viviendas totales;15.048
Total Nacional;04 Balears, Illes;07 Balears, Illes;07037 Mercadal, Es;Viviendas totales;7.208
Total Nacional;04 Balears, Illes;07 Balears, Illes;07038 Montuïri;Viviendas totales;2.197
Total Nacional;04 Balears, Illes;07 Balears, Illes;07039 Muro;Viviendas totales;5.092
Total Nacional;04 Balears, Illes;07 Balears, Illes;07040 Palma;Viviendas totales;186.482
Total Nacional;04 Balears, Illes;07 Balears, Illes;07041 Petra;Viviendas totales;2.118
Total Nacional;04 Balears, Illes;07 Balears, Illes;07042 Pollença;Viviendas totales;13.772
Total Nacional;04 Balears, Illes;07 Balears, Illes;07043 Porreres;Viviendas totales;3.319
Total Nacional;04 Balears, Illes;07 Balears, Illes;07044 Pobla, Sa;Viviendas totales;6.504
Total Nacional;04 Balears, Illes;07 Balears, Illes;07045 Puigpunyent;Viviendas totales;1.275
Total Nacional;04 Balears, Illes;07 Balears, Illes;07046 Sant Antoni de Portmany;Viviendas totales;12.116
Total Nacional;04 Balears, Illes;07 Balears, Illes;07047 Sencelles;Viviendas totales;3.352
Total Nacional;04 Balears, Illes;07 Balears, Illes;07048 Sant Josep de sa Talaia;Viviendas totales;15.683
Total Nacional;04 Balears, Illes;07 Balears, Illes;07049 Sant Joan;Viviendas totales;1.724
Total Nacional;04 Balears, Illes;07 Balears, Illes;07050 Sant Joan de Labritja;Viviendas totales;4.366
Total Nacional;04 Balears, Illes;07 Balears, Illes;07051 Sant Llorenç des Cardassar;Viviendas totales;6.529
Total Nacional;04 Balears, Illes;07 Balears, Illes;07052 Sant Lluís;Viviendas totales;5.312
Total Nacional;04 Balears, Illes;07 Balears, Illes;07053 Santa Eugènia;Viviendas totales;1.098
Total Nacional;04 Balears, Illes;07 Balears, Illes;07054 Santa Eulària des Riu;Viviendas totales;22.810
Total Nacional;04 Balears, Illes;07 Balears, Illes;07055 Santa Margalida;Viviendas totales;8.414
Total Nacional;04 Balears, Illes;07 Balears, Illes;07056 Santa María del Camí;Viviendas totales;3.644
Total Nacional;04 Balears, Illes;07 Balears, Illes;07057 Santanyí;Viviendas totales;12.307
Total Nacional;04 Balears, Illes;07 Balears, Illes;07058 Selva;Viviendas totales;2.990
Total Nacional;04 Balears, Illes;07 Balears, Illes;07059 Salines, Ses;Viviendas totales;4.922
Total Nacional;04 Balears, Illes;07 Balears, Illes;07060 Sineu;Viviendas totales;2.727
Total Nacional;04 Balears, Illes;07 Balears, Illes;07061 Sóller;Viviendas totales;8.124
Total Nacional;04 Balears, Illes;07 Balears, Illes;07062 Son Servera;Viviendas totales;7.830
Total Nacional;04 Balears, Illes;07 Balears, Illes;07063 Valldemossa;Viviendas totales;1.483
Total Nacional;04 Balears, Illes;07 Balears, Illes;07064 Castell, Es;Viviendas totales;4.426
Total Nacional;04 Balears, Illes;07 Balears, Illes;07065 Vilafranca de Bonany;Viviendas totales;1.707
Total Nacional;04 Balears, Illes;07 Balears, Illes;07902 Migjorn Gran, Es;Viviendas totales;1.180
Total Nacional;04 Balears, Illes;07 Balears, Illes;07999 Resto de Baleares,;Viviendas totales;3.624
Total Nacional;05 Canarias;35 Palmas, Las;;Viviendas totales;551.237
Total Nacional;05 Canarias;35 Palmas, Las;35001 Agaete;Viviendas totales;3.490
Total Nacional;05 Canarias;35 Palmas, Las;35002 Agüimes;Viviendas totales;14.365
Total Nacional;05 Canarias;35 Palmas, Las;35003 Antigua;Viviendas totales;8.222
Total Nacional;05 Canarias;35 Palmas, Las;35004 Arrecife;Viviendas totales;25.339
Total Nacional;05 Canarias;35 Palmas, Las;35005 Artenara;Viviendas totales;784
Total Nacional;05 Canarias;35 Palmas, Las;35006 Arucas;Viviendas totales;17.003
Total Nacional;05 Canarias;35 Palmas, Las;35007 Betancuria;Viviendas totales;517
Total Nacional;05 Canarias;35 Palmas, Las;35008 Firgas;Viviendas totales;3.559
Total Nacional;05 Canarias;35 Palmas, Las;35009 Gáldar;Viviendas totales;11.691
Total Nacional;05 Canarias;35 Palmas, Las;35010 Haría;Viviendas totales;3.880
Total Nacional;05 Canarias;35 Palmas, Las;35011 Ingenio;Viviendas totales;13.881
Total Nacional;05 Canarias;35 Palmas, Las;35012 Mogán;Viviendas totales;16.894
Total Nacional;05 Canarias;35 Palmas, Las;35013 Moya;Viviendas totales;4.716
Total Nacional;05 Canarias;35 Palmas, Las;35014 Oliva, La;Viviendas totales;16.893
Total Nacional;05 Canarias;35 Palmas, Las;35015 Pájara;Viviendas totales;10.558
Total Nacional;05 Canarias;35 Palmas, Las;35016 Palmas de Gran Canaria, Las;Viviendas totales;175.181
Total Nacional;05 Canarias;35 Palmas, Las;35017 Puerto del Rosario;Viviendas totales;18.683
Total Nacional;05 Canarias;35 Palmas, Las;35018 San Bartolomé;Viviendas totales;8.484
Total Nacional;05 Canarias;35 Palmas, Las;35019 San Bartolomé de Tirajana;Viviendas totales;32.766
Total Nacional;05 Canarias;35 Palmas, Las;35020 Aldea de San Nicolás, La;Viviendas totales;3.820
Total Nacional;05 Canarias;35 Palmas, Las;35021 Santa Brígida;Viviendas totales;7.746
Total Nacional;05 Canarias;35 Palmas, Las;35022 Santa Lucía de Tirajana;Viviendas totales;30.372
Total Nacional;05 Canarias;35 Palmas, Las;35023 Santa María de Guía de Gran Canaria;Viviendas totales;7.337
Total Nacional;05 Canarias;35 Palmas, Las;35024 Teguise;Viviendas totales;11.186
Total Nacional;05 Canarias;35 Palmas, Las;35025 Tejeda;Viviendas totales;1.480
Total Nacional;05 Canarias;35 Palmas, Las;35026 Telde;Viviendas totales;46.739
Total Nacional;05 Canarias;35 Palmas, Las;35027 Teror;Viviendas totales;6.660
Total Nacional;05 Canarias;35 Palmas, Las;35028 Tías;Viviendas totales;17.243
Total Nacional;05 Canarias;35 Palmas, Las;35029 Tinajo;Viviendas totales;2.600
Total Nacional;05 Canarias;35 Palmas, Las;35030 Tuineje;Viviendas totales;6.856
Total Nacional;05 Canarias;35 Palmas, Las;35031 Valsequillo de Gran Canaria;Viviendas totales;4.653
Total Nacional;05 Canarias;35 Palmas, Las;35032 Valleseco;Viviendas totales;2.301
Total Nacional;05 Canarias;35 Palmas, Las;35033 Vega de San Mateo;Viviendas totales;4.978
Total Nacional;05 Canarias;35 Palmas, Las;35034 Yaiza;Viviendas totales;10.360
Total Nacional;05 Canarias;38 Santa Cruz de Tenerife;;Viviendas totales;537.463
Total Nacional;05 Canarias;38 Santa Cruz de Tenerife;38001 Adeje;Viviendas totales;26.798
Total Nacional;05 Canarias;38 Santa Cruz de Tenerife;38002 Agulo;Viviendas totales;853
Total Nacional;05 Canarias;38 Santa Cruz de Tenerife;38003 Alajeró;Viviendas totales;1.327
Total Nacional;05 Canarias;38 Santa Cruz de Tenerife;38004 Arafo;Viviendas totales;2.818
Total Nacional;05 Canarias;38 Santa Cruz de Tenerife;38005 Arico;Viviendas totales;6.133
Total Nacional;05 Canarias;38 Santa Cruz de Tenerife;38006 Arona;Viviendas totales;53.746
Total Nacional;05 Canarias;38 Santa Cruz de Tenerife;38007 Barlovento;Viviendas totales;1.230
Total Nacional;05 Canarias;38 Santa Cruz de Tenerife;38008 Breña Alta;Viviendas totales;3.681
Total Nacional;05 Canarias;38 Santa Cruz de Tenerife;38009 Breña Baja;Viviendas totales;3.265
Total Nacional;05 Canarias;38 Santa Cruz de Tenerife;38010 Buenavista del Norte;Viviendas totales;2.449
Total Nacional;05 Canarias;38 Santa Cruz de Tenerife;38011 Candelaria;Viviendas totales;14.205
Total Nacional;05 Canarias;38 Santa Cruz de Tenerife;38012 Fasnia;Viviendas totales;1.847
Total Nacional;05 Canarias;38 Santa Cruz de Tenerife;38013 Frontera;Viviendas totales;2.444
Total Nacional;05 Canarias;38 Santa Cruz de Tenerife;38014 Fuencaliente de la Palma;Viviendas totales;1.209
Total Nacional;05 Canarias;38 Santa Cruz de Tenerife;38015 Garachico;Viviendas totales;2.521
Total Nacional;05 Canarias;38 Santa Cruz de Tenerife;38016 Garafía;Viviendas totales;1.635
Total Nacional;05 Canarias;38 Santa Cruz de Tenerife;38017 Granadilla de Abona;Viviendas totales;24.284
Total Nacional;05 Canarias;38 Santa Cruz de Tenerife;38018 Guancha, La;Viviendas totales;2.375
Total Nacional;05 Canarias;38 Santa Cruz de Tenerife;38019 Guía de Isora;Viviendas totales;11.209
Total Nacional;05 Canarias;38 Santa Cruz de Tenerife;38020 Güímar;Viviendas totales;11.602
Total Nacional;05 Canarias;38 Santa Cruz de Tenerife;38021 Hermigua;Viviendas totales;1.306
Total Nacional;05 Canarias;38 Santa Cruz de Tenerife;38022 Icod de los Vinos;Viviendas totales;11.541
Total Nacional;05 Canarias;38 Santa Cruz de Tenerife;38023 San Cristóbal de La Laguna;Viviendas totales;74.096
Total Nacional;05 Canarias;38 Santa Cruz de Tenerife;38024 Llanos de Aridane, Los;Viviendas totales;11.319
Total Nacional;05 Canarias;38 Santa Cruz de Tenerife;38025 Matanza de Acentejo, La;Viviendas totales;4.270
Total Nacional;05 Canarias;38 Santa Cruz de Tenerife;38026 Orotava, La;Viviendas totales;17.819
Total Nacional;05 Canarias;38 Santa Cruz de Tenerife;38027 Paso, El;Viviendas totales;4.171
Total Nacional;05 Canarias;38 Santa Cruz de Tenerife;38028 Puerto de la Cruz;Viviendas totales;20.779
Total Nacional;05 Canarias;38 Santa Cruz de Tenerife;38029 Puntagorda;Viviendas totales;1.233
Total Nacional;05 Canarias;38 Santa Cruz de Tenerife;38030 Puntallana;Viviendas totales;1.447
Total Nacional;05 Canarias;38 Santa Cruz de Tenerife;38031 Realejos, Los;Viviendas totales;17.417
Total Nacional;05 Canarias;38 Santa Cruz de Tenerife;38032 Rosario, El;Viviendas totales;8.160
Total Nacional;05 Canarias;38 Santa Cruz de Tenerife;38033 San Andrés y Sauces;Viviendas totales;2.386
Total Nacional;05 Canarias;38 Santa Cruz de Tenerife;38034 San Juan de la Rambla;Viviendas totales;2.209
Total Nacional;05 Canarias;38 Santa Cruz de Tenerife;38035 San Miguel de Abona;Viviendas totales;10.415
Total Nacional;05 Canarias;38 Santa Cruz de Tenerife;38036 San Sebastián de la Gomera;Viviendas totales;5.106
Total Nacional;05 Canarias;38 Santa Cruz de Tenerife;38037 Santa Cruz de la Palma;Viviendas totales;7.535
Total Nacional;05 Canarias;38 Santa Cruz de Tenerife;38038 Santa Cruz de Tenerife;Viviendas totales;97.227
Total Nacional;05 Canarias;38 Santa Cruz de Tenerife;38039 Santa Úrsula;Viviendas totales;6.812
Total Nacional;05 Canarias;38 Santa Cruz de Tenerife;38040 Santiago del Teide;Viviendas totales;9.243
Total Nacional;05 Canarias;38 Santa Cruz de Tenerife;38041 Sauzal, El;Viviendas totales;3.910
Total Nacional;05 Canarias;38 Santa Cruz de Tenerife;38042 Silos, Los;Viviendas totales;2.495
Total Nacional;05 Canarias;38 Santa Cruz de Tenerife;38043 Tacoronte;Viviendas totales;11.121
Total Nacional;05 Canarias;38 Santa Cruz de Tenerife;38044 Tanque, El;Viviendas totales;1.351
Total Nacional;05 Canarias;38 Santa Cruz de Tenerife;38045 Tazacorte;Viviendas totales;2.744
Total Nacional;05 Canarias;38 Santa Cruz de Tenerife;38046 Tegueste;Viviendas totales;4.764
Total Nacional;05 Canarias;38 Santa Cruz de Tenerife;38047 Tijarafe;Viviendas totales;1.867
Total Nacional;05 Canarias;38 Santa Cruz de Tenerife;38048 Valverde;Viviendas totales;3.155
Total Nacional;05 Canarias;38 Santa Cruz de Tenerife;38049 Valle Gran Rey;Viviendas totales;3.803
Total Nacional;05 Canarias;38 Santa Cruz de Tenerife;38050 Vallehermoso;Viviendas totales;2.648
Total Nacional;05 Canarias;38 Santa Cruz de Tenerife;38051 Victoria de Acentejo, La;Viviendas totales;4.049
Total Nacional;05 Canarias;38 Santa Cruz de Tenerife;38052 Vilaflor de Chasna;Viviendas totales;1.077
Total Nacional;05 Canarias;38 Santa Cruz de Tenerife;38053 Villa de Mazo;Viviendas totales;3.037
Total Nacional;05 Canarias;38 Santa Cruz de Tenerife;38901 Pinar de El Hierro, El;Viviendas totales;1.320
Total Nacional;06 Cantabria;39 Cantabria;;Viviendas totales;383.642
Total Nacional;06 Cantabria;39 Cantabria;39001 Alfoz de Lloredo;Viviendas totales;2.146
Total Nacional;06 Cantabria;39 Cantabria;39002 Ampuero;Viviendas totales;3.231
Total Nacional;06 Cantabria;39 Cantabria;39004 Arenas de Iguña;Viviendas totales;1.166
Total Nacional;06 Cantabria;39 Cantabria;39005 Argoños;Viviendas totales;1.894
Total Nacional;06 Cantabria;39 Cantabria;39006 Arnuero;Viviendas totales;3.333
Total Nacional;06 Cantabria;39 Cantabria;39008 Astillero, El;Viviendas totales;8.646
Total Nacional;06 Cantabria;39 Cantabria;39009 Bárcena de Cicero;Viviendas totales;3.508
Total Nacional;06 Cantabria;39 Cantabria;39011 Bareyo;Viviendas totales;2.697
Total Nacional;06 Cantabria;39 Cantabria;39012 Cabezón de la Sal;Viviendas totales;4.563
Total Nacional;06 Cantabria;39 Cantabria;39016 Camargo;Viviendas totales;13.768
Total Nacional;06 Cantabria;39 Cantabria;39018 Cartes;Viviendas totales;2.892
Total Nacional;06 Cantabria;39 Cantabria;39019 Castañeda;Viviendas totales;1.927
Total Nacional;06 Cantabria;39 Cantabria;39020 Castro-Urdiales;Viviendas totales;24.994
Total Nacional;06 Cantabria;39 Cantabria;39022 Cillorigo de Liébana;Viviendas totales;1.202
Total Nacional;06 Cantabria;39 Cantabria;39023 Colindres;Viviendas totales;4.437
Total Nacional;06 Cantabria;39 Cantabria;39024 Comillas;Viviendas totales;3.509
Total Nacional;06 Cantabria;39 Cantabria;39025 Corrales de Buelna, Los;Viviendas totales;5.760
Total Nacional;06 Cantabria;39 Cantabria;39026 Corvera de Toranzo;Viviendas totales;1.714
Total Nacional;06 Cantabria;39 Cantabria;39027 Campoo de Enmedio;Viviendas totales;2.401
Total Nacional;06 Cantabria;39 Cantabria;39028 Entrambasaguas;Viviendas totales;3.167
Total Nacional;06 Cantabria;39 Cantabria;39030 Guriezo;Viviendas totales;1.715
Total Nacional;06 Cantabria;39 Cantabria;39031 Hazas de Cesto;Viviendas totales;1.437
Total Nacional;06 Cantabria;39 Cantabria;39032 Hermandad de Campoo de Suso;Viviendas totales;1.655
Total Nacional;06 Cantabria;39 Cantabria;39035 Laredo;Viviendas totales;15.993
Total Nacional;06 Cantabria;39 Cantabria;39036 Liendo;Viviendas totales;999
Total Nacional;06 Cantabria;39 Cantabria;39037 Liérganes;Viviendas totales;1.480
Total Nacional;06 Cantabria;39 Cantabria;39038 Limpias;Viviendas totales;1.850
Total Nacional;06 Cantabria;39 Cantabria;39040 Marina de Cudeyo;Viviendas totales;2.950
Total Nacional;06 Cantabria;39 Cantabria;39041 Mazcuerras;Viviendas totales;1.145
Total Nacional;06 Cantabria;39 Cantabria;39042 Medio Cudeyo;Viviendas totales;3.742
Total Nacional;06 Cantabria;39 Cantabria;39043 Meruelo;Viviendas totales;1.772
Total Nacional;06 Cantabria;39 Cantabria;39044 Miengo;Viviendas totales;4.110
Total Nacional;06 Cantabria;39 Cantabria;39046 Molledo;Viviendas totales;1.173
Total Nacional;06 Cantabria;39 Cantabria;39047 Noja;Viviendas totales;13.615
Total Nacional;06 Cantabria;39 Cantabria;39048 Penagos;Viviendas totales;1.150
Total Nacional;06 Cantabria;39 Cantabria;39052 Piélagos;Viviendas totales;12.919
Total Nacional;06 Cantabria;39 Cantabria;39054 Polanco;Viviendas totales;3.008
Total Nacional;06 Cantabria;39 Cantabria;39055 Potes;Viviendas totales;1.137
Total Nacional;06 Cantabria;39 Cantabria;39056 Puente Viesgo;Viviendas totales;1.568
Total Nacional;06 Cantabria;39 Cantabria;39057 Ramales de la Victoria;Viviendas totales;3.179
Total Nacional;06 Cantabria;39 Cantabria;39059 Reinosa;Viviendas totales;6.258
Total Nacional;06 Cantabria;39 Cantabria;39060 Reocín;Viviendas totales;4.104
Total Nacional;06 Cantabria;39 Cantabria;39061 Ribamontán al Mar;Viviendas totales;5.101
Total Nacional;06 Cantabria;39 Cantabria;39062 Ribamontán al Monte;Viviendas totales;1.601
Total Nacional;06 Cantabria;39 Cantabria;39063 Rionansa;Viviendas totales;1.006
Total Nacional;06 Cantabria;39 Cantabria;39064 Riotuerto;Viviendas totales;1.083
Total Nacional;06 Cantabria;39 Cantabria;39066 Ruente;Viviendas totales;639
Total Nacional;06 Cantabria;39 Cantabria;39069 San Felices de Buelna;Viviendas totales;1.318
Total Nacional;06 Cantabria;39 Cantabria;39073 Santa Cruz de Bezana;Viviendas totales;6.056
Total Nacional;06 Cantabria;39 Cantabria;39074 Santa María de Cayón;Viviendas totales;5.061
Total Nacional;06 Cantabria;39 Cantabria;39075 Santander;Viviendas totales;93.407
Total Nacional;06 Cantabria;39 Cantabria;39076 Santillana del Mar;Viviendas totales;2.182
Total Nacional;06 Cantabria;39 Cantabria;39078 Santiurde de Toranzo;Viviendas totales;1.172
Total Nacional;06 Cantabria;39 Cantabria;39079 Santoña;Viviendas totales;7.821
Total Nacional;06 Cantabria;39 Cantabria;39080 San Vicente de la Barquera;Viviendas totales;4.199
Total Nacional;06 Cantabria;39 Cantabria;39082 Selaya;Viviendas totales;1.276
Total Nacional;06 Cantabria;39 Cantabria;39083 Soba;Viviendas totales;1.057
Total Nacional;06 Cantabria;39 Cantabria;39084 Solórzano;Viviendas totales;768
Total Nacional;06 Cantabria;39 Cantabria;39085 Suances;Viviendas totales;7.127
Total Nacional;06 Cantabria;39 Cantabria;39087 Torrelavega;Viviendas totales;26.596
Total Nacional;06 Cantabria;39 Cantabria;39091 Valdáliga;Viviendas totales;1.746
Total Nacional;06 Cantabria;39 Cantabria;39095 Val de San Vicente;Viviendas totales;3.430
Total Nacional;06 Cantabria;39 Cantabria;39098 Villacarriedo;Viviendas totales;1.161
Total Nacional;06 Cantabria;39 Cantabria;39099 Villaescusa;Viviendas totales;1.838
Total Nacional;06 Cantabria;39 Cantabria;39100 Villafufre;Viviendas totales;738
Total Nacional;06 Cantabria;39 Cantabria;39102 Voto;Viviendas totales;2.754
Total Nacional;06 Cantabria;39 Cantabria;39999 Resto de Cantabria;Viviendas totales;20.591
Total Nacional;07 Castilla y León;05 Ávila;;Viviendas totales;171.947
Total Nacional;07 Castilla y León;05 Ávila;05002 Adrada, La;Viviendas totales;4.578
Total Nacional;07 Castilla y León;05 Ávila;05014 Arenas de San Pedro;Viviendas totales;6.682
Total Nacional;07 Castilla y León;05 Ávila;05016 Arévalo;Viviendas totales;4.994
Total Nacional;07 Castilla y León;05 Ávila;05019 Ávila;Viviendas totales;34.843
Total Nacional;07 Castilla y León;05 Ávila;05021 Barco de Ávila, El;Viviendas totales;2.506
Total Nacional;07 Castilla y León;05 Ávila;05022 Barraco, El;Viviendas totales;2.381
Total Nacional;07 Castilla y León;05 Ávila;05041 Burgohondo;Viviendas totales;1.914
Total Nacional;07 Castilla y León;05 Ávila;05047 Candeleda;Viviendas totales;5.741
Total Nacional;07 Castilla y León;05 Ávila;05054 Casavieja;Viviendas totales;2.287
Total Nacional;07 Castilla y León;05 Ávila;05057 Cebreros;Viviendas totales;3.156
Total Nacional;07 Castilla y León;05 Ávila;05102 Hoyo de Pinares, El;Viviendas totales;2.482
Total Nacional;07 Castilla y León;05 Ávila;05114 Madrigal de las Altas Torres;Viviendas totales;1.058
Total Nacional;07 Castilla y León;05 Ávila;05163 Navaluenga;Viviendas totales;4.279
Total Nacional;07 Castilla y León;05 Ávila;05168 Navas del Marqués, Las;Viviendas totales;5.071
Total Nacional;07 Castilla y León;05 Ávila;05186 Piedrahíta;Viviendas totales;2.097
Total Nacional;07 Castilla y León;05 Ávila;05187 Piedralaves;Viviendas totales;2.808
Total Nacional;07 Castilla y León;05 Ávila;05240 Sotillo de la Adrada;Viviendas totales;4.655
Total Nacional;07 Castilla y León;05 Ávila;05241 Tiemblo, El;Viviendas totales;5.109
Total Nacional;07 Castilla y León;05 Ávila;05999 Resto de Ávila;Viviendas totales;75.306
Total Nacional;07 Castilla y León;09 Burgos;;Viviendas totales;275.639
Total Nacional;07 Castilla y León;09 Burgos;09018 Aranda de Duero;Viviendas totales;19.708
Total Nacional;07 Castilla y León;09 Burgos;09023 Arcos;Viviendas totales;978
Total Nacional;07 Castilla y León;09 Burgos;09048 Belorado;Viviendas totales;2.080
Total Nacional;07 Castilla y León;09 Burgos;09056 Briviesca;Viviendas totales;5.497
Total Nacional;07 Castilla y León;09 Burgos;09059 Burgos;Viviendas totales;93.766
Total Nacional;07 Castilla y León;09 Burgos;09073 Cardeñadijo;Viviendas totales;873
Total Nacional;07 Castilla y León;09 Burgos;09074 Cardeñajimeno;Viviendas totales;865
Total Nacional;07 Castilla y León;09 Burgos;09109 Condado de Treviño;Viviendas totales;2.437
Total Nacional;07 Castilla y León;09 Burgos;09124 Espinosa de los Monteros;Viviendas totales;2.481
Total Nacional;07 Castilla y León;09 Burgos;09177 Ibeas de Juarros;Viviendas totales;1.282
Total Nacional;07 Castilla y León;09 Burgos;09194 Lerma;Viviendas totales;2.665
Total Nacional;07 Castilla y León;09 Burgos;09209 Medina de Pomar;Viviendas totales;9.076
Total Nacional;07 Castilla y León;09 Burgos;09211 Melgar de Fernamental;Viviendas totales;1.324
Total Nacional;07 Castilla y León;09 Burgos;09219 Miranda de Ebro;Viviendas totales;21.007
Total Nacional;07 Castilla y León;09 Burgos;09238 Oña;Viviendas totales;1.460
Total Nacional;07 Castilla y León;09 Burgos;09274 Pradoluengo;Viviendas totales;1.254
Total Nacional;07 Castilla y León;09 Burgos;09289 Quintanar de la Sierra;Viviendas totales;1.550
Total Nacional;07 Castilla y León;09 Burgos;09321 Roa;Viviendas totales;1.628
Total Nacional;07 Castilla y León;09 Burgos;09330 Salas de los Infantes;Viviendas totales;1.777
Total Nacional;07 Castilla y León;09 Burgos;09410 Valle de Mena;Viviendas totales;4.020
Total Nacional;07 Castilla y León;09 Burgos;09427 Villadiego;Viviendas totales;1.814
Total Nacional;07 Castilla y León;09 Burgos;09434 Villagonzalo Pedernales;Viviendas totales;807
Total Nacional;07 Castilla y León;09 Burgos;09439 Villalbilla de Burgos;Viviendas totales;803
Total Nacional;07 Castilla y León;09 Burgos;09903 Villarcayo de Merindad de Castilla la Vieja;Viviendas totales;5.998
Total Nacional;07 Castilla y León;09 Burgos;09906 Merindad de Río Ubierna;Viviendas totales;1.229
Total Nacional;07 Castilla y León;09 Burgos;09907 Alfoz de Quintanadueñas;Viviendas totales;1.088
Total Nacional;07 Castilla y León;09 Burgos;09999 Resto de Burgos;Viviendas totales;88.172
Total Nacional;07 Castilla y León;24 León;;Viviendas totales;354.725
Total Nacional;07 Castilla y León;24 León;24008 Astorga;Viviendas totales;7.776
Total Nacional;07 Castilla y León;24 León;24010 Bañeza, La;Viviendas totales;7.588
Total Nacional;07 Castilla y León;24 León;24014 Bembibre;Viviendas totales;5.720
Total Nacional;07 Castilla y León;24 León;24015 Benavides;Viviendas totales;2.130
Total Nacional;07 Castilla y León;24 León;24021 Boñar;Viviendas totales;2.419
Total Nacional;07 Castilla y León;24 León;24026 Bustillo del Páramo;Viviendas totales;1.091
Total Nacional;07 Castilla y León;24 León;24027 Cabañas Raras;Viviendas totales;867
Total Nacional;07 Castilla y León;24 León;24030 Cacabelos;Viviendas totales;3.505
Total Nacional;07 Castilla y León;24 León;24034 Camponaraya;Viviendas totales;2.449
Total Nacional;07 Castilla y León;24 León;24038 Carracedelo;Viviendas totales;2.355
Total Nacional;07 Castilla y León;24 León;24039 Carrizo;Viviendas totales;1.897
Total Nacional;07 Castilla y León;24 León;24049 Castropodame;Viviendas totales;1.451
Total Nacional;07 Castilla y León;24 León;24056 Cistierna;Viviendas totales;2.575
Total Nacional;07 Castilla y León;24 León;24057 Congosto;Viviendas totales;1.206
Total Nacional;07 Castilla y León;24 León;24061 Cuadros;Viviendas totales;1.560
Total Nacional;07 Castilla y León;24 León;24064 Cubillos del Sil;Viviendas totales;1.148
Total Nacional;07 Castilla y León;24 León;24065 Chozas de Abajo;Viviendas totales;2.004
Total Nacional;07 Castilla y León;24 León;24070 Fabero;Viviendas totales;3.432
Total Nacional;07 Castilla y León;24 León;24071 Folgoso de la Ribera;Viviendas totales;1.321
Total Nacional;07 Castilla y León;24 León;24076 Garrafe de Torío;Viviendas totales;1.344
Total Nacional;07 Castilla y León;24 León;24083 Igüeña;Viviendas totales;2.448
Total Nacional;07 Castilla y León;24 León;24088 Laguna de Negrillos;Viviendas totales;969
Total Nacional;07 Castilla y León;24 León;24089 León;Viviendas totales;79.199
Total Nacional;07 Castilla y León;24 León;24094 Mansilla de las Mulas;Viviendas totales;1.372
Total Nacional;07 Castilla y León;24 León;24098 Matallana de Torío;Viviendas totales;1.359
Total Nacional;07 Castilla y León;24 León;24105 Onzonilla;Viviendas totales;1.194
Total Nacional;07 Castilla y León;24 León;24110 Páramo del Sil;Viviendas totales;1.591
Total Nacional;07 Castilla y León;24 León;24114 Pola de Gordón, La;Viviendas totales;3.064
Total Nacional;07 Castilla y León;24 León;24115 Ponferrada;Viviendas totales;42.549
Total Nacional;07 Castilla y León;24 León;24122 Puente de Domingo Flórez;Viviendas totales;1.135
Total Nacional;07 Castilla y León;24 León;24134 Robla, La;Viviendas totales;2.641
Total Nacional;07 Castilla y León;24 León;24137 Sabero;Viviendas totales;1.221
Total Nacional;07 Castilla y León;24 León;24139 Sahagún;Viviendas totales;2.364
Total Nacional;07 Castilla y León;24 León;24142 San Andrés del Rabanedo;Viviendas totales;17.161
Total Nacional;07 Castilla y León;24 León;24148 San Justo de la Vega;Viviendas totales;1.219
Total Nacional;07 Castilla y León;24 León;24154 Santa Elena de Jamuz;Viviendas totales;885
Total Nacional;07 Castilla y León;24 León;24157 Santa María del Páramo;Viviendas totales;2.152
Total Nacional;07 Castilla y León;24 León;24159 Santa Marina del Rey;Viviendas totales;1.460
Total Nacional;07 Castilla y León;24 León;24162 Santovenia de la Valdoncina;Viviendas totales;1.245
Total Nacional;07 Castilla y León;24 León;24163 Sariegos;Viviendas totales;2.596
Total Nacional;07 Castilla y León;24 León;24166 Soto de la Vega;Viviendas totales;1.270
Total Nacional;07 Castilla y León;24 León;24169 Toreno;Viviendas totales;3.276
Total Nacional;07 Castilla y León;24 León;24170 Torre del Bierzo;Viviendas totales;1.763
Total Nacional;07 Castilla y León;24 León;24173 Turcia;Viviendas totales;939
Total Nacional;07 Castilla y León;24 León;24175 Valdefresno;Viviendas totales;1.707
Total Nacional;07 Castilla y León;24 León;24180 Valdepolo;Viviendas totales;1.120
Total Nacional;07 Castilla y León;24 León;24181 Valderas;Viviendas totales;1.475
Total Nacional;07 Castilla y León;24 León;24188 Valencia de Don Juan;Viviendas totales;4.287
Total Nacional;07 Castilla y León;24 León;24189 Valverde de la Virgen;Viviendas totales;4.297
Total Nacional;07 Castilla y León;24 León;24196 Vega de Espinareda;Viviendas totales;2.100
Total Nacional;07 Castilla y León;24 León;24201 Vegas del Condado;Viviendas totales;1.756
Total Nacional;07 Castilla y León;24 León;24202 Villablino;Viviendas totales;5.869
Total Nacional;07 Castilla y León;24 León;24205 Villadangos del Páramo;Viviendas totales;894
Total Nacional;07 Castilla y León;24 León;24206 Toral de los Vados;Viviendas totales;1.574
Total Nacional;07 Castilla y León;24 León;24209 Villafranca del Bierzo;Viviendas totales;2.845
Total Nacional;07 Castilla y León;24 León;24212 Villamañán;Viviendas totales;1.179
Total Nacional;07 Castilla y León;24 León;24222 Villaquilambre;Viviendas totales;10.634
Total Nacional;07 Castilla y León;24 León;24223 Villarejo de Órbigo;Viviendas totales;2.416
Total Nacional;07 Castilla y León;24 León;24225 Villasabariego;Viviendas totales;1.116
Total Nacional;07 Castilla y León;24 León;24227 Villaturiel;Viviendas totales;1.279
Total Nacional;07 Castilla y León;24 León;24999 Resto de León;Viviendas totales;81.267
Total Nacional;07 Castilla y León;34 Palencia;;Viviendas totales;116.431
Total Nacional;07 Castilla y León;34 Palencia;34004 Aguilar de Campoo;Viviendas totales;5.070
Total Nacional;07 Castilla y León;34 Palencia;34017 Astudillo;Viviendas totales;877
Total Nacional;07 Castilla y León;34 Palencia;34022 Baltanás;Viviendas totales;1.288
Total Nacional;07 Castilla y León;34 Palencia;34023 Venta de Baños;Viviendas totales;3.746
Total Nacional;07 Castilla y León;34 Palencia;34027 Barruelo de Santullán;Viviendas totales;1.886
Total Nacional;07 Castilla y León;34 Palencia;34047 Carrión de los Condes;Viviendas totales;1.554
Total Nacional;07 Castilla y León;34 Palencia;34056 Cervera de Pisuerga;Viviendas totales;2.787
Total Nacional;07 Castilla y León;34 Palencia;34069 Dueñas;Viviendas totales;1.662
Total Nacional;07 Castilla y León;34 Palencia;34079 Grijota;Viviendas totales;2.096
Total Nacional;07 Castilla y León;34 Palencia;34080 Guardo;Viviendas totales;4.327
Total Nacional;07 Castilla y León;34 Palencia;34083 Herrera de Pisuerga;Viviendas totales;1.781
Total Nacional;07 Castilla y León;34 Palencia;34098 Magaz de Pisuerga;Viviendas totales;717
Total Nacional;07 Castilla y León;34 Palencia;34120 Palencia;Viviendas totales;44.610
Total Nacional;07 Castilla y León;34 Palencia;34123 Paredes de Nava;Viviendas totales;1.252
Total Nacional;07 Castilla y León;34 Palencia;34157 Saldaña;Viviendas totales;2.480
Total Nacional;07 Castilla y León;34 Palencia;34171 Santibáñez de la Peña;Viviendas totales;1.076
Total Nacional;07 Castilla y León;34 Palencia;34199 Velilla del Río Carrión;Viviendas totales;1.187
Total Nacional;07 Castilla y León;34 Palencia;34217 Villalobón;Viviendas totales;928
Total Nacional;07 Castilla y León;34 Palencia;34225 Villamuriel de Cerrato;Viviendas totales;3.172
Total Nacional;07 Castilla y León;34 Palencia;34901 Osorno la Mayor;Viviendas totales;1.051
Total Nacional;07 Castilla y León;34 Palencia;34999 Resto de Palencia;Viviendas totales;32.884
Total Nacional;07 Castilla y León;37 Salamanca;;Viviendas totales;246.123
Total Nacional;07 Castilla y León;37 Salamanca;37008 Alba de Tormes;Viviendas totales;3.284
Total Nacional;07 Castilla y León;37 Salamanca;37010 Alberca, La;Viviendas totales;1.027
Total Nacional;07 Castilla y León;37 Salamanca;37014 Aldeadávila de la Ribera;Viviendas totales;1.109
Total Nacional;07 Castilla y León;37 Salamanca;37023 Aldeatejada;Viviendas totales;1.243
Total Nacional;07 Castilla y León;37 Salamanca;37046 Béjar;Viviendas totales;9.826
Total Nacional;07 Castilla y León;37 Salamanca;37067 Cabrerizos;Viviendas totales;1.847
Total Nacional;07 Castilla y León;37 Salamanca;37069 Calvarrasa de Abajo;Viviendas totales;1.112
Total Nacional;07 Castilla y León;37 Salamanca;37085 Carbajosa de la Sagrada;Viviendas totales;3.060
Total Nacional;07 Castilla y León;37 Salamanca;37087 Carrascal de Barregas;Viviendas totales;715
Total Nacional;07 Castilla y León;37 Salamanca;37092 Castellanos de Moriscos;Viviendas totales;1.626
Total Nacional;07 Castilla y León;37 Salamanca;37107 Ciudad Rodrigo;Viviendas totales;9.525
Total Nacional;07 Castilla y León;37 Salamanca;37117 Doñinos de Salamanca;Viviendas totales;1.049
Total Nacional;07 Castilla y León;37 Salamanca;37135 Fuente de San Esteban, La;Viviendas totales;1.147
Total Nacional;07 Castilla y León;37 Salamanca;37140 Fuentes de Oñoro;Viviendas totales;590
Total Nacional;07 Castilla y León;37 Salamanca;37156 Guijuelo;Viviendas totales;3.305
Total Nacional;07 Castilla y León;37 Salamanca;37170 Ledesma;Viviendas totales;1.358
Total Nacional;07 Castilla y León;37 Salamanca;37173 Lumbrales;Viviendas totales;1.638
Total Nacional;07 Castilla y León;37 Salamanca;37174 Macotera;Viviendas totales;1.107
Total Nacional;07 Castilla y León;37 Salamanca;37202 Monterrubio de Armuña;Viviendas totales;559
Total Nacional;07 Castilla y León;37 Salamanca;37240 Pelabravo;Viviendas totales;934
Total Nacional;07 Castilla y León;37 Salamanca;37246 Peñaranda de Bracamonte;Viviendas totales;4.185
Total Nacional;07 Castilla y León;37 Salamanca;37274 Salamanca;Viviendas totales;92.553
Total Nacional;07 Castilla y León;37 Salamanca;37278 San Cristóbal de la Cuesta;Viviendas totales;755
Total Nacional;07 Castilla y León;37 Salamanca;37294 Santa Marta de Tormes;Viviendas totales;7.102
Total Nacional;07 Castilla y León;37 Salamanca;37322 Terradillos;Viviendas totales;2.024
Total Nacional;07 Castilla y León;37 Salamanca;37354 Villamayor;Viviendas totales;3.781
Total Nacional;07 Castilla y León;37 Salamanca;37362 Villares de la Reina;Viviendas totales;3.235
Total Nacional;07 Castilla y León;37 Salamanca;37374 Villoria;Viviendas totales;801
Total Nacional;07 Castilla y León;37 Salamanca;37376 Vitigudino;Viviendas totales;1.861
Total Nacional;07 Castilla y León;37 Salamanca;37999 Resto de Salamanca;Viviendas totales;83.765
Total Nacional;07 Castilla y León;40 Segovia;;Viviendas totales;128.255
Total Nacional;07 Castilla y León;40 Segovia;40024 Ayllón;Viviendas totales;1.561
Total Nacional;07 Castilla y León;40 Segovia;40040 Cantalejo;Viviendas totales;2.848
Total Nacional;07 Castilla y León;40 Segovia;40041 Cantimpalos;Viviendas totales;938
Total Nacional;07 Castilla y León;40 Segovia;40043 Carbonero el Mayor;Viviendas totales;1.480
Total Nacional;07 Castilla y León;40 Segovia;40057 Coca;Viviendas totales;1.264
Total Nacional;07 Castilla y León;40 Segovia;40063 Cuéllar;Viviendas totales;5.908
Total Nacional;07 Castilla y León;40 Segovia;40076 Espinar, El;Viviendas totales;9.550
Total Nacional;07 Castilla y León;40 Segovia;40077 Espirdo;Viviendas totales;1.068
Total Nacional;07 Castilla y León;40 Segovia;40101 Hontanares de Eresma;Viviendas totales;802
Total Nacional;07 Castilla y León;40 Segovia;40112 Lastrilla, La;Viviendas totales;1.998
Total Nacional;07 Castilla y León;40 Segovia;40138 Nava de la Asunción;Viviendas totales;1.877
Total Nacional;07 Castilla y León;40 Segovia;40141 Navalmanzano;Viviendas totales;739
Total Nacional;07 Castilla y León;40 Segovia;40145 Navas de Oro;Viviendas totales;1.021
Total Nacional;07 Castilla y León;40 Segovia;40155 Palazuelos de Eresma;Viviendas totales;2.830
Total Nacional;07 Castilla y León;40 Segovia;40170 Riaza;Viviendas totales;3.279
Total Nacional;07 Castilla y León;40 Segovia;40181 Real Sitio de San Ildefonso;Viviendas totales;4.149
Total Nacional;07 Castilla y León;40 Segovia;40194 Segovia;Viviendas totales;29.036
Total Nacional;07 Castilla y León;40 Segovia;40203 Torrecaballeros;Viviendas totales;959
Total Nacional;07 Castilla y León;40 Segovia;40207 Trescasas;Viviendas totales;565
Total Nacional;07 Castilla y León;40 Segovia;40216 Valverde del Majano;Viviendas totales;720
Total Nacional;07 Castilla y León;40 Segovia;40225 Villacastín;Viviendas totales;1.109
Total Nacional;07 Castilla y León;40 Segovia;40906 San Cristóbal de Segovia;Viviendas totales;1.417
Total Nacional;07 Castilla y León;40 Segovia;40999 Resto de Segovia;Viviendas totales;53.137
Total Nacional;07 Castilla y León;42 Soria;;Viviendas totales;84.255
Total Nacional;07 Castilla y León;42 Soria;42004 Ágreda;Viviendas totales;2.235
Total Nacional;07 Castilla y León;42 Soria;42020 Almazán;Viviendas totales;4.050
Total Nacional;07 Castilla y León;42 Soria;42025 Arcos de Jalón;Viviendas totales;2.653
Total Nacional;07 Castilla y León;42 Soria;42043 Burgo de Osma-Ciudad de Osma;Viviendas totales;4.479
Total Nacional;07 Castilla y León;42 Soria;42069 Covaleda;Viviendas totales;1.213
Total Nacional;07 Castilla y León;42 Soria;42078 Duruelo de la Sierra;Viviendas totales;731
Total Nacional;07 Castilla y León;42 Soria;42095 Golmayo;Viviendas totales;1.637
Total Nacional;07 Castilla y León;42 Soria;42134 Ólvega;Viviendas totales;2.359
Total Nacional;07 Castilla y León;42 Soria;42162 San Esteban de Gormaz;Viviendas totales;3.195
Total Nacional;07 Castilla y León;42 Soria;42164 San Leonardo de Yagüe;Viviendas totales;1.607
Total Nacional;07 Castilla y León;42 Soria;42173 Soria;Viviendas totales;25.244
Total Nacional;07 Castilla y León;42 Soria;42999 Resto de Soria;Viviendas totales;34.852
Total Nacional;07 Castilla y León;47 Valladolid;;Viviendas totales;296.910
Total Nacional;07 Castilla y León;47 Valladolid;47004 Alaejos;Viviendas totales;1.207
Total Nacional;07 Castilla y León;47 Valladolid;47007 Aldeamayor de San Martín;Viviendas totales;3.047
Total Nacional;07 Castilla y León;47 Valladolid;47010 Arroyo de la Encomienda;Viviendas totales;9.580
Total Nacional;07 Castilla y León;47 Valladolid;47023 Boecillo;Viviendas totales;2.070
Total Nacional;07 Castilla y León;47 Valladolid;47027 Cabezón de Pisuerga;Viviendas totales;2.057
Total Nacional;07 Castilla y León;47 Valladolid;47030 Campaspero;Viviendas totales;833
Total Nacional;07 Castilla y León;47 Valladolid;47050 Cigales;Viviendas totales;2.688
Total Nacional;07 Castilla y León;47 Valladolid;47052 Cistérniga;Viviendas totales;4.097
Total Nacional;07 Castilla y León;47 Valladolid;47066 Fuensaldaña;Viviendas totales;1.157
Total Nacional;07 Castilla y León;47 Valladolid;47075 Íscar;Viviendas totales;3.323
Total Nacional;07 Castilla y León;47 Valladolid;47076 Laguna de Duero;Viviendas totales;10.071
Total Nacional;07 Castilla y León;47 Valladolid;47082 Matapozuelos;Viviendas totales;721
Total Nacional;07 Castilla y León;47 Valladolid;47084 Mayorga;Viviendas totales;1.149
Total Nacional;07 Castilla y León;47 Valladolid;47085 Medina del Campo;Viviendas totales;11.153
Total Nacional;07 Castilla y León;47 Valladolid;47086 Medina de Rioseco;Viviendas totales;2.782
Total Nacional;07 Castilla y León;47 Valladolid;47090 Mojados;Viviendas totales;1.960
Total Nacional;07 Castilla y León;47 Valladolid;47101 Nava del Rey;Viviendas totales;1.527
Total Nacional;07 Castilla y León;47 Valladolid;47104 Olmedo;Viviendas totales;2.266
Total Nacional;07 Castilla y León;47 Valladolid;47111 Pedraja de Portillo, La;Viviendas totales;884
Total Nacional;07 Castilla y León;47 Valladolid;47112 Pedrajas de San Esteban;Viviendas totales;1.798
Total Nacional;07 Castilla y León;47 Valladolid;47114 Peñafiel;Viviendas totales;3.471
Total Nacional;07 Castilla y León;47 Valladolid;47122 Portillo;Viviendas totales;1.549
Total Nacional;07 Castilla y León;47 Valladolid;47129 Quintanilla de Onésimo;Viviendas totales;748
Total Nacional;07 Castilla y León;47 Valladolid;47133 Renedo de Esgueva;Viviendas totales;1.681
Total Nacional;07 Castilla y León;47 Valladolid;47139 Rueda;Viviendas totales;884
Total Nacional;07 Castilla y León;47 Valladolid;47155 Santovenia de Pisuerga;Viviendas totales;2.183
Total Nacional;07 Castilla y León;47 Valladolid;47158 Seca, La;Viviendas totales;719
Total Nacional;07 Castilla y León;47 Valladolid;47159 Serrada;Viviendas totales;595
Total Nacional;07 Castilla y León;47 Valladolid;47161 Simancas;Viviendas totales;2.749
Total Nacional;07 Castilla y León;47 Valladolid;47165 Tordesillas;Viviendas totales;5.613
Total Nacional;07 Castilla y León;47 Valladolid;47173 Traspinedo;Viviendas totales;1.444
Total Nacional;07 Castilla y León;47 Valladolid;47175 Tudela de Duero;Viviendas totales;5.344
Total Nacional;07 Castilla y León;47 Valladolid;47182 Valdestillas;Viviendas totales;937
Total Nacional;07 Castilla y León;47 Valladolid;47186 Valladolid;Viviendas totales;159.363
Total Nacional;07 Castilla y León;47 Valladolid;47193 Viana de Cega;Viviendas totales;1.556
Total Nacional;07 Castilla y León;47 Valladolid;47197 Villabrágima;Viviendas totales;701
Total Nacional;07 Castilla y León;47 Valladolid;47214 Villalón de Campos;Viviendas totales;1.123
Total Nacional;07 Castilla y León;47 Valladolid;47217 Villanubla;Viviendas totales;1.494
Total Nacional;07 Castilla y León;47 Valladolid;47218 Villanueva de Duero;Viviendas totales;1.023
Total Nacional;07 Castilla y León;47 Valladolid;47231 Zaratán;Viviendas totales;2.891
Total Nacional;07 Castilla y León;47 Valladolid;47999 Resto de Valladolid;Viviendas totales;36.472
Total Nacional;07 Castilla y León;49 Zamora;;Viviendas totales;155.610
Total Nacional;07 Castilla y León;49 Zamora;49003 Alcañices;Viviendas totales;950
Total Nacional;07 Castilla y León;49 Zamora;49021 Benavente;Viviendas totales;11.804
Total Nacional;07 Castilla y León;49 Zamora;49023 Bermillo de Sayago;Viviendas totales;1.163
Total Nacional;07 Castilla y León;49 Zamora;49053 Coreses;Viviendas totales;742
Total Nacional;07 Castilla y León;49 Zamora;49065 Fermoselle;Viviendas totales;2.194
Total Nacional;07 Castilla y León;49 Zamora;49081 Fuentesaúco;Viviendas totales;1.344
Total Nacional;07 Castilla y León;49 Zamora;49125 Moraleja del Vino;Viviendas totales;1.110
Total Nacional;07 Castilla y León;49 Zamora;49127 Morales del Vino;Viviendas totales;1.833
Total Nacional;07 Castilla y León;49 Zamora;49166 Puebla de Sanabria;Viviendas totales;1.405
Total Nacional;07 Castilla y León;49 Zamora;49187 San Cristóbal de Entreviñas;Viviendas totales;928
Total Nacional;07 Castilla y León;49 Zamora;49200 Santa Cristina de la Polvorosa;Viviendas totales;731
Total Nacional;07 Castilla y León;49 Zamora;49219 Toro;Viviendas totales;6.312
Total Nacional;07 Castilla y León;49 Zamora;49250 Villalpando;Viviendas totales;1.155
Total Nacional;07 Castilla y León;49 Zamora;49261 Villaralbo;Viviendas totales;1.254
Total Nacional;07 Castilla y León;49 Zamora;49275 Zamora;Viviendas totales;39.710
Total Nacional;07 Castilla y León;49 Zamora;49999 Resto de Zamora;Viviendas totales;82.975
Total Nacional;08 Castilla - La Mancha;02 Albacete;;Viviendas totales;241.313
Total Nacional;08 Castilla - La Mancha;02 Albacete;02003 Albacete;Viviendas totales;86.881
Total Nacional;08 Castilla - La Mancha;02 Albacete;02007 Alcalá del Júcar;Viviendas totales;1.504
Total Nacional;08 Castilla - La Mancha;02 Albacete;02008 Alcaraz;Viviendas totales;1.562
Total Nacional;08 Castilla - La Mancha;02 Albacete;02009 Almansa;Viviendas totales;13.292
Total Nacional;08 Castilla - La Mancha;02 Albacete;02010 Alpera;Viviendas totales;1.607
Total Nacional;08 Castilla - La Mancha;02 Albacete;02012 Balazote;Viviendas totales;1.359
Total Nacional;08 Castilla - La Mancha;02 Albacete;02015 Barrax;Viviendas totales;1.215
Total Nacional;08 Castilla - La Mancha;02 Albacete;02018 Bonete;Viviendas totales;689
Total Nacional;08 Castilla - La Mancha;02 Albacete;02019 Bonillo, El;Viviendas totales;2.218
Total Nacional;08 Castilla - La Mancha;02 Albacete;02021 Casas de Juan Núñez;Viviendas totales;863
Total Nacional;08 Castilla - La Mancha;02 Albacete;02024 Casas-Ibáñez;Viviendas totales;2.756
Total Nacional;08 Castilla - La Mancha;02 Albacete;02025 Caudete;Viviendas totales;6.365
Total Nacional;08 Castilla - La Mancha;02 Albacete;02026 Cenizate;Viviendas totales;670
Total Nacional;08 Castilla - La Mancha;02 Albacete;02029 Chinchilla de Monte-Aragón;Viviendas totales;3.369
Total Nacional;08 Castilla - La Mancha;02 Albacete;02030 Elche de la Sierra;Viviendas totales;3.823
Total Nacional;08 Castilla - La Mancha;02 Albacete;02033 Fuente-Álamo;Viviendas totales;1.598
Total Nacional;08 Castilla - La Mancha;02 Albacete;02034 Fuentealbilla;Viviendas totales;1.448
Total Nacional;08 Castilla - La Mancha;02 Albacete;02035 Gineta, La;Viviendas totales;1.555
Total Nacional;08 Castilla - La Mancha;02 Albacete;02037 Hellín;Viviendas totales;16.661
Total Nacional;08 Castilla - La Mancha;02 Albacete;02039 Higueruela;Viviendas totales;1.001
Total Nacional;08 Castilla - La Mancha;02 Albacete;02043 Lezuza;Viviendas totales;1.394
Total Nacional;08 Castilla - La Mancha;02 Albacete;02044 Liétor;Viviendas totales;1.369
Total Nacional;08 Castilla - La Mancha;02 Albacete;02045 Madrigueras;Viviendas totales;2.627
Total Nacional;08 Castilla - La Mancha;02 Albacete;02046 Mahora;Viviendas totales;1.089
Total Nacional;08 Castilla - La Mancha;02 Albacete;02048 Minaya;Viviendas totales;1.192
Total Nacional;08 Castilla - La Mancha;02 Albacete;02051 Montealegre del Castillo;Viviendas totales;1.385
Total Nacional;08 Castilla - La Mancha;02 Albacete;02053 Munera;Viviendas totales;2.618
Total Nacional;08 Castilla - La Mancha;02 Albacete;02055 Nerpio;Viviendas totales;1.435
Total Nacional;08 Castilla - La Mancha;02 Albacete;02056 Ontur;Viviendas totales;1.404
Total Nacional;08 Castilla - La Mancha;02 Albacete;02057 Ossa de Montiel;Viviendas totales;2.046
Total Nacional;08 Castilla - La Mancha;02 Albacete;02060 Peñas de San Pedro;Viviendas totales;1.072
Total Nacional;08 Castilla - La Mancha;02 Albacete;02063 Pozohondo;Viviendas totales;1.535
Total Nacional;08 Castilla - La Mancha;02 Albacete;02067 Riópar;Viviendas totales;1.654
Total Nacional;08 Castilla - La Mancha;02 Albacete;02069 Roda, La;Viviendas totales;8.901
Total Nacional;08 Castilla - La Mancha;02 Albacete;02071 San Pedro;Viviendas totales;861
Total Nacional;08 Castilla - La Mancha;02 Albacete;02072 Socovos;Viviendas totales;1.445
Total Nacional;08 Castilla - La Mancha;02 Albacete;02073 Tarazona de la Mancha;Viviendas totales;3.854
Total Nacional;08 Castilla - La Mancha;02 Albacete;02074 Tobarra;Viviendas totales;5.791
Total Nacional;08 Castilla - La Mancha;02 Albacete;02075 Valdeganga;Viviendas totales;1.271
Total Nacional;08 Castilla - La Mancha;02 Albacete;02078 Villalgordo del Júcar;Viviendas totales;888
Total Nacional;08 Castilla - La Mancha;02 Albacete;02079 Villamalea;Viviendas totales;2.360
Total Nacional;08 Castilla - La Mancha;02 Albacete;02081 Villarrobledo;Viviendas totales;15.102
Total Nacional;08 Castilla - La Mancha;02 Albacete;02086 Yeste;Viviendas totales;3.594
Total Nacional;08 Castilla - La Mancha;02 Albacete;02901 Pozo Cañada;Viviendas totales;1.561
Total Nacional;08 Castilla - La Mancha;02 Albacete;02999 Resto de Albacete;Viviendas totales;24.429
Total Nacional;08 Castilla - La Mancha;13 Ciudad Real;;Viviendas totales;313.180
Total Nacional;08 Castilla - La Mancha;13 Ciudad Real;13001 Abenójar;Viviendas totales;1.307
Total Nacional;08 Castilla - La Mancha;13 Ciudad Real;13002 Agudo;Viviendas totales;1.670
Total Nacional;08 Castilla - La Mancha;13 Ciudad Real;13004 Albaladejo;Viviendas totales;1.067
Total Nacional;08 Castilla - La Mancha;13 Ciudad Real;13005 Alcázar de San Juan;Viviendas totales;17.129
Total Nacional;08 Castilla - La Mancha;13 Ciudad Real;13007 Alcolea de Calatrava;Viviendas totales;1.109
Total Nacional;08 Castilla - La Mancha;13 Ciudad Real;13009 Aldea del Rey;Viviendas totales;1.761
Total Nacional;08 Castilla - La Mancha;13 Ciudad Real;13011 Almadén;Viviendas totales;3.931
Total Nacional;08 Castilla - La Mancha;13 Ciudad Real;13013 Almagro;Viviendas totales;5.072
Total Nacional;08 Castilla - La Mancha;13 Ciudad Real;13015 Almodóvar del Campo;Viviendas totales;4.872
Total Nacional;08 Castilla - La Mancha;13 Ciudad Real;13018 Arenas de San Juan;Viviendas totales;734
Total Nacional;08 Castilla - La Mancha;13 Ciudad Real;13019 Argamasilla de Alba;Viviendas totales;4.147
Total Nacional;08 Castilla - La Mancha;13 Ciudad Real;13020 Argamasilla de Calatrava;Viviendas totales;4.264
Total Nacional;08 Castilla - La Mancha;13 Ciudad Real;13023 Bolaños de Calatrava;Viviendas totales;5.589
Total Nacional;08 Castilla - La Mancha;13 Ciudad Real;13027 Calzada de Calatrava;Viviendas totales;3.468
Total Nacional;08 Castilla - La Mancha;13 Ciudad Real;13028 Campo de Criptana;Viviendas totales;7.014
Total Nacional;08 Castilla - La Mancha;13 Ciudad Real;13031 Carrión de Calatrava;Viviendas totales;1.956
Total Nacional;08 Castilla - La Mancha;13 Ciudad Real;13032 Carrizosa;Viviendas totales;1.274
Total Nacional;08 Castilla - La Mancha;13 Ciudad Real;13033 Castellar de Santiago;Viviendas totales;1.837
Total Nacional;08 Castilla - La Mancha;13 Ciudad Real;13034 Ciudad Real;Viviendas totales;41.592
Total Nacional;08 Castilla - La Mancha;13 Ciudad Real;13035 Corral de Calatrava;Viviendas totales;811
Total Nacional;08 Castilla - La Mancha;13 Ciudad Real;13038 Chillón;Viviendas totales;1.908
Total Nacional;08 Castilla - La Mancha;13 Ciudad Real;13039 Daimiel;Viviendas totales;10.967
Total Nacional;08 Castilla - La Mancha;13 Ciudad Real;13042 Fuencaliente;Viviendas totales;1.272
Total Nacional;08 Castilla - La Mancha;13 Ciudad Real;13044 Fuente el Fresno;Viviendas totales;2.289
Total Nacional;08 Castilla - La Mancha;13 Ciudad Real;13047 Herencia;Viviendas totales;4.533
Total Nacional;08 Castilla - La Mancha;13 Ciudad Real;13052 Malagón;Viviendas totales;6.110
Total Nacional;08 Castilla - La Mancha;13 Ciudad Real;13053 Manzanares;Viviendas totales;10.512
Total Nacional;08 Castilla - La Mancha;13 Ciudad Real;13054 Membrilla;Viviendas totales;3.235
Total Nacional;08 Castilla - La Mancha;13 Ciudad Real;13056 Miguelturra;Viviendas totales;7.817
Total Nacional;08 Castilla - La Mancha;13 Ciudad Real;13057 Montiel;Viviendas totales;1.363
Total Nacional;08 Castilla - La Mancha;13 Ciudad Real;13058 Moral de Calatrava;Viviendas totales;3.691
Total Nacional;08 Castilla - La Mancha;13 Ciudad Real;13061 Pedro Muñoz;Viviendas totales;4.380
Total Nacional;08 Castilla - La Mancha;13 Ciudad Real;13063 Piedrabuena;Viviendas totales;3.293
Total Nacional;08 Castilla - La Mancha;13 Ciudad Real;13064 Poblete;Viviendas totales;1.466
Total Nacional;08 Castilla - La Mancha;13 Ciudad Real;13065 Porzuna;Viviendas totales;2.890
Total Nacional;08 Castilla - La Mancha;13 Ciudad Real;13066 Pozuelo de Calatrava;Viviendas totales;2.630
Total Nacional;08 Castilla - La Mancha;13 Ciudad Real;13068 Puebla de Don Rodrigo;Viviendas totales;980
Total Nacional;08 Castilla - La Mancha;13 Ciudad Real;13071 Puertollano;Viviendas totales;26.589
Total Nacional;08 Castilla - La Mancha;13 Ciudad Real;13074 San Carlos del Valle;Viviendas totales;795
Total Nacional;08 Castilla - La Mancha;13 Ciudad Real;13077 Santa Cruz de Mudela;Viviendas totales;2.697
Total Nacional;08 Castilla - La Mancha;13 Ciudad Real;13078 Socuéllamos;Viviendas totales;7.070
Total Nacional;08 Castilla - La Mancha;13 Ciudad Real;13079 Solana, La;Viviendas totales;7.377
Total Nacional;08 Castilla - La Mancha;13 Ciudad Real;13082 Tomelloso;Viviendas totales;19.217
Total Nacional;08 Castilla - La Mancha;13 Ciudad Real;13083 Torralba de Calatrava;Viviendas totales;2.110
Total Nacional;08 Castilla - La Mancha;13 Ciudad Real;13085 Torrenueva;Viviendas totales;2.149
Total Nacional;08 Castilla - La Mancha;13 Ciudad Real;13087 Valdepeñas;Viviendas totales;17.368
Total Nacional;08 Castilla - La Mancha;13 Ciudad Real;13089 Villahermosa;Viviendas totales;2.220
Total Nacional;08 Castilla - La Mancha;13 Ciudad Real;13090 Villamanrique;Viviendas totales;1.183
Total Nacional;08 Castilla - La Mancha;13 Ciudad Real;13092 Villanueva de la Fuente;Viviendas totales;1.983
Total Nacional;08 Castilla - La Mancha;13 Ciudad Real;13093 Villanueva de los Infantes;Viviendas totales;3.752
Total Nacional;08 Castilla - La Mancha;13 Ciudad Real;13096 Villarrubia de los Ojos;Viviendas totales;5.456
Total Nacional;08 Castilla - La Mancha;13 Ciudad Real;13097 Villarta de San Juan;Viviendas totales;1.530
Total Nacional;08 Castilla - La Mancha;13 Ciudad Real;13098 Viso del Marqués;Viviendas totales;2.092
Total Nacional;08 Castilla - La Mancha;13 Ciudad Real;13901 Robledo, El;Viviendas totales;1.003
Total Nacional;08 Castilla - La Mancha;13 Ciudad Real;13999 Resto de Ciudad;Viviendas totales;28.649
Total Nacional;08 Castilla - La Mancha;16 Cuenca;;Viviendas totales;165.616
Total Nacional;08 Castilla - La Mancha;16 Cuenca;16007 Alberca de Záncara, La;Viviendas totales;1.018
Total Nacional;08 Castilla - La Mancha;16 Cuenca;16027 Barajas de Melo;Viviendas totales;1.433
Total Nacional;08 Castilla - La Mancha;16 Cuenca;16033 Belmonte;Viviendas totales;1.690
Total Nacional;08 Castilla - La Mancha;16 Cuenca;16042 Campillo de Altobuey;Viviendas totales;1.333
Total Nacional;08 Castilla - La Mancha;16 Cuenca;16061 Casas de Fernando Alonso;Viviendas totales;779
Total Nacional;08 Castilla - La Mancha;16 Cuenca;16066 Casasimarro;Viviendas totales;2.126
Total Nacional;08 Castilla - La Mancha;16 Cuenca;16078 Cuenca;Viviendas totales;31.611
Total Nacional;08 Castilla - La Mancha;16 Cuenca;16086 Fuente de Pedro Naharro;Viviendas totales;1.020
Total Nacional;08 Castilla - La Mancha;16 Cuenca;16102 Honrubia;Viviendas totales;986
Total Nacional;08 Castilla - La Mancha;16 Cuenca;16106 Horcajo de Santiago;Viviendas totales;2.760
Total Nacional;08 Castilla - La Mancha;16 Cuenca;16112 Huete;Viviendas totales;2.112
Total Nacional;08 Castilla - La Mancha;16 Cuenca;16113 Iniesta;Viviendas totales;2.411
Total Nacional;08 Castilla - La Mancha;16 Cuenca;16117 Landete;Viviendas totales;1.323
Total Nacional;08 Castilla - La Mancha;16 Cuenca;16118 Ledaña;Viviendas totales;1.325
Total Nacional;08 Castilla - La Mancha;16 Cuenca;16124 Mesas, Las;Viviendas totales;1.411
Total Nacional;08 Castilla - La Mancha;16 Cuenca;16125 Minglanilla;Viviendas totales;1.645
Total Nacional;08 Castilla - La Mancha;16 Cuenca;16133 Mota del Cuervo;Viviendas totales;3.346
Total Nacional;08 Castilla - La Mancha;16 Cuenca;16134 Motilla del Palancar;Viviendas totales;3.401
Total Nacional;08 Castilla - La Mancha;16 Cuenca;16153 Pedernoso, El;Viviendas totales;830
Total Nacional;08 Castilla - La Mancha;16 Cuenca;16154 Pedroñeras, Las;Viviendas totales;3.360
Total Nacional;08 Castilla - La Mancha;16 Cuenca;16171 Provencio, El;Viviendas totales;1.983
Total Nacional;08 Castilla - La Mancha;16 Cuenca;16175 Quintanar del Rey;Viviendas totales;3.547
Total Nacional;08 Castilla - La Mancha;16 Cuenca;16190 San Clemente;Viviendas totales;3.962
Total Nacional;08 Castilla - La Mancha;16 Cuenca;16191 San Lorenzo de la Parrilla;Viviendas totales;891
Total Nacional;08 Castilla - La Mancha;16 Cuenca;16198 Sisante;Viviendas totales;1.362
Total Nacional;08 Castilla - La Mancha;16 Cuenca;16203 Tarancón;Viviendas totales;8.723
Total Nacional;08 Castilla - La Mancha;16 Cuenca;16236 Valverde de Júcar;Viviendas totales;1.013
Total Nacional;08 Castilla - La Mancha;16 Cuenca;16249 Villamayor de Santiago;Viviendas totales;2.095
Total Nacional;08 Castilla - La Mancha;16 Cuenca;16251 Villanueva de la Jara;Viviendas totales;1.551
Total Nacional;08 Castilla - La Mancha;16 Cuenca;16263 Villar de Olalla;Viviendas totales;1.041
Total Nacional;08 Castilla - La Mancha;16 Cuenca;16903 Valeras, Las;Viviendas totales;972
Total Nacional;08 Castilla - La Mancha;16 Cuenca;16905 Arcas;Viviendas totales;1.523
Total Nacional;08 Castilla - La Mancha;16 Cuenca;16999 Resto de Cuenca;Viviendas totales;71.033
Total Nacional;08 Castilla - La Mancha;19 Guadalajara;;Viviendas totales;187.779
Total Nacional;08 Castilla - La Mancha;19 Guadalajara;19006 Albalate de Zorita;Viviendas totales;2.369
Total Nacional;08 Castilla - La Mancha;19 Guadalajara;19021 Almoguera;Viviendas totales;999
Total Nacional;08 Castilla - La Mancha;19 Guadalajara;19024 Alovera;Viviendas totales;5.211
Total Nacional;08 Castilla - La Mancha;19 Guadalajara;19046 Azuqueca de Henares;Viviendas totales;14.220
Total Nacional;08 Castilla - La Mancha;19 Guadalajara;19053 Brihuega;Viviendas totales;3.486
Total Nacional;08 Castilla - La Mancha;19 Guadalajara;19058 Cabanillas del Campo;Viviendas totales;4.420
Total Nacional;08 Castilla - La Mancha;19 Guadalajara;19071 Casar, El;Viviendas totales;6.972
Total Nacional;08 Castilla - La Mancha;19 Guadalajara;19086 Cifuentes;Viviendas totales;2.412
Total Nacional;08 Castilla - La Mancha;19 Guadalajara;19105 Chiloeches;Viviendas totales;2.082
Total Nacional;08 Castilla - La Mancha;19 Guadalajara;19117 Fontanar;Viviendas totales;1.223
Total Nacional;08 Castilla - La Mancha;19 Guadalajara;19126 Galápagos;Viviendas totales;1.378
Total Nacional;08 Castilla - La Mancha;19 Guadalajara;19130 Guadalajara;Viviendas totales;41.937
Total Nacional;08 Castilla - La Mancha;19 Guadalajara;19143 Horche;Viviendas totales;1.894
Total Nacional;08 Castilla - La Mancha;19 Guadalajara;19151 Humanes;Viviendas totales;1.399
Total Nacional;08 Castilla - La Mancha;19 Guadalajara;19156 Jadraque;Viviendas totales;1.390
Total Nacional;08 Castilla - La Mancha;19 Guadalajara;19160 Loranca de Tajuña;Viviendas totales;1.372
Total Nacional;08 Castilla - La Mancha;19 Guadalajara;19171 Marchamalo;Viviendas totales;3.528
Total Nacional;08 Castilla - La Mancha;19 Guadalajara;19190 Molina de Aragón;Viviendas totales;2.981
Total Nacional;08 Castilla - La Mancha;19 Guadalajara;19192 Mondéjar;Viviendas totales;1.748
Total Nacional;08 Castilla - La Mancha;19 Guadalajara;19220 Pioz;Viviendas totales;2.849
Total Nacional;08 Castilla - La Mancha;19 Guadalajara;19225 Pozo de Guadalajara;Viviendas totales;852
Total Nacional;08 Castilla - La Mancha;19 Guadalajara;19245 Sacedón;Viviendas totales;1.936
Total Nacional;08 Castilla - La Mancha;19 Guadalajara;19257 Sigüenza;Viviendas totales;5.647
Total Nacional;08 Castilla - La Mancha;19 Guadalajara;19274 Torija;Viviendas totales;927
Total Nacional;08 Castilla - La Mancha;19 Guadalajara;19280 Torrejón del Rey;Viviendas totales;3.337
Total Nacional;08 Castilla - La Mancha;19 Guadalajara;19286 Tórtola de Henares;Viviendas totales;772
Total Nacional;08 Castilla - La Mancha;19 Guadalajara;19290 Trijueque;Viviendas totales;1.547
Total Nacional;08 Castilla - La Mancha;19 Guadalajara;19291 Trillo;Viviendas totales;1.410
Total Nacional;08 Castilla - La Mancha;19 Guadalajara;19293 Uceda;Viviendas totales;2.817
Total Nacional;08 Castilla - La Mancha;19 Guadalajara;19300 Valdeaveruelo;Viviendas totales;742
Total Nacional;08 Castilla - La Mancha;19 Guadalajara;19319 Villanueva de la Torre;Viviendas totales;2.467
Total Nacional;08 Castilla - La Mancha;19 Guadalajara;19326 Yebes;Viviendas totales;2.589
Total Nacional;08 Castilla - La Mancha;19 Guadalajara;19331 Yunquera de Henares;Viviendas totales;2.180
Total Nacional;08 Castilla - La Mancha;19 Guadalajara;19999 Resto de Guadalajara;Viviendas totales;56.686
Total Nacional;08 Castilla - La Mancha;45 Toledo;;Viviendas totales;439.385
Total Nacional;08 Castilla - La Mancha;45 Toledo;45001 Ajofrín;Viviendas totales;1.427
Total Nacional;08 Castilla - La Mancha;45 Toledo;45002 Alameda de la Sagra;Viviendas totales;2.125
Total Nacional;08 Castilla - La Mancha;45 Toledo;45006 Alcaudete de la Jara;Viviendas totales;1.710
Total Nacional;08 Castilla - La Mancha;45 Toledo;45013 Almorox;Viviendas totales;2.364
Total Nacional;08 Castilla - La Mancha;45 Toledo;45014 Añover de Tajo;Viviendas totales;2.637
Total Nacional;08 Castilla - La Mancha;45 Toledo;45016 Argés;Viviendas totales;3.030
Total Nacional;08 Castilla - La Mancha;45 Toledo;45019 Bargas;Viviendas totales;5.674
Total Nacional;08 Castilla - La Mancha;45 Toledo;45020 Belvís de la Jara;Viviendas totales;1.589
Total Nacional;08 Castilla - La Mancha;45 Toledo;45021 Borox;Viviendas totales;2.319
Total Nacional;08 Castilla - La Mancha;45 Toledo;45023 Burguillos de Toledo;Viviendas totales;1.763
Total Nacional;08 Castilla - La Mancha;45 Toledo;45024 Burujón;Viviendas totales;925
Total Nacional;08 Castilla - La Mancha;45 Toledo;45025 Cabañas de la Sagra;Viviendas totales;974
Total Nacional;08 Castilla - La Mancha;45 Toledo;45028 Calera y Chozas;Viviendas totales;3.087
Total Nacional;08 Castilla - La Mancha;45 Toledo;45031 Camarena;Viviendas totales;3.155
Total Nacional;08 Castilla - La Mancha;45 Toledo;45034 Camuñas;Viviendas totales;1.235
Total Nacional;08 Castilla - La Mancha;45 Toledo;45037 Carpio de Tajo, El;Viviendas totales;1.602
Total Nacional;08 Castilla - La Mancha;45 Toledo;45038 Carranque;Viviendas totales;2.736
Total Nacional;08 Castilla - La Mancha;45 Toledo;45040 Casar de Escalona, El;Viviendas totales;3.205
Total Nacional;08 Castilla - La Mancha;45 Toledo;45041 Casarrubios del Monte;Viviendas totales;5.001
Total Nacional;08 Castilla - La Mancha;45 Toledo;45045 Cazalegas;Viviendas totales;1.523
Total Nacional;08 Castilla - La Mancha;45 Toledo;45046 Cebolla;Viviendas totales;2.000
Total Nacional;08 Castilla - La Mancha;45 Toledo;45047 Cedillo del Condado;Viviendas totales;2.517
Total Nacional;08 Castilla - La Mancha;45 Toledo;45051 Cobeja;Viviendas totales;1.136
Total Nacional;08 Castilla - La Mancha;45 Toledo;45052 Cobisa;Viviendas totales;2.024
Total Nacional;08 Castilla - La Mancha;45 Toledo;45053 Consuegra;Viviendas totales;5.769
Total Nacional;08 Castilla - La Mancha;45 Toledo;45054 Corral de Almaguer;Viviendas totales;3.813
Total Nacional;08 Castilla - La Mancha;45 Toledo;45055 Cuerva;Viviendas totales;1.073
Total Nacional;08 Castilla - La Mancha;45 Toledo;45056 Chozas de Canales;Viviendas totales;2.456
Total Nacional;08 Castilla - La Mancha;45 Toledo;45059 Dosbarrios;Viviendas totales;1.451
Total Nacional;08 Castilla - La Mancha;45 Toledo;45061 Escalona;Viviendas totales;4.868
Total Nacional;08 Castilla - La Mancha;45 Toledo;45062 Escalonilla;Viviendas totales;1.047
Total Nacional;08 Castilla - La Mancha;45 Toledo;45064 Esquivias;Viviendas totales;2.714
Total Nacional;08 Castilla - La Mancha;45 Toledo;45066 Fuensalida;Viviendas totales;6.323
Total Nacional;08 Castilla - La Mancha;45 Toledo;45067 Gálvez;Viviendas totales;1.954
Total Nacional;08 Castilla - La Mancha;45 Toledo;45069 Gerindote;Viviendas totales;1.497
Total Nacional;08 Castilla - La Mancha;45 Toledo;45070 Guadamur;Viviendas totales;1.088
Total Nacional;08 Castilla - La Mancha;45 Toledo;45071 Guardia, La;Viviendas totales;1.838
Total Nacional;08 Castilla - La Mancha;45 Toledo;45078 Huerta de Valdecarábanos;Viviendas totales;1.309
Total Nacional;08 Castilla - La Mancha;45 Toledo;45081 Illescas;Viviendas totales;12.265
Total Nacional;08 Castilla - La Mancha;45 Toledo;45082 Lagartera;Viviendas totales;1.200
Total Nacional;08 Castilla - La Mancha;45 Toledo;45084 Lillo;Viviendas totales;2.096
Total Nacional;08 Castilla - La Mancha;45 Toledo;45085 Lominchar;Viviendas totales;1.361
Total Nacional;08 Castilla - La Mancha;45 Toledo;45087 Madridejos;Viviendas totales;5.556
Total Nacional;08 Castilla - La Mancha;45 Toledo;45088 Magán;Viviendas totales;2.311
Total Nacional;08 Castilla - La Mancha;45 Toledo;45089 Malpica de Tajo;Viviendas totales;1.241
Total Nacional;08 Castilla - La Mancha;45 Toledo;45096 Mazarambroz;Viviendas totales;917
Total Nacional;08 Castilla - La Mancha;45 Toledo;45097 Mejorada;Viviendas totales;1.081
Total Nacional;08 Castilla - La Mancha;45 Toledo;45098 Menasalbas;Viviendas totales;1.994
Total Nacional;08 Castilla - La Mancha;45 Toledo;45099 Méntrida;Viviendas totales;4.019
Total Nacional;08 Castilla - La Mancha;45 Toledo;45101 Miguel Esteban;Viviendas totales;2.897
Total Nacional;08 Castilla - La Mancha;45 Toledo;45102 Mocejón;Viviendas totales;2.365
Total Nacional;08 Castilla - La Mancha;45 Toledo;45106 Mora;Viviendas totales;5.859
Total Nacional;08 Castilla - La Mancha;45 Toledo;45107 Nambroca;Viviendas totales;2.536
Total Nacional;08 Castilla - La Mancha;45 Toledo;45109 Navahermosa;Viviendas totales;3.031
Total Nacional;08 Castilla - La Mancha;45 Toledo;45110 Navalcán;Viviendas totales;2.287
Total Nacional;08 Castilla - La Mancha;45 Toledo;45112 Navalmorales, Los;Viviendas totales;2.105
Total Nacional;08 Castilla - La Mancha;45 Toledo;45113 Navalucillos, Los;Viviendas totales;2.702
Total Nacional;08 Castilla - La Mancha;45 Toledo;45115 Noblejas;Viviendas totales;2.083
Total Nacional;08 Castilla - La Mancha;45 Toledo;45118 Novés;Viviendas totales;1.893
Total Nacional;08 Castilla - La Mancha;45 Toledo;45119 Numancia de la Sagra;Viviendas totales;2.495
Total Nacional;08 Castilla - La Mancha;45 Toledo;45121 Ocaña;Viviendas totales;8.041
Total Nacional;08 Castilla - La Mancha;45 Toledo;45122 Olías del Rey;Viviendas totales;3.925
Total Nacional;08 Castilla - La Mancha;45 Toledo;45123 Ontígola;Viviendas totales;2.923
Total Nacional;08 Castilla - La Mancha;45 Toledo;45124 Orgaz;Viviendas totales;1.732
Total Nacional;08 Castilla - La Mancha;45 Toledo;45125 Oropesa;Viviendas totales;2.201
Total Nacional;08 Castilla - La Mancha;45 Toledo;45127 Palomeque;Viviendas totales;989
Total Nacional;08 Castilla - La Mancha;45 Toledo;45128 Pantoja;Viviendas totales;1.600
Total Nacional;08 Castilla - La Mancha;45 Toledo;45132 Pepino;Viviendas totales;1.716
Total Nacional;08 Castilla - La Mancha;45 Toledo;45133 Polán;Viviendas totales;2.097
Total Nacional;08 Castilla - La Mancha;45 Toledo;45134 Portillo de Toledo;Viviendas totales;1.272
Total Nacional;08 Castilla - La Mancha;45 Toledo;45135 Puebla de Almoradiel, La;Viviendas totales;3.157
Total Nacional;08 Castilla - La Mancha;45 Toledo;45136 Puebla de Montalbán, La;Viviendas totales;4.262
Total Nacional;08 Castilla - La Mancha;45 Toledo;45137 Pueblanueva, La;Viviendas totales;1.580
Total Nacional;08 Castilla - La Mancha;45 Toledo;45138 Puente del Arzobispo, El;Viviendas totales;823
Total Nacional;08 Castilla - La Mancha;45 Toledo;45140 Pulgar;Viviendas totales;1.041
Total Nacional;08 Castilla - La Mancha;45 Toledo;45141 Quero;Viviendas totales;989
Total Nacional;08 Castilla - La Mancha;45 Toledo;45142 Quintanar de la Orden;Viviendas totales;6.462
Total Nacional;08 Castilla - La Mancha;45 Toledo;45143 Quismondo;Viviendas totales;1.301
Total Nacional;08 Castilla - La Mancha;45 Toledo;45145 Recas;Viviendas totales;2.611
Total Nacional;08 Castilla - La Mancha;45 Toledo;45153 San Pablo de los Montes;Viviendas totales;1.601
Total Nacional;08 Castilla - La Mancha;45 Toledo;45154 San Román de los Montes;Viviendas totales;2.147
Total Nacional;08 Castilla - La Mancha;45 Toledo;45156 Santa Cruz de la Zarza;Viviendas totales;2.903
Total Nacional;08 Castilla - La Mancha;45 Toledo;45157 Santa Cruz del Retamar;Viviendas totales;3.803
Total Nacional;08 Castilla - La Mancha;45 Toledo;45158 Santa Olalla;Viviendas totales;2.374
Total Nacional;08 Castilla - La Mancha;45 Toledo;45160 Segurilla;Viviendas totales;994
Total Nacional;08 Castilla - La Mancha;45 Toledo;45161 Seseña;Viviendas totales;12.174
Total Nacional;08 Castilla - La Mancha;45 Toledo;45163 Sonseca;Viviendas totales;5.567
Total Nacional;08 Castilla - La Mancha;45 Toledo;45165 Talavera de la Reina;Viviendas totales;43.263
Total Nacional;08 Castilla - La Mancha;45 Toledo;45166 Tembleque;Viviendas totales;1.568
Total Nacional;08 Castilla - La Mancha;45 Toledo;45167 Toboso, El;Viviendas totales;1.442
Total Nacional;08 Castilla - La Mancha;45 Toledo;45168 Toledo;Viviendas totales;40.498
Total Nacional;08 Castilla - La Mancha;45 Toledo;45171 Torre de Esteban Hambrán, La;Viviendas totales;1.398
Total Nacional;08 Castilla - La Mancha;45 Toledo;45173 Torrijos;Viviendas totales;6.936
Total Nacional;08 Castilla - La Mancha;45 Toledo;45176 Ugena;Viviendas totales;2.720
Total Nacional;08 Castilla - La Mancha;45 Toledo;45177 Urda;Viviendas totales;2.126
Total Nacional;08 Castilla - La Mancha;45 Toledo;45180 Valmojado;Viviendas totales;2.298
Total Nacional;08 Castilla - La Mancha;45 Toledo;45181 Velada;Viviendas totales;1.722
Total Nacional;08 Castilla - La Mancha;45 Toledo;45182 Ventas con Peña Aguilera, Las;Viviendas totales;1.310
Total Nacional;08 Castilla - La Mancha;45 Toledo;45183 Ventas de Retamosa, Las;Viviendas totales;2.250
Total Nacional;08 Castilla - La Mancha;45 Toledo;45185 Villacañas;Viviendas totales;5.468
Total Nacional;08 Castilla - La Mancha;45 Toledo;45186 Villa de Don Fadrique, La;Viviendas totales;2.496
Total Nacional;08 Castilla - La Mancha;45 Toledo;45187 Villafranca de los Caballeros;Viviendas totales;3.163
Total Nacional;08 Castilla - La Mancha;45 Toledo;45188 Villaluenga de la Sagra;Viviendas totales;1.956
Total Nacional;08 Castilla - La Mancha;45 Toledo;45192 Villanueva de Alcardete;Viviendas totales;2.297
Total Nacional;08 Castilla - La Mancha;45 Toledo;45195 Villarrubia de Santiago;Viviendas totales;1.758
Total Nacional;08 Castilla - La Mancha;45 Toledo;45196 Villaseca de la Sagra;Viviendas totales;1.009
Total Nacional;08 Castilla - La Mancha;45 Toledo;45197 Villasequilla;Viviendas totales;1.595
Total Nacional;08 Castilla - La Mancha;45 Toledo;45198 Villatobas;Viviendas totales;1.983
Total Nacional;08 Castilla - La Mancha;45 Toledo;45199 Viso de San Juan, El;Viviendas totales;4.223
Total Nacional;08 Castilla - La Mancha;45 Toledo;45200 Yébenes, Los;Viviendas totales;3.276
Total Nacional;08 Castilla - La Mancha;45 Toledo;45201 Yeles;Viviendas totales;3.515
Total Nacional;08 Castilla - La Mancha;45 Toledo;45202 Yepes;Viviendas totales;3.159
Total Nacional;08 Castilla - La Mancha;45 Toledo;45203 Yuncler;Viviendas totales;2.428
Total Nacional;08 Castilla - La Mancha;45 Toledo;45205 Yuncos;Viviendas totales;5.415
Total Nacional;08 Castilla - La Mancha;45 Toledo;45901 Santo Domingo-Caudilla;Viviendas totales;960
Total Nacional;08 Castilla - La Mancha;45 Toledo;45999 Resto de Toledo;Viviendas totales;49.616
Total Nacional;09 Cataluña;08 Barcelona;;Viviendas totales;2.597.046
Total Nacional;09 Cataluña;08 Barcelona;08001 Abrera;Viviendas totales;5.266
Total Nacional;09 Cataluña;08 Barcelona;08003 Alella;Viviendas totales;3.958
Total Nacional;09 Cataluña;08 Barcelona;08005 Ametlla del Vallès, L';Viviendas totales;3.608
Total Nacional;09 Cataluña;08 Barcelona;08006 Arenys de Mar;Viviendas totales;8.413
Total Nacional;09 Cataluña;08 Barcelona;08007 Arenys de Munt;Viviendas totales;4.439
Total Nacional;09 Cataluña;08 Barcelona;08009 Argentona;Viviendas totales;5.223
Total Nacional;09 Cataluña;08 Barcelona;08010 Artés;Viviendas totales;2.655
Total Nacional;09 Cataluña;08 Barcelona;08011 Avià;Viviendas totales;1.107
Total Nacional;09 Cataluña;08 Barcelona;08012 Avinyó;Viviendas totales;1.113
Total Nacional;09 Cataluña;08 Barcelona;08013 Avinyonet del Penedès;Viviendas totales;898
Total Nacional;09 Cataluña;08 Barcelona;08014 Aiguafreda;Viviendas totales;1.298
Total Nacional;09 Cataluña;08 Barcelona;08015 Badalona;Viviendas totales;91.915
Total Nacional;09 Cataluña;08 Barcelona;08016 Bagà;Viviendas totales;1.696
Total Nacional;09 Cataluña;08 Barcelona;08017 Balenyà;Viviendas totales;1.730
Total Nacional;09 Cataluña;08 Barcelona;08018 Balsareny;Viviendas totales;1.710
Total Nacional;09 Cataluña;08 Barcelona;08019 Barcelona;Viviendas totales;808.751
Total Nacional;09 Cataluña;08 Barcelona;08020 Begues;Viviendas totales;2.935
Total Nacional;09 Cataluña;08 Barcelona;08022 Berga;Viviendas totales;9.010
Total Nacional;09 Cataluña;08 Barcelona;08023 Bigues i Riells;Viviendas totales;4.417
Total Nacional;09 Cataluña;08 Barcelona;08025 Bruc, El;Viviendas totales;1.206
Total Nacional;09 Cataluña;08 Barcelona;08027 Cabanyes, Les;Viviendas totales;375
Total Nacional;09 Cataluña;08 Barcelona;08028 Cabrera d'Anoia;Viviendas totales;1.160
Total Nacional;09 Cataluña;08 Barcelona;08029 Cabrera de Mar;Viviendas totales;2.276
Total Nacional;09 Cataluña;08 Barcelona;08030 Cabrils;Viviendas totales;3.470
Total Nacional;09 Cataluña;08 Barcelona;08031 Calaf;Viviendas totales;1.907
Total Nacional;09 Cataluña;08 Barcelona;08032 Caldes d'Estrac;Viviendas totales;1.879
Total Nacional;09 Cataluña;08 Barcelona;08033 Caldes de Montbui;Viviendas totales;7.708
Total Nacional;09 Cataluña;08 Barcelona;08034 Calders;Viviendas totales;583
Total Nacional;09 Cataluña;08 Barcelona;08035 Calella;Viviendas totales;10.657
Total Nacional;09 Cataluña;08 Barcelona;08037 Calldetenes;Viviendas totales;1.025
Total Nacional;09 Cataluña;08 Barcelona;08038 Callús;Viviendas totales;1.011
Total Nacional;09 Cataluña;08 Barcelona;08040 Canet de Mar;Viviendas totales;7.568
Total Nacional;09 Cataluña;08 Barcelona;08041 Canovelles;Viviendas totales;6.183
Total Nacional;09 Cataluña;08 Barcelona;08042 Cànoves i Samalús;Viviendas totales;1.462
Total Nacional;09 Cataluña;08 Barcelona;08043 Canyelles;Viviendas totales;2.819
Total Nacional;09 Cataluña;08 Barcelona;08044 Capellades;Viviendas totales;2.773
Total Nacional;09 Cataluña;08 Barcelona;08046 Cardedeu;Viviendas totales;7.654
Total Nacional;09 Cataluña;08 Barcelona;08047 Cardona;Viviendas totales;2.908
Total Nacional;09 Cataluña;08 Barcelona;08049 Casserres;Viviendas totales;996
Total Nacional;09 Cataluña;08 Barcelona;08051 Castellar del Vallès;Viviendas totales;10.052
Total Nacional;09 Cataluña;08 Barcelona;08053 Castellbell i el Vilar;Viviendas totales;2.121
Total Nacional;09 Cataluña;08 Barcelona;08054 Castellbisbal;Viviendas totales;5.121
Total Nacional;09 Cataluña;08 Barcelona;08056 Castelldefels;Viviendas totales;28.708
Total Nacional;09 Cataluña;08 Barcelona;08058 Castellet i la Gornal;Viviendas totales;1.693
Total Nacional;09 Cataluña;08 Barcelona;08061 Castellgalí;Viviendas totales;1.139
Total Nacional;09 Cataluña;08 Barcelona;08062 Castellnou de Bages;Viviendas totales;682
Total Nacional;09 Cataluña;08 Barcelona;08064 Castellterçol;Viviendas totales;1.607
Total Nacional;09 Cataluña;08 Barcelona;08065 Castellví de la Marca;Viviendas totales;826
Total Nacional;09 Cataluña;08 Barcelona;08066 Castellví de Rosanes;Viviendas totales;877
Total Nacional;09 Cataluña;08 Barcelona;08067 Centelles;Viviendas totales;3.701
Total Nacional;09 Cataluña;08 Barcelona;08068 Cervelló;Viviendas totales;4.048
Total Nacional;09 Cataluña;08 Barcelona;08069 Collbató;Viviendas totales;1.971
Total Nacional;09 Cataluña;08 Barcelona;08072 Corbera de Llobregat;Viviendas totales;6.784
Total Nacional;09 Cataluña;08 Barcelona;08073 Cornellà de Llobregat;Viviendas totales;37.034
Total Nacional;09 Cataluña;08 Barcelona;08074 Cubelles;Viviendas totales;10.859
Total Nacional;09 Cataluña;08 Barcelona;08075 Dosrius;Viviendas totales;2.722
Total Nacional;09 Cataluña;08 Barcelona;08076 Esparreguera;Viviendas totales;9.824
Total Nacional;09 Cataluña;08 Barcelona;08077 Esplugues de Llobregat;Viviendas totales;19.420
Total Nacional;09 Cataluña;08 Barcelona;08082 Fogars de la Selva;Viviendas totales;944
Total Nacional;09 Cataluña;08 Barcelona;08083 Folgueroles;Viviendas totales;941
Total Nacional;09 Cataluña;08 Barcelona;08084 Fonollosa;Viviendas totales;802
Total Nacional;09 Cataluña;08 Barcelona;08085 Font-rubí;Viviendas totales;788
Total Nacional;09 Cataluña;08 Barcelona;08086 Franqueses del Vallès, Les;Viviendas totales;7.985
Total Nacional;09 Cataluña;08 Barcelona;08088 Garriga, La;Viviendas totales;7.138
Total Nacional;09 Cataluña;08 Barcelona;08089 Gavà;Viviendas totales;20.359
Total Nacional;09 Cataluña;08 Barcelona;08091 Gelida;Viviendas totales;3.863
Total Nacional;09 Cataluña;08 Barcelona;08092 Gironella;Viviendas totales;2.628
Total Nacional;09 Cataluña;08 Barcelona;08094 Granada, La;Viviendas totales;1.013
Total Nacional;09 Cataluña;08 Barcelona;08096 Granollers;Viviendas totales;26.298
Total Nacional;09 Cataluña;08 Barcelona;08097 Gualba;Viviendas totales;811
Total Nacional;09 Cataluña;08 Barcelona;08098 Sant Salvador de Guardiola;Viviendas totales;1.607
Total Nacional;09 Cataluña;08 Barcelona;08100 Gurb;Viviendas totales;907
Total Nacional;09 Cataluña;08 Barcelona;08101 Hospitalet de Llobregat, L';Viviendas totales;110.488
Total Nacional;09 Cataluña;08 Barcelona;08102 Igualada;Viviendas totales;18.257
Total Nacional;09 Cataluña;08 Barcelona;08105 Llagosta, La;Viviendas totales;5.309
Total Nacional;09 Cataluña;08 Barcelona;08106 Llinars del Vallès;Viviendas totales;4.321
Total Nacional;09 Cataluña;08 Barcelona;08107 Lliçà d'Amunt;Viviendas totales;6.644
Total Nacional;09 Cataluña;08 Barcelona;08108 Lliçà de Vall;Viviendas totales;2.680
Total Nacional;09 Cataluña;08 Barcelona;08110 Malgrat de Mar;Viviendas totales;10.160
Total Nacional;09 Cataluña;08 Barcelona;08112 Manlleu;Viviendas totales;8.887
Total Nacional;09 Cataluña;08 Barcelona;08113 Manresa;Viviendas totales;40.136
Total Nacional;09 Cataluña;08 Barcelona;08114 Martorell;Viviendas totales;10.685
Total Nacional;09 Cataluña;08 Barcelona;08115 Martorelles;Viviendas totales;2.057
Total Nacional;09 Cataluña;08 Barcelona;08117 Masies de Voltregà, Les;Viviendas totales;1.398
Total Nacional;09 Cataluña;08 Barcelona;08118 Masnou, El;Viviendas totales;10.410
Total Nacional;09 Cataluña;08 Barcelona;08119 Masquefa;Viviendas totales;4.452
Total Nacional;09 Cataluña;08 Barcelona;08120 Matadepera;Viviendas totales;3.433
Total Nacional;09 Cataluña;08 Barcelona;08121 Mataró;Viviendas totales;52.996
Total Nacional;09 Cataluña;08 Barcelona;08122 Mediona;Viviendas totales;1.917
Total Nacional;09 Cataluña;08 Barcelona;08123 Molins de Rei;Viviendas totales;11.400
Total Nacional;09 Cataluña;08 Barcelona;08124 Mollet del Vallès;Viviendas totales;20.857
Total Nacional;09 Cataluña;08 Barcelona;08125 Montcada i Reixac;Viviendas totales;15.304
Total Nacional;09 Cataluña;08 Barcelona;08126 Montgat;Viviendas totales;5.276
Total Nacional;09 Cataluña;08 Barcelona;08127 Monistrol de Montserrat;Viviendas totales;1.605
Total Nacional;09 Cataluña;08 Barcelona;08131 Montesquiu;Viviendas totales;659
Total Nacional;09 Cataluña;08 Barcelona;08134 Figaró-Montmany;Viviendas totales;596
Total Nacional;09 Cataluña;08 Barcelona;08135 Montmeló;Viviendas totales;3.549
Total Nacional;09 Cataluña;08 Barcelona;08136 Montornès del Vallès;Viviendas totales;6.687
Total Nacional;09 Cataluña;08 Barcelona;08138 Moià;Viviendas totales;3.307
Total Nacional;09 Cataluña;08 Barcelona;08140 Navarcles;Viviendas totales;2.791
Total Nacional;09 Cataluña;08 Barcelona;08141 Navàs;Viviendas totales;3.092
Total Nacional;09 Cataluña;08 Barcelona;08143 Òdena;Viviendas totales;1.730
Total Nacional;09 Cataluña;08 Barcelona;08145 Olèrdola;Viviendas totales;1.791
Total Nacional;09 Cataluña;08 Barcelona;08146 Olesa de Bonesvalls;Viviendas totales;1.137
Total Nacional;09 Cataluña;08 Barcelona;08147 Olesa de Montserrat;Viviendas totales;10.178
Total Nacional;09 Cataluña;08 Barcelona;08148 Olivella;Viviendas totales;2.262
Total Nacional;09 Cataluña;08 Barcelona;08149 Olost;Viviendas totales;631
Total Nacional;09 Cataluña;08 Barcelona;08155 Palafolls;Viviendas totales;4.433
Total Nacional;09 Cataluña;08 Barcelona;08156 Palau-solità i Plegamans;Viviendas totales;5.727
Total Nacional;09 Cataluña;08 Barcelona;08157 Pallejà;Viviendas totales;4.650
Total Nacional;09 Cataluña;08 Barcelona;08158 Papiol, El;Viviendas totales;1.771
Total Nacional;09 Cataluña;08 Barcelona;08159 Parets del Vallès;Viviendas totales;7.560
Total Nacional;09 Cataluña;08 Barcelona;08161 Piera;Viviendas totales;8.667
Total Nacional;09 Cataluña;08 Barcelona;08162 Hostalets de Pierola, Els;Viviendas totales;1.669
Total Nacional;09 Cataluña;08 Barcelona;08163 Pineda de Mar;Viviendas totales;16.297
Total Nacional;09 Cataluña;08 Barcelona;08164 Pla del Penedès, El;Viviendas totales;730
Total Nacional;09 Cataluña;08 Barcelona;08165 Pobla de Claramunt, La;Viviendas totales;1.059
Total Nacional;09 Cataluña;08 Barcelona;08166 Pobla de Lillet, La;Viviendas totales;989
Total Nacional;09 Cataluña;08 Barcelona;08167 Polinyà;Viviendas totales;3.191
Total Nacional;09 Cataluña;08 Barcelona;08169 Prat de Llobregat, El;Viviendas totales;26.518
Total Nacional;09 Cataluña;08 Barcelona;08171 Prats de Lluçanès;Viviendas totales;1.389
Total Nacional;09 Cataluña;08 Barcelona;08172 Premià de Mar;Viviendas totales;12.313
Total Nacional;09 Cataluña;08 Barcelona;08175 Puig-reig;Viviendas totales;2.376
Total Nacional;09 Cataluña;08 Barcelona;08180 Ripollet;Viviendas totales;15.427
Total Nacional;09 Cataluña;08 Barcelona;08181 Roca del Vallès, La;Viviendas totales;4.515
Total Nacional;09 Cataluña;08 Barcelona;08182 Pont de Vilomara i Rocafort, El;Viviendas totales;1.951
Total Nacional;09 Cataluña;08 Barcelona;08183 Roda de Ter;Viviendas totales;2.819
Total Nacional;09 Cataluña;08 Barcelona;08184 Rubí;Viviendas totales;32.476
Total Nacional;09 Cataluña;08 Barcelona;08187 Sabadell;Viviendas totales;92.772
Total Nacional;09 Cataluña;08 Barcelona;08191 Sallent;Viviendas totales;3.473
Total Nacional;09 Cataluña;08 Barcelona;08192 Santpedor;Viviendas totales;3.282
Total Nacional;09 Cataluña;08 Barcelona;08193 Sant Iscle de Vallalta;Viviendas totales;763
Total Nacional;09 Cataluña;08 Barcelona;08194 Sant Adrià de Besòs;Viviendas totales;14.877
Total Nacional;09 Cataluña;08 Barcelona;08196 Sant Andreu de la Barca;Viviendas totales;10.536
Total Nacional;09 Cataluña;08 Barcelona;08197 Sant Andreu de Llavaneres;Viviendas totales;5.561
Total Nacional;09 Cataluña;08 Barcelona;08198 Sant Antoni de Vilamajor;Viviendas totales;2.996
Total Nacional;09 Cataluña;08 Barcelona;08200 Sant Boi de Llobregat;Viviendas totales;33.904
Total Nacional;09 Cataluña;08 Barcelona;08202 Sant Celoni;Viviendas totales;7.946
Total Nacional;09 Cataluña;08 Barcelona;08203 Sant Cebrià de Vallalta;Viviendas totales;2.166
Total Nacional;09 Cataluña;08 Barcelona;08204 Sant Climent de Llobregat;Viviendas totales;1.626
Total Nacional;09 Cataluña;08 Barcelona;08205 Sant Cugat del Vallès;Viviendas totales;35.770
Total Nacional;09 Cataluña;08 Barcelona;08206 Sant Cugat Sesgarrigues;Viviendas totales;421
Total Nacional;09 Cataluña;08 Barcelona;08207 Sant Esteve de Palautordera;Viviendas totales;1.276
Total Nacional;09 Cataluña;08 Barcelona;08208 Sant Esteve Sesrovires;Viviendas totales;3.435
Total Nacional;09 Cataluña;08 Barcelona;08209 Sant Fost de Campsentelles;Viviendas totales;3.427
Total Nacional;09 Cataluña;08 Barcelona;08210 Sant Feliu de Codines;Viviendas totales;3.272
Total Nacional;09 Cataluña;08 Barcelona;08211 Sant Feliu de Llobregat;Viviendas totales;18.719
Total Nacional;09 Cataluña;08 Barcelona;08213 Sant Fruitós de Bages;Viviendas totales;3.876
Total Nacional;09 Cataluña;08 Barcelona;08214 Vilassar de Dalt;Viviendas totales;4.058
Total Nacional;09 Cataluña;08 Barcelona;08215 Sant Hipòlit de Voltregà;Viviendas totales;1.739
Total Nacional;09 Cataluña;08 Barcelona;08217 Sant Joan Despí;Viviendas totales;13.577
Total Nacional;09 Cataluña;08 Barcelona;08218 Sant Joan de Vilatorrada;Viviendas totales;4.505
Total Nacional;09 Cataluña;08 Barcelona;08219 Vilassar de Mar;Viviendas totales;10.186
Total Nacional;09 Cataluña;08 Barcelona;08220 Sant Julià de Vilatorta;Viviendas totales;1.392
Total Nacional;09 Cataluña;08 Barcelona;08221 Sant Just Desvern;Viviendas totales;7.958
Total Nacional;09 Cataluña;08 Barcelona;08222 Sant Llorenç d'Hortons;Viviendas totales;1.228
Total Nacional;09 Cataluña;08 Barcelona;08223 Sant Llorenç Savall;Viviendas totales;1.366
Total Nacional;09 Cataluña;08 Barcelona;08224 Sant Martí de Centelles;Viviendas totales;618
Total Nacional;09 Cataluña;08 Barcelona;08226 Sant Martí de Tous;Viviendas totales;595
Total Nacional;09 Cataluña;08 Barcelona;08227 Sant Martí Sarroca;Viviendas totales;1.673
Total Nacional;09 Cataluña;08 Barcelona;08230 Premià de Dalt;Viviendas totales;4.240
Total Nacional;09 Cataluña;08 Barcelona;08231 Sant Pere de Ribes;Viviendas totales;14.150
Total Nacional;09 Cataluña;08 Barcelona;08232 Sant Pere de Riudebitlles;Viviendas totales;1.185
Total Nacional;09 Cataluña;08 Barcelona;08233 Sant Pere de Torelló;Viviendas totales;1.172
Total Nacional;09 Cataluña;08 Barcelona;08234 Sant Pere de Vilamajor;Viviendas totales;2.402
Total Nacional;09 Cataluña;08 Barcelona;08235 Sant Pol de Mar;Viviendas totales;3.884
Total Nacional;09 Cataluña;08 Barcelona;08236 Sant Quintí de Mediona;Viviendas totales;1.233
Total Nacional;09 Cataluña;08 Barcelona;08237 Sant Quirze de Besora;Viviendas totales;1.103
Total Nacional;09 Cataluña;08 Barcelona;08238 Sant Quirze del Vallès;Viviendas totales;7.609
Total Nacional;09 Cataluña;08 Barcelona;08240 Sant Sadurní d'Anoia;Viviendas totales;5.636
Total Nacional;09 Cataluña;08 Barcelona;08244 Santa Coloma de Cervelló;Viviendas totales;3.071
Total Nacional;09 Cataluña;08 Barcelona;08245 Santa Coloma de Gramenet;Viviendas totales;48.100
Total Nacional;09 Cataluña;08 Barcelona;08246 Santa Eugènia de Berga;Viviendas totales;964
Total Nacional;09 Cataluña;08 Barcelona;08247 Santa Eulàlia de Riuprimer;Viviendas totales;565
Total Nacional;09 Cataluña;08 Barcelona;08248 Santa Eulàlia de Ronçana;Viviendas totales;3.218
Total Nacional;09 Cataluña;08 Barcelona;08250 Santa Margarida de Montbui;Viviendas totales;4.473
Total Nacional;09 Cataluña;08 Barcelona;08251 Santa Margarida i els Monjos;Viviendas totales;3.231
Total Nacional;09 Cataluña;08 Barcelona;08252 Barberà del Vallès;Viviendas totales;13.768
Total Nacional;09 Cataluña;08 Barcelona;08254 Esquirol, L';Viviendas totales;1.220
Total Nacional;09 Cataluña;08 Barcelona;08258 Santa Maria d'Oló;Viviendas totales;693
Total Nacional;09 Cataluña;08 Barcelona;08259 Santa Maria de Palautordera;Viviendas totales;4.216
Total Nacional;09 Cataluña;08 Barcelona;08260 Santa Perpètua de Mogoda;Viviendas totales;10.045
Total Nacional;09 Cataluña;08 Barcelona;08261 Santa Susanna;Viviendas totales;2.225
Total Nacional;09 Cataluña;08 Barcelona;08262 Sant Vicenç de Castellet;Viviendas totales;4.424
Total Nacional;09 Cataluña;08 Barcelona;08263 Sant Vicenç dels Horts;Viviendas totales;11.530
Total Nacional;09 Cataluña;08 Barcelona;08264 Sant Vicenç de Montalt;Viviendas totales;3.612
Total Nacional;09 Cataluña;08 Barcelona;08265 Sant Vicenç de Torelló;Viviendas totales;939
Total Nacional;09 Cataluña;08 Barcelona;08266 Cerdanyola del Vallès;Viviendas totales;23.858
Total Nacional;09 Cataluña;08 Barcelona;08267 Sentmenat;Viviendas totales;3.990
Total Nacional;09 Cataluña;08 Barcelona;08268 Cercs;Viviendas totales;1.095
Total Nacional;09 Cataluña;08 Barcelona;08269 Seva;Viviendas totales;1.912
Total Nacional;09 Cataluña;08 Barcelona;08270 Sitges;Viviendas totales;19.230
Total Nacional;09 Cataluña;08 Barcelona;08273 Subirats;Viviendas totales;1.680
Total Nacional;09 Cataluña;08 Barcelona;08274 Súria;Viviendas totales;2.905
Total Nacional;09 Cataluña;08 Barcelona;08278 Taradell;Viviendas totales;2.948
Total Nacional;09 Cataluña;08 Barcelona;08279 Terrassa;Viviendas totales;101.134
Total Nacional;09 Cataluña;08 Barcelona;08281 Teià;Viviendas totales;2.693
Total Nacional;09 Cataluña;08 Barcelona;08282 Tiana;Viviendas totales;3.436
Total Nacional;09 Cataluña;08 Barcelona;08283 Tona;Viviendas totales;3.605
Total Nacional;09 Cataluña;08 Barcelona;08284 Tordera;Viviendas totales;9.628
Total Nacional;09 Cataluña;08 Barcelona;08285 Torelló;Viviendas totales;6.587
Total Nacional;09 Cataluña;08 Barcelona;08286 Torre de Claramunt, La;Viviendas totales;2.277
Total Nacional;09 Cataluña;08 Barcelona;08287 Torrelavit;Viviendas totales;739
Total Nacional;09 Cataluña;08 Barcelona;08288 Torrelles de Foix;Viviendas totales;1.838
Total Nacional;09 Cataluña;08 Barcelona;08289 Torrelles de Llobregat;Viviendas totales;2.593
Total Nacional;09 Cataluña;08 Barcelona;08290 Ullastrell;Viviendas totales;820
Total Nacional;09 Cataluña;08 Barcelona;08291 Vacarisses;Viviendas totales;3.707
Total Nacional;09 Cataluña;08 Barcelona;08292 Vallbona d'Anoia;Viviendas totales;670
Total Nacional;09 Cataluña;08 Barcelona;08294 Vallgorguina;Viviendas totales;1.640
Total Nacional;09 Cataluña;08 Barcelona;08295 Vallirana;Viviendas totales;6.949
Total Nacional;09 Cataluña;08 Barcelona;08296 Vallromanes;Viviendas totales;1.157
Total Nacional;09 Cataluña;08 Barcelona;08298 Vic;Viviendas totales;19.836
Total Nacional;09 Cataluña;08 Barcelona;08300 Viladecavalls;Viviendas totales;2.966
Total Nacional;09 Cataluña;08 Barcelona;08301 Viladecans;Viviendas totales;26.586
Total Nacional;09 Cataluña;08 Barcelona;08302 Vilanova del Camí;Viviendas totales;5.339
Total Nacional;09 Cataluña;08 Barcelona;08304 Vilobí del Penedès;Viviendas totales;492
Total Nacional;09 Cataluña;08 Barcelona;08305 Vilafranca del Penedès;Viviendas totales;18.264
Total Nacional;09 Cataluña;08 Barcelona;08307 Vilanova i la Geltrú;Viviendas totales;33.155
Total Nacional;09 Cataluña;08 Barcelona;08902 Vilanova del Vallès;Viviendas totales;2.277
Total Nacional;09 Cataluña;08 Barcelona;08904 Badia del Vallès;Viviendas totales;5.447
Total Nacional;09 Cataluña;08 Barcelona;08905 Palma de Cervelló, La;Viviendas totales;1.288
Total Nacional;09 Cataluña;08 Barcelona;08999 Resto de Barcelona;Viviendas totales;21.760
Total Nacional;09 Cataluña;17 Girona;;Viviendas totales;507.421
Total Nacional;09 Cataluña;17 Girona;17006 Alp;Viviendas totales;3.418
Total Nacional;09 Cataluña;17 Girona;17007 Amer;Viviendas totales;1.385
Total Nacional;09 Cataluña;17 Girona;17008 Anglès;Viviendas totales;2.737
Total Nacional;09 Cataluña;17 Girona;17009 Arbúcies;Viviendas totales;3.332
Total Nacional;09 Cataluña;17 Girona;17012 Avinyonet de Puigventós;Viviendas totales;625
Total Nacional;09 Cataluña;17 Girona;17013 Begur;Viviendas totales;5.620
Total Nacional;09 Cataluña;17 Girona;17015 Banyoles;Viviendas totales;9.064
Total Nacional;09 Cataluña;17 Girona;17016 Bàscara;Viviendas totales;549
Total Nacional;09 Cataluña;17 Girona;17019 Besalú;Viviendas totales;1.221
Total Nacional;09 Cataluña;17 Girona;17020 Bescanó;Viviendas totales;2.150
Total Nacional;09 Cataluña;17 Girona;17022 Bisbal d'Empordà, La;Viviendas totales;5.102
Total Nacional;09 Cataluña;17 Girona;17023 Blanes;Viviendas totales;25.589
Total Nacional;09 Cataluña;17 Girona;17025 Bordils;Viviendas totales;742
Total Nacional;09 Cataluña;17 Girona;17027 Breda;Viviendas totales;1.827
Total Nacional;09 Cataluña;17 Girona;17032 Cadaqués;Viviendas totales;3.598
Total Nacional;09 Cataluña;17 Girona;17033 Caldes de Malavella;Viviendas totales;4.175
Total Nacional;09 Cataluña;17 Girona;17034 Calonge i Sant Antoni;Viviendas totales;14.112
Total Nacional;09 Cataluña;17 Girona;17036 Campdevànol;Viviendas totales;1.632
Total Nacional;09 Cataluña;17 Girona;17039 Camprodon;Viviendas totales;2.713
Total Nacional;09 Cataluña;17 Girona;17044 Cassà de la Selva;Viviendas totales;4.709
Total Nacional;09 Cataluña;17 Girona;17047 Castelló d'Empúries;Viviendas totales;16.363
Total Nacional;09 Cataluña;17 Girona;17048 Castell-Platja d'Aro;Viviendas totales;15.712
Total Nacional;09 Cataluña;17 Girona;17049 Celrà;Viviendas totales;2.161
Total Nacional;09 Cataluña;17 Girona;17056 Cornellà del Terri;Viviendas totales;1.047
Total Nacional;09 Cataluña;17 Girona;17057 Corçà;Viviendas totales;709
Total Nacional;09 Cataluña;17 Girona;17062 Escala, L';Viviendas totales;15.146
Total Nacional;09 Cataluña;17 Girona;17066 Figueres;Viviendas totales;21.062
Total Nacional;09 Cataluña;17 Girona;17067 Flaçà;Viviendas totales;532
Total Nacional;09 Cataluña;17 Girona;17071 Fontcoberta;Viviendas totales;565
Total Nacional;09 Cataluña;17 Girona;17073 Fornells de la Selva;Viviendas totales;982
Total Nacional;09 Cataluña;17 Girona;17079 Girona;Viviendas totales;50.333
Total Nacional;09 Cataluña;17 Girona;17083 Hostalric;Viviendas totales;1.987
Total Nacional;09 Cataluña;17 Girona;17086 Jonquera, La;Viviendas totales;1.469
Total Nacional;09 Cataluña;17 Girona;17089 Llagostera;Viviendas totales;4.481
Total Nacional;09 Cataluña;17 Girona;17092 Llançà;Viviendas totales;8.246
Total Nacional;09 Cataluña;17 Girona;17093 Llers;Viviendas totales;550
Total Nacional;09 Cataluña;17 Girona;17094 Llívia;Viviendas totales;2.380
Total Nacional;09 Cataluña;17 Girona;17095 Lloret de Mar;Viviendas totales;25.496
Total Nacional;09 Cataluña;17 Girona;17103 Maçanet de la Selva;Viviendas totales;4.571
Total Nacional;09 Cataluña;17 Girona;17110 Mont-ras;Viviendas totales;807
Total Nacional;09 Cataluña;17 Girona;17111 Navata;Viviendas totales;858
Total Nacional;09 Cataluña;17 Girona;17114 Olot;Viviendas totales;16.713
Total Nacional;09 Cataluña;17 Girona;17117 Palafrugell;Viviendas totales;17.675
Total Nacional;09 Cataluña;17 Girona;17118 Palamós;Viviendas totales;13.007
Total Nacional;09 Cataluña;17 Girona;17120 Palau-saverdera;Viviendas totales;936
Total Nacional;09 Cataluña;17 Girona;17124 Pals;Viviendas totales;3.989
Total Nacional;09 Cataluña;17 Girona;17132 Peralada;Viviendas totales;1.125
Total Nacional;09 Cataluña;17 Girona;17133 Planes d'Hostoles, Les;Viviendas totales;963
Total Nacional;09 Cataluña;17 Girona;17137 Porqueres;Viviendas totales;1.835
Total Nacional;09 Cataluña;17 Girona;17138 Portbou;Viviendas totales;1.091
Total Nacional;09 Cataluña;17 Girona;17139 Preses, Les;Viviendas totales;767
Total Nacional;09 Cataluña;17 Girona;17140 Port de la Selva, El;Viviendas totales;2.497
Total Nacional;09 Cataluña;17 Girona;17141 Puigcerdà;Viviendas totales;5.989
Total Nacional;09 Cataluña;17 Girona;17142 Quart;Viviendas totales;1.499
Total Nacional;09 Cataluña;17 Girona;17145 Ribes de Freser;Viviendas totales;1.647
Total Nacional;09 Cataluña;17 Girona;17146 Riells i Viabrea;Viviendas totales;2.383
Total Nacional;09 Cataluña;17 Girona;17147 Ripoll;Viviendas totales;5.665
Total Nacional;09 Cataluña;17 Girona;17148 Riudarenes;Viviendas totales;1.443
Total Nacional;09 Cataluña;17 Girona;17150 Riudellots de la Selva;Viviendas totales;843
Total Nacional;09 Cataluña;17 Girona;17152 Roses;Viviendas totales;24.743
Total Nacional;09 Cataluña;17 Girona;17155 Salt;Viviendas totales;11.642
Total Nacional;09 Cataluña;17 Girona;17160 Sant Feliu de Guíxols;Viviendas totales;15.908
Total Nacional;09 Cataluña;17 Girona;17161 Sant Feliu de Pallerols;Viviendas totales;803
Total Nacional;09 Cataluña;17 Girona;17163 Sant Gregori;Viviendas totales;1.506
Total Nacional;09 Cataluña;17 Girona;17164 Sant Hilari Sacalm;Viviendas totales;3.048
Total Nacional;09 Cataluña;17 Girona;17167 Sant Joan de les Abadesses;Viviendas totales;2.021
Total Nacional;09 Cataluña;17 Girona;17169 Sant Julià de Ramis;Viviendas totales;1.387
Total Nacional;09 Cataluña;17 Girona;17178 Sant Pere Pescador;Viviendas totales;1.640
Total Nacional;09 Cataluña;17 Girona;17180 Santa Coloma de Farners;Viviendas totales;5.995
Total Nacional;09 Cataluña;17 Girona;17181 Santa Cristina d'Aro;Viviendas totales;3.914
Total Nacional;09 Cataluña;17 Girona;17184 Santa Pau;Viviendas totales;826
Total Nacional;09 Cataluña;17 Girona;17185 Sant Joan les Fonts;Viviendas totales;1.426
Total Nacional;09 Cataluña;17 Girona;17186 Sarrià de Ter;Viviendas totales;2.178
Total Nacional;09 Cataluña;17 Girona;17189 Cellera de Ter, La;Viviendas totales;940
Total Nacional;09 Cataluña;17 Girona;17190 Serinyà;Viviendas totales;520
Total Nacional;09 Cataluña;17 Girona;17193 Sils;Viviendas totales;3.099
Total Nacional;09 Cataluña;17 Girona;17199 Torroella de Montgrí;Viviendas totales;11.730
Total Nacional;09 Cataluña;17 Girona;17202 Tossa de Mar;Viviendas totales;7.105
Total Nacional;09 Cataluña;17 Girona;17204 Ullà;Viviendas totales;525
Total Nacional;09 Cataluña;17 Girona;17207 Vall d'en Bas, La;Viviendas totales;1.585
Total Nacional;09 Cataluña;17 Girona;17208 Vall de Bianya, La;Viviendas totales;644
Total Nacional;09 Cataluña;17 Girona;17211 Verges;Viviendas totales;639
Total Nacional;09 Cataluña;17 Girona;17213 Vidreres;Viviendas totales;4.348
Total Nacional;09 Cataluña;17 Girona;17215 Vilablareix;Viviendas totales;1.180
Total Nacional;09 Cataluña;17 Girona;17220 Viladrau;Viviendas totales;987
Total Nacional;09 Cataluña;17 Girona;17221 Vilafant;Viviendas totales;2.014
Total Nacional;09 Cataluña;17 Girona;17223 Vilajuïga;Viviendas totales;573
Total Nacional;09 Cataluña;17 Girona;17226 Vilamalla;Viviendas totales;453
Total Nacional;09 Cataluña;17 Girona;17233 Vilobí d'Onyar;Viviendas totales;1.346
Total Nacional;09 Cataluña;17 Girona;17901 Cruïlles, Monells i Sant Sadurní de l'Heura;Viviendas totales;782
Total Nacional;09 Cataluña;17 Girona;17902 Forallac;Viviendas totales;1.052
Total Nacional;09 Cataluña;17 Girona;17903 Sant Julià del Llor i Bonmatí;Viviendas totales;615
Total Nacional;09 Cataluña;17 Girona;17999 Resto de Girona;Viviendas totales;40.423
Total Nacional;09 Cataluña;25 Lleida;;Viviendas totales;256.081
Total Nacional;09 Cataluña;25 Lleida;25003 Agramunt;Viviendas totales;2.745
Total Nacional;09 Cataluña;25 Lleida;25007 Albatàrrec;Viviendas totales;909
Total Nacional;09 Cataluña;25 Lleida;25008 Albesa;Viviendas totales;777
Total Nacional;09 Cataluña;25 Lleida;25011 Alcarràs;Viviendas totales;4.790
Total Nacional;09 Cataluña;25 Lleida;25012 Alcoletge;Viviendas totales;1.671
Total Nacional;09 Cataluña;25 Lleida;25013 Alfarràs;Viviendas totales;1.602
Total Nacional;09 Cataluña;25 Lleida;25016 Alguaire;Viviendas totales;1.612
Total Nacional;09 Cataluña;25 Lleida;25019 Almacelles;Viviendas totales;3.499
Total Nacional;09 Cataluña;25 Lleida;25021 Almenar;Viviendas totales;1.887
Total Nacional;09 Cataluña;25 Lleida;25023 Alpicat;Viviendas totales;2.665
Total Nacional;09 Cataluña;25 Lleida;25025 Naut Aran;Viviendas totales;4.760
Total Nacional;09 Cataluña;25 Lleida;25027 Anglesola;Viviendas totales;703
Total Nacional;09 Cataluña;25 Lleida;25029 Arbeca;Viviendas totales;1.564
Total Nacional;09 Cataluña;25 Lleida;25033 Artesa de Lleida;Viviendas totales;672
Total Nacional;09 Cataluña;25 Lleida;25034 Artesa de Segre;Viviendas totales;2.284
Total Nacional;09 Cataluña;25 Lleida;25038 Aitona;Viviendas totales;1.218
Total Nacional;09 Cataluña;25 Lleida;25040 Balaguer;Viviendas totales;8.855
Total Nacional;09 Cataluña;25 Lleida;25043 Vall de Boí, La;Viviendas totales;1.910
Total Nacional;09 Cataluña;25 Lleida;25047 Bellcaire d'Urgell;Viviendas totales;707
Total Nacional;09 Cataluña;25 Lleida;25048 Bell-lloc d'Urgell;Viviendas totales;1.086
Total Nacional;09 Cataluña;25 Lleida;25050 Bellpuig;Viviendas totales;2.641
Total Nacional;09 Cataluña;25 Lleida;25051 Bellver de Cerdanya;Viviendas totales;2.504
Total Nacional;09 Cataluña;25 Lleida;25052 Bellvís;Viviendas totales;1.244
Total Nacional;09 Cataluña;25 Lleida;25053 Benavent de Segrià;Viviendas totales;633
Total Nacional;09 Cataluña;25 Lleida;25058 Borges Blanques, Les;Viviendas totales;3.287
Total Nacional;09 Cataluña;25 Lleida;25059 Bossòst;Viviendas totales;766
Total Nacional;09 Cataluña;25 Lleida;25072 Cervera;Viviendas totales;4.669
Total Nacional;09 Cataluña;25 Lleida;25078 Corbins;Viviendas totales;655
Total Nacional;09 Cataluña;25 Lleida;25096 Fuliola, La;Viviendas totales;602
Total Nacional;09 Cataluña;25 Lleida;25099 Golmés;Viviendas totales;907
Total Nacional;09 Cataluña;25 Lleida;25110 Guissona;Viviendas totales;2.892
Total Nacional;09 Cataluña;25 Lleida;25113 Ivars d'Urgell;Viviendas totales;804
Total Nacional;09 Cataluña;25 Lleida;25115 Isona i Conca Dellà;Viviendas totales;1.172
Total Nacional;09 Cataluña;25 Lleida;25119 Juneda;Viviendas totales;1.846
Total Nacional;09 Cataluña;25 Lleida;25120 Lleida;Viviendas totales;68.299
Total Nacional;09 Cataluña;25 Lleida;25122 Linyola;Viviendas totales;1.452
Total Nacional;09 Cataluña;25 Lleida;25135 Miralcamp;Viviendas totales;650
Total Nacional;09 Cataluña;25 Lleida;25137 Mollerussa;Viviendas totales;6.984
Total Nacional;09 Cataluña;25 Lleida;25140 Montferrer i Castellbò;Viviendas totales;935
Total Nacional;09 Cataluña;25 Lleida;25149 Oliana;Viviendas totales;1.222
Total Nacional;09 Cataluña;25 Lleida;25158 Palau d'Anglesola, El;Viviendas totales;1.021
Total Nacional;09 Cataluña;25 Lleida;25171 Pobla de Segur, La;Viviendas totales;2.455
Total Nacional;09 Cataluña;25 Lleida;25172 Ponts;Viviendas totales;1.525
Total Nacional;09 Cataluña;25 Lleida;25173 Pont de Suert, El;Viviendas totales;1.913
Total Nacional;09 Cataluña;25 Lleida;25182 Puigverd de Lleida;Viviendas totales;753
Total Nacional;09 Cataluña;25 Lleida;25189 Rosselló;Viviendas totales;1.547
Total Nacional;09 Cataluña;25 Lleida;25192 Sant Guim de Freixenet;Viviendas totales;689
Total Nacional;09 Cataluña;25 Lleida;25203 Seu d'Urgell, La;Viviendas totales;7.482
Total Nacional;09 Cataluña;25 Lleida;25204 Seròs;Viviendas totales;951
Total Nacional;09 Cataluña;25 Lleida;25207 Solsona;Viviendas totales;5.146
Total Nacional;09 Cataluña;25 Lleida;25209 Sort;Viviendas totales;2.197
Total Nacional;09 Cataluña;25 Lleida;25210 Soses;Viviendas totales;779
Total Nacional;09 Cataluña;25 Lleida;25217 Tàrrega;Viviendas totales;8.832
Total Nacional;09 Cataluña;25 Lleida;25220 Térmens;Viviendas totales;702
Total Nacional;09 Cataluña;25 Lleida;25223 Torà;Viviendas totales;765
Total Nacional;09 Cataluña;25 Lleida;25228 Torrefarrera;Viviendas totales;2.134
Total Nacional;09 Cataluña;25 Lleida;25230 Torregrossa;Viviendas totales;1.107
Total Nacional;09 Cataluña;25 Lleida;25232 Torres de Segre;Viviendas totales;1.124
Total Nacional;09 Cataluña;25 Lleida;25234 Tremp;Viviendas totales;4.729
Total Nacional;09 Cataluña;25 Lleida;25240 Vallfogona de Balaguer;Viviendas totales;925
Total Nacional;09 Cataluña;25 Lleida;25243 Vielha e Mijaran;Viviendas totales;5.312
Total Nacional;09 Cataluña;25 Lleida;25248 Vilanova de Bellpuig;Viviendas totales;554
Total Nacional;09 Cataluña;25 Lleida;25254 Vilanova de la Barca;Viviendas totales;574
Total Nacional;09 Cataluña;25 Lleida;25912 Gimenells i el Pla de la Font;Viviendas totales;514
Total Nacional;09 Cataluña;25 Lleida;25999 Resto de Lleida;Viviendas totales;52.271
Total Nacional;09 Cataluña;43 Tarragona;;Viviendas totales;554.579
Total Nacional;09 Cataluña;43 Tarragona;43002 Albinyana;Viviendas totales;1.586
Total Nacional;09 Cataluña;43 Tarragona;43004 Alcanar;Viviendas totales;8.589
Total Nacional;09 Cataluña;43 Tarragona;43005 Alcover;Viviendas totales;2.733
Total Nacional;09 Cataluña;43 Tarragona;43009 Alforja;Viviendas totales;1.242
Total Nacional;09 Cataluña;43 Tarragona;43011 Almoster;Viviendas totales;633
Total Nacional;09 Cataluña;43 Tarragona;43012 Altafulla;Viviendas totales;4.851
Total Nacional;09 Cataluña;43 Tarragona;43013 Ametlla de Mar, L';Viviendas totales;8.286
Total Nacional;09 Cataluña;43 Tarragona;43014 Amposta;Viviendas totales;11.872
Total Nacional;09 Cataluña;43 Tarragona;43016 Arboç, L';Viviendas totales;2.431
Total Nacional;09 Cataluña;43 Tarragona;43019 Ascó;Viviendas totales;929
Total Nacional;09 Cataluña;43 Tarragona;43020 Banyeres del Penedès;Viviendas totales;1.623
Total Nacional;09 Cataluña;43 Tarragona;43022 Batea;Viviendas totales;1.106
Total Nacional;09 Cataluña;43 Tarragona;43024 Bellvei;Viviendas totales;1.343
Total Nacional;09 Cataluña;43 Tarragona;43026 Benissanet;Viviendas totales;653
Total Nacional;09 Cataluña;43 Tarragona;43028 Bisbal del Penedès, La;Viviendas totales;2.953
Total Nacional;09 Cataluña;43 Tarragona;43031 Borges del Camp, Les;Viviendas totales;1.118
Total Nacional;09 Cataluña;43 Tarragona;43033 Botarell;Viviendas totales;590
Total Nacional;09 Cataluña;43 Tarragona;43036 Cabra del Camp;Viviendas totales;966
Total Nacional;09 Cataluña;43 Tarragona;43037 Calafell;Viviendas totales;27.112
Total Nacional;09 Cataluña;43 Tarragona;43038 Cambrils;Viviendas totales;31.733
Total Nacional;09 Cataluña;43 Tarragona;43042 Castellvell del Camp;Viviendas totales;1.203
Total Nacional;09 Cataluña;43 Tarragona;43043 Catllar, El;Viviendas totales;2.725
Total Nacional;09 Cataluña;43 Tarragona;43044 Sénia, La;Viviendas totales;3.055
Total Nacional;09 Cataluña;43 Tarragona;43047 Constantí;Viviendas totales;3.232
Total Nacional;09 Cataluña;43 Tarragona;43050 Creixell;Viviendas totales;4.049
Total Nacional;09 Cataluña;43 Tarragona;43051 Cunit;Viviendas totales;13.027
Total Nacional;09 Cataluña;43 Tarragona;43052 Xerta;Viviendas totales;855
Total Nacional;09 Cataluña;43 Tarragona;43054 Espluga de Francolí, L';Viviendas totales;2.364
Total Nacional;09 Cataluña;43 Tarragona;43055 Falset;Viviendas totales;1.712
Total Nacional;09 Cataluña;43 Tarragona;43060 Flix;Viviendas totales;2.489
Total Nacional;09 Cataluña;43 Tarragona;43064 Gandesa;Viviendas totales;1.486
Total Nacional;09 Cataluña;43 Tarragona;43071 Horta de Sant Joan;Viviendas totales;984
Total Nacional;09 Cataluña;43 Tarragona;43074 Llorenç del Penedès;Viviendas totales;1.111
Total Nacional;09 Cataluña;43 Tarragona;43078 Masdenverge;Viviendas totales;752
Total Nacional;09 Cataluña;43 Tarragona;43086 Montblanc;Viviendas totales;3.957
Total Nacional;09 Cataluña;43 Tarragona;43088 Montbrió del Camp;Viviendas totales;1.706
Total Nacional;09 Cataluña;43 Tarragona;43090 Montmell, El;Viviendas totales;1.739
Total Nacional;09 Cataluña;43 Tarragona;43092 Mont-roig del Camp;Viviendas totales;16.661
Total Nacional;09 Cataluña;43 Tarragona;43093 Móra d'Ebre;Viviendas totales;3.147
Total Nacional;09 Cataluña;43 Tarragona;43094 Móra la Nova;Viviendas totales;1.553
Total Nacional;09 Cataluña;43 Tarragona;43095 Morell, El;Viviendas totales;1.728
Total Nacional;09 Cataluña;43 Tarragona;43100 Pallaresos, Els;Viviendas totales;1.932
Total Nacional;09 Cataluña;43 Tarragona;43103 Perafort;Viviendas totales;572
Total Nacional;09 Cataluña;43 Tarragona;43104 Perelló, El;Viviendas totales;3.002
Total Nacional;09 Cataluña;43 Tarragona;43108 Pla de Santa Maria, El;Viviendas totales;1.370
Total Nacional;09 Cataluña;43 Tarragona;43109 Pobla de Mafumet, La;Viviendas totales;1.615
Total Nacional;09 Cataluña;43 Tarragona;43111 Pobla de Montornès, La;Viviendas totales;2.155
Total Nacional;09 Cataluña;43 Tarragona;43119 Puigpelat;Viviendas totales;600
Total Nacional;09 Cataluña;43 Tarragona;43123 Reus;Viviendas totales;51.284
Total Nacional;09 Cataluña;43 Tarragona;43125 Riba-roja d'Ebre;Viviendas totales;879
Total Nacional;09 Cataluña;43 Tarragona;43126 Riera de Gaià, La;Viviendas totales;869
Total Nacional;09 Cataluña;43 Tarragona;43127 Riudecanyes;Viviendas totales;766
Total Nacional;09 Cataluña;43 Tarragona;43128 Riudecols;Viviendas totales;711
Total Nacional;09 Cataluña;43 Tarragona;43129 Riudoms;Viviendas totales;3.447
Total Nacional;09 Cataluña;43 Tarragona;43131 Roda de Berà;Viviendas totales;8.762
Total Nacional;09 Cataluña;43 Tarragona;43133 Roquetes;Viviendas totales;4.293
Total Nacional;09 Cataluña;43 Tarragona;43136 Sant Carles de la Ràpita;Viviendas totales;12.074
Total Nacional;09 Cataluña;43 Tarragona;43137 Sant Jaume dels Domenys;Viviendas totales;1.482
Total Nacional;09 Cataluña;43 Tarragona;43138 Santa Bàrbara;Viviendas totales;2.304
Total Nacional;09 Cataluña;43 Tarragona;43139 Santa Coloma de Queralt;Viviendas totales;1.584
Total Nacional;09 Cataluña;43 Tarragona;43140 Santa Oliva;Viviendas totales;1.729
Total Nacional;09 Cataluña;43 Tarragona;43142 Sarral;Viviendas totales;983
Total Nacional;09 Cataluña;43 Tarragona;43144 Secuita, La;Viviendas totales;981
Total Nacional;09 Cataluña;43 Tarragona;43145 Selva del Camp, La;Viviendas totales;2.696
Total Nacional;09 Cataluña;43 Tarragona;43148 Tarragona;Viviendas totales;67.200
Total Nacional;09 Cataluña;43 Tarragona;43150 Tivissa;Viviendas totales;1.239
Total Nacional;09 Cataluña;43 Tarragona;43153 Torredembarra;Viviendas totales;14.553
Total Nacional;09 Cataluña;43 Tarragona;43155 Tortosa;Viviendas totales;19.654
Total Nacional;09 Cataluña;43 Tarragona;43156 Ulldecona;Viviendas totales;3.926
Total Nacional;09 Cataluña;43 Tarragona;43160 Vallmoll;Viviendas totales;1.038
Total Nacional;09 Cataluña;43 Tarragona;43161 Valls;Viviendas totales;13.368
Total Nacional;09 Cataluña;43 Tarragona;43162 Vandellòs i l'Hospitalet de l'Infant;Viviendas totales;5.913
Total Nacional;09 Cataluña;43 Tarragona;43163 Vendrell, El;Viviendas totales;31.063
Total Nacional;09 Cataluña;43 Tarragona;43166 Vilallonga del Camp;Viviendas totales;1.189
Total Nacional;09 Cataluña;43 Tarragona;43170 Vila-rodona;Viviendas totales;845
Total Nacional;09 Cataluña;43 Tarragona;43171 Vila-seca;Viviendas totales;17.417
Total Nacional;09 Cataluña;43 Tarragona;43178 Vinyols i els Arcs;Viviendas totales;1.530
Total Nacional;09 Cataluña;43 Tarragona;43901 Deltebre;Viviendas totales;7.253
Total Nacional;09 Cataluña;43 Tarragona;43902 Sant Jaume d'Enveja;Viviendas totales;2.498
Total Nacional;09 Cataluña;43 Tarragona;43903 Camarles;Viviendas totales;2.027
Total Nacional;09 Cataluña;43 Tarragona;43904 Aldea, L';Viviendas totales;2.560
Total Nacional;09 Cataluña;43 Tarragona;43905 Salou;Viviendas totales;31.523
Total Nacional;09 Cataluña;43 Tarragona;43906 Ampolla, L';Viviendas totales;5.035
Total Nacional;09 Cataluña;43 Tarragona;43907 Canonja, La;Viviendas totales;2.673
Total Nacional;09 Cataluña;43 Tarragona;43999 Resto de Tarragona;Viviendas totales;34.101
Total Nacional;10 Comunitat Valenciana;03 Alicante/Alacant;;Viviendas totales;1.350.006
Total Nacional;10 Comunitat Valenciana;03 Alicante/Alacant;03002 Agost;Viviendas totales;2.936
Total Nacional;10 Comunitat Valenciana;03 Alicante/Alacant;03004 Aigües;Viviendas totales;931
Total Nacional;10 Comunitat Valenciana;03 Alicante/Alacant;03005 Albatera;Viviendas totales;6.689
Total Nacional;10 Comunitat Valenciana;03 Alicante/Alacant;03006 Alcalalí;Viviendas totales;1.094
Total Nacional;10 Comunitat Valenciana;03 Alicante/Alacant;03009 Alcoy/Alcoi;Viviendas totales;33.876
Total Nacional;10 Comunitat Valenciana;03 Alicante/Alacant;03011 Alfàs del Pi, l';Viviendas totales;12.727
Total Nacional;10 Comunitat Valenciana;03 Alicante/Alacant;03012 Algorfa;Viviendas totales;4.240
Total Nacional;10 Comunitat Valenciana;03 Alicante/Alacant;03013 Algueña;Viviendas totales;944
Total Nacional;10 Comunitat Valenciana;03 Alicante/Alacant;03014 Alicante/Alacant;Viviendas totales;187.658
Total Nacional;10 Comunitat Valenciana;03 Alicante/Alacant;03015 Almoradí;Viviendas totales;10.977
Total Nacional;10 Comunitat Valenciana;03 Alicante/Alacant;03018 Altea;Viviendas totales;18.309
Total Nacional;10 Comunitat Valenciana;03 Alicante/Alacant;03019 Aspe;Viviendas totales;11.541
Total Nacional;10 Comunitat Valenciana;03 Alicante/Alacant;03021 Banyeres de Mariola;Viviendas totales;4.448
Total Nacional;10 Comunitat Valenciana;03 Alicante/Alacant;03023 Beneixama;Viviendas totales;1.356
Total Nacional;10 Comunitat Valenciana;03 Alicante/Alacant;03024 Benejúzar;Viviendas totales;2.657
Total Nacional;10 Comunitat Valenciana;03 Alicante/Alacant;03025 Benferri;Viviendas totales;1.113
Total Nacional;10 Comunitat Valenciana;03 Alicante/Alacant;03026 Beniarbeig;Viviendas totales;1.372
Total Nacional;10 Comunitat Valenciana;03 Alicante/Alacant;03028 Beniarrés;Viviendas totales;898
Total Nacional;10 Comunitat Valenciana;03 Alicante/Alacant;03030 Benidoleig;Viviendas totales;941
Total Nacional;10 Comunitat Valenciana;03 Alicante/Alacant;03031 Benidorm;Viviendas totales;60.479
Total Nacional;10 Comunitat Valenciana;03 Alicante/Alacant;03034 Benijófar;Viviendas totales;2.378
Total Nacional;10 Comunitat Valenciana;03 Alicante/Alacant;03041 Benissa;Viviendas totales;10.660
Total Nacional;10 Comunitat Valenciana;03 Alicante/Alacant;03042 Benitachell/Poble Nou de Benitatxell, el;Viviendas totales;5.830
Total Nacional;10 Comunitat Valenciana;03 Alicante/Alacant;03043 Biar;Viviendas totales;2.879
Total Nacional;10 Comunitat Valenciana;03 Alicante/Alacant;03044 Bigastro;Viviendas totales;3.294
Total Nacional;10 Comunitat Valenciana;03 Alicante/Alacant;03046 Busot;Viviendas totales;2.344
Total Nacional;10 Comunitat Valenciana;03 Alicante/Alacant;03047 Calp;Viviendas totales;26.156
Total Nacional;10 Comunitat Valenciana;03 Alicante/Alacant;03048 Callosa d'en Sarrià;Viviendas totales;4.801
Total Nacional;10 Comunitat Valenciana;03 Alicante/Alacant;03049 Callosa de Segura;Viviendas totales;9.142
Total Nacional;10 Comunitat Valenciana;03 Alicante/Alacant;03050 Campello, el;Viviendas totales;26.801
Total Nacional;10 Comunitat Valenciana;03 Alicante/Alacant;03052 Cañada;Viviendas totales;757
Total Nacional;10 Comunitat Valenciana;03 Alicante/Alacant;03053 Castalla;Viviendas totales;8.029
Total Nacional;10 Comunitat Valenciana;03 Alicante/Alacant;03055 Catral;Viviendas totales;4.644
Total Nacional;10 Comunitat Valenciana;03 Alicante/Alacant;03056 Cocentaina;Viviendas totales;7.071
Total Nacional;10 Comunitat Valenciana;03 Alicante/Alacant;03058 Cox;Viviendas totales;3.531
Total Nacional;10 Comunitat Valenciana;03 Alicante/Alacant;03059 Crevillent;Viviendas totales;15.357
Total Nacional;10 Comunitat Valenciana;03 Alicante/Alacant;03061 Daya Nueva;Viviendas totales;1.468
Total Nacional;10 Comunitat Valenciana;03 Alicante/Alacant;03063 Dénia;Viviendas totales;45.237
Total Nacional;10 Comunitat Valenciana;03 Alicante/Alacant;03064 Dolores;Viviendas totales;4.421
Total Nacional;10 Comunitat Valenciana;03 Alicante/Alacant;03065 Elche/Elx;Viviendas totales;116.080
Total Nacional;10 Comunitat Valenciana;03 Alicante/Alacant;03066 Elda;Viviendas totales;27.488
Total Nacional;10 Comunitat Valenciana;03 Alicante/Alacant;03069 Finestrat;Viviendas totales;6.560
Total Nacional;10 Comunitat Valenciana;03 Alicante/Alacant;03070 Formentera del Segura;Viviendas totales;3.658
Total Nacional;10 Comunitat Valenciana;03 Alicante/Alacant;03071 Gata de Gorgos;Viviendas totales;3.916
Total Nacional;10 Comunitat Valenciana;03 Alicante/Alacant;03074 Granja de Rocamora;Viviendas totales;1.182
Total Nacional;10 Comunitat Valenciana;03 Alicante/Alacant;03076 Guardamar del Segura;Viviendas totales;25.514
Total Nacional;10 Comunitat Valenciana;03 Alicante/Alacant;03077 Fondó de les Neus, el/Hondón de las Nieves;Viviendas totales;2.401
Total Nacional;10 Comunitat Valenciana;03 Alicante/Alacant;03078 Hondón de los Frailes;Viviendas totales;1.131
Total Nacional;10 Comunitat Valenciana;03 Alicante/Alacant;03079 Ibi;Viviendas totales;12.057
Total Nacional;10 Comunitat Valenciana;03 Alicante/Alacant;03080 Jacarilla;Viviendas totales;1.327
Total Nacional;10 Comunitat Valenciana;03 Alicante/Alacant;03081 Xaló;Viviendas totales;2.243
Total Nacional;10 Comunitat Valenciana;03 Alicante/Alacant;03082 Jávea/Xàbia;Viviendas totales;26.819
Total Nacional;10 Comunitat Valenciana;03 Alicante/Alacant;03083 Jijona/Xixona;Viviendas totales;5.418
Total Nacional;10 Comunitat Valenciana;03 Alicante/Alacant;03088 Monforte del Cid;Viviendas totales;5.007
Total Nacional;10 Comunitat Valenciana;03 Alicante/Alacant;03089 Monóvar/Monòver;Viviendas totales;8.110
Total Nacional;10 Comunitat Valenciana;03 Alicante/Alacant;03090 Mutxamel;Viviendas totales;13.355
Total Nacional;10 Comunitat Valenciana;03 Alicante/Alacant;03092 Muro de Alcoy;Viviendas totales;5.093
Total Nacional;10 Comunitat Valenciana;03 Alicante/Alacant;03093 Novelda;Viviendas totales;13.780
Total Nacional;10 Comunitat Valenciana;03 Alicante/Alacant;03094 Nucia, la;Viviendas totales;9.562
Total Nacional;10 Comunitat Valenciana;03 Alicante/Alacant;03095 Ondara;Viviendas totales;3.936
Total Nacional;10 Comunitat Valenciana;03 Alicante/Alacant;03096 Onil;Viviendas totales;4.914
Total Nacional;10 Comunitat Valenciana;03 Alicante/Alacant;03097 Orba;Viviendas totales;1.837
Total Nacional;10 Comunitat Valenciana;03 Alicante/Alacant;03099 Orihuela;Viviendas totales;88.508
Total Nacional;10 Comunitat Valenciana;03 Alicante/Alacant;03100 Parcent;Viviendas totales;844
Total Nacional;10 Comunitat Valenciana;03 Alicante/Alacant;03101 Pedreguer;Viviendas totales;6.741
Total Nacional;10 Comunitat Valenciana;03 Alicante/Alacant;03102 Pego;Viviendas totales;7.321
Total Nacional;10 Comunitat Valenciana;03 Alicante/Alacant;03104 Petrer;Viviendas totales;16.474
Total Nacional;10 Comunitat Valenciana;03 Alicante/Alacant;03105 Pinós, el/Pinoso;Viviendas totales;5.040
Total Nacional;10 Comunitat Valenciana;03 Alicante/Alacant;03107 Polop;Viviendas totales;3.406
Total Nacional;10 Comunitat Valenciana;03 Alicante/Alacant;03109 Rafal;Viviendas totales;2.137
Total Nacional;10 Comunitat Valenciana;03 Alicante/Alacant;03111 Redován;Viviendas totales;3.481
Total Nacional;10 Comunitat Valenciana;03 Alicante/Alacant;03112 Relleu;Viviendas totales;1.377
Total Nacional;10 Comunitat Valenciana;03 Alicante/Alacant;03113 Rojales;Viviendas totales;15.790
Total Nacional;10 Comunitat Valenciana;03 Alicante/Alacant;03114 Romana, la;Viviendas totales;1.875
Total Nacional;10 Comunitat Valenciana;03 Alicante/Alacant;03116 Salinas;Viviendas totales;1.124
Total Nacional;10 Comunitat Valenciana;03 Alicante/Alacant;03118 San Fulgencio;Viviendas totales;10.133
Total Nacional;10 Comunitat Valenciana;03 Alicante/Alacant;03119 Sant Joan d'Alacant;Viviendas totales;11.659
Total Nacional;10 Comunitat Valenciana;03 Alicante/Alacant;03120 San Miguel de Salinas;Viviendas totales;6.101
Total Nacional;10 Comunitat Valenciana;03 Alicante/Alacant;03121 Santa Pola;Viviendas totales;45.155
Total Nacional;10 Comunitat Valenciana;03 Alicante/Alacant;03122 San Vicente del Raspeig/Sant Vicent del Raspeig;Viviendas totales;27.151
Total Nacional;10 Comunitat Valenciana;03 Alicante/Alacant;03123 Sax;Viviendas totales;6.296
Total Nacional;10 Comunitat Valenciana;03 Alicante/Alacant;03128 Teulada;Viviendas totales;12.771
Total Nacional;10 Comunitat Valenciana;03 Alicante/Alacant;03129 Tibi;Viviendas totales;1.817
Total Nacional;10 Comunitat Valenciana;03 Alicante/Alacant;03133 Torrevieja;Viviendas totales;122.736
Total Nacional;10 Comunitat Valenciana;03 Alicante/Alacant;03138 Verger, el;Viviendas totales;3.914
Total Nacional;10 Comunitat Valenciana;03 Alicante/Alacant;03139 Villajoyosa/Vila Joiosa, la;Viviendas totales;25.780
Total Nacional;10 Comunitat Valenciana;03 Alicante/Alacant;03140 Villena;Viviendas totales;18.609
Total Nacional;10 Comunitat Valenciana;03 Alicante/Alacant;03901 Poblets, els;Viviendas totales;2.930
Total Nacional;10 Comunitat Valenciana;03 Alicante/Alacant;03902 Pilar de la Horadada;Viviendas totales;24.534
Total Nacional;10 Comunitat Valenciana;03 Alicante/Alacant;03903 Montesinos, Los;Viviendas totales;3.430
Total Nacional;10 Comunitat Valenciana;03 Alicante/Alacant;03904 San Isidro;Viviendas totales;1.195
Total Nacional;10 Comunitat Valenciana;03 Alicante/Alacant;03999 Resto de Alicante/Alacant;Viviendas totales;20.303
Total Nacional;10 Comunitat Valenciana;12 Castellón/Castelló;;Viviendas totales;446.872
Total Nacional;10 Comunitat Valenciana;12 Castellón/Castelló;12001 Atzeneta del Maestrat;Viviendas totales;1.324
Total Nacional;10 Comunitat Valenciana;12 Castellón/Castelló;12003 Albocàsser;Viviendas totales;1.325
Total Nacional;10 Comunitat Valenciana;12 Castellón/Castelló;12004 Alcalà de Xivert;Viviendas totales;13.782
Total Nacional;10 Comunitat Valenciana;12 Castellón/Castelló;12005 Alcora, l';Viviendas totales;7.231
Total Nacional;10 Comunitat Valenciana;12 Castellón/Castelló;12009 Almassora;Viviendas totales;15.657
Total Nacional;10 Comunitat Valenciana;12 Castellón/Castelló;12011 Almenara;Viviendas totales;5.399
Total Nacional;10 Comunitat Valenciana;12 Castellón/Castelló;12012 Altura;Viviendas totales;2.814
Total Nacional;10 Comunitat Valenciana;12 Castellón/Castelló;12016 Artana;Viviendas totales;1.369
Total Nacional;10 Comunitat Valenciana;12 Castellón/Castelló;12021 Betxí;Viviendas totales;3.014
Total Nacional;10 Comunitat Valenciana;12 Castellón/Castelló;12026 Benassal;Viviendas totales;1.316
Total Nacional;10 Comunitat Valenciana;12 Castellón/Castelló;12027 Benicarló;Viviendas totales;17.897
Total Nacional;10 Comunitat Valenciana;12 Castellón/Castelló;12028 Benicasim/Benicàssim;Viviendas totales;21.025
Total Nacional;10 Comunitat Valenciana;12 Castellón/Castelló;12029 Benlloc;Viviendas totales;905
Total Nacional;10 Comunitat Valenciana;12 Castellón/Castelló;12031 Borriol;Viviendas totales;3.708
Total Nacional;10 Comunitat Valenciana;12 Castellón/Castelló;12032 Borriana/Burriana;Viviendas totales;20.301
Total Nacional;10 Comunitat Valenciana;12 Castellón/Castelló;12033 Cabanes;Viviendas totales;3.438
Total Nacional;10 Comunitat Valenciana;12 Castellón/Castelló;12034 Càlig;Viviendas totales;1.658
Total Nacional;10 Comunitat Valenciana;12 Castellón/Castelló;12040 Castelló de la Plana;Viviendas totales;91.229
Total Nacional;10 Comunitat Valenciana;12 Castellón/Castelló;12050 Coves de Vinromà, les;Viviendas totales;1.654
Total Nacional;10 Comunitat Valenciana;12 Castellón/Castelló;12053 Chilches/Xilxes;Viviendas totales;3.755
Total Nacional;10 Comunitat Valenciana;12 Castellón/Castelló;12071 Jérica;Viviendas totales;2.084
Total Nacional;10 Comunitat Valenciana;12 Castellón/Castelló;12072 Llucena/Lucena del Cid;Viviendas totales;1.612
Total Nacional;10 Comunitat Valenciana;12 Castellón/Castelló;12077 Moncofa;Viviendas totales;12.203
Total Nacional;10 Comunitat Valenciana;12 Castellón/Castelló;12080 Morella;Viviendas totales;2.160
Total Nacional;10 Comunitat Valenciana;12 Castellón/Castelló;12082 Nules;Viviendas totales;9.193
Total Nacional;10 Comunitat Valenciana;12 Castellón/Castelló;12084 Onda;Viviendas totales;14.658
Total Nacional;10 Comunitat Valenciana;12 Castellón/Castelló;12085 Oropesa del Mar/Orpesa;Viviendas totales;29.113
Total Nacional;10 Comunitat Valenciana;12 Castellón/Castelló;12089 Peníscola/Peñíscola;Viviendas totales;18.226
Total Nacional;10 Comunitat Valenciana;12 Castellón/Castelló;12094 Pobla Tornesa, la;Viviendas totales;837
Total Nacional;10 Comunitat Valenciana;12 Castellón/Castelló;12095 Ribesalbes;Viviendas totales;844
Total Nacional;10 Comunitat Valenciana;12 Castellón/Castelló;12099 Sant Jordi/San Jorge;Viviendas totales;2.473
Total Nacional;10 Comunitat Valenciana;12 Castellón/Castelló;12100 Sant Mateu;Viviendas totales;1.589
Total Nacional;10 Comunitat Valenciana;12 Castellón/Castelló;12104 Segorbe;Viviendas totales;6.024
Total Nacional;10 Comunitat Valenciana;12 Castellón/Castelló;12106 Soneja;Viviendas totales;1.215
Total Nacional;10 Comunitat Valenciana;12 Castellón/Castelló;12117 Torreblanca;Viviendas totales;5.848
Total Nacional;10 Comunitat Valenciana;12 Castellón/Castelló;12121 Traiguera;Viviendas totales;990
Total Nacional;10 Comunitat Valenciana;12 Castellón/Castelló;12124 Vall d'Alba;Viviendas totales;2.260
Total Nacional;10 Comunitat Valenciana;12 Castellón/Castelló;12126 Vall d'Uixó, la;Viviendas totales;15.906
Total Nacional;10 Comunitat Valenciana;12 Castellón/Castelló;12128 Vilafamés;Viviendas totales;1.752
Total Nacional;10 Comunitat Valenciana;12 Castellón/Castelló;12129 Vilafranca/Villafranca del Cid;Viviendas totales;2.253
Total Nacional;10 Comunitat Valenciana;12 Castellón/Castelló;12135 Vila-real;Viviendas totales;25.363
Total Nacional;10 Comunitat Valenciana;12 Castellón/Castelló;12136 Vilavella, la;Viviendas totales;1.618
Total Nacional;10 Comunitat Valenciana;12 Castellón/Castelló;12138 Vinaròs;Viviendas totales;20.887
Total Nacional;10 Comunitat Valenciana;12 Castellón/Castelló;12140 Viver;Viviendas totales;1.942
Total Nacional;10 Comunitat Valenciana;12 Castellón/Castelló;12901 Alqueries, les/Alquerías del Niño Perdido;Viviendas totales;2.303
Total Nacional;10 Comunitat Valenciana;12 Castellón/Castelló;12902 Sant Joan de Moró;Viviendas totales;2.211
Total Nacional;10 Comunitat Valenciana;12 Castellón/Castelló;12999 Resto de Castellón/Castelló;Viviendas totales;42.507
Total Nacional;10 Comunitat Valenciana;46 Valencia/València;;Viviendas totales;1.488.908
Total Nacional;10 Comunitat Valenciana;46 Valencia/València;46001 Ademuz;Viviendas totales;1.427
Total Nacional;10 Comunitat Valenciana;46 Valencia/València;46002 Ador;Viviendas totales;1.073
Total Nacional;10 Comunitat Valenciana;46 Valencia/València;46003 Atzeneta d'Albaida;Viviendas totales;748
Total Nacional;10 Comunitat Valenciana;46 Valencia/València;46004 Agullent;Viviendas totales;1.540
Total Nacional;10 Comunitat Valenciana;46 Valencia/València;46005 Alaquàs;Viviendas totales;13.175
Total Nacional;10 Comunitat Valenciana;46 Valencia/València;46006 Albaida;Viviendas totales;3.607
Total Nacional;10 Comunitat Valenciana;46 Valencia/València;46007 Albal;Viviendas totales;7.194
Total Nacional;10 Comunitat Valenciana;46 Valencia/València;46008 Albalat de la Ribera;Viviendas totales;2.061
Total Nacional;10 Comunitat Valenciana;46 Valencia/València;46009 Albalat dels Sorells;Viviendas totales;1.952
Total Nacional;10 Comunitat Valenciana;46 Valencia/València;46010 Albalat dels Tarongers;Viviendas totales;1.855
Total Nacional;10 Comunitat Valenciana;46 Valencia/València;46011 Alberic;Viviendas totales;6.023
Total Nacional;10 Comunitat Valenciana;46 Valencia/València;46012 Alborache;Viviendas totales;1.218
Total Nacional;10 Comunitat Valenciana;46 Valencia/València;46013 Alboraia/Alboraya;Viviendas totales;13.734
Total Nacional;10 Comunitat Valenciana;46 Valencia/València;46014 Albuixech;Viviendas totales;2.028
Total Nacional;10 Comunitat Valenciana;46 Valencia/València;46015 Alcàsser;Viviendas totales;4.887
Total Nacional;10 Comunitat Valenciana;46 Valencia/València;46016 Alcàntera de Xúquer;Viviendas totales;775
Total Nacional;10 Comunitat Valenciana;46 Valencia/València;46017 Alzira;Viviendas totales;24.652
Total Nacional;10 Comunitat Valenciana;46 Valencia/València;46019 Alcúdia, l';Viviendas totales;6.253
Total Nacional;10 Comunitat Valenciana;46 Valencia/València;46020 Alcúdia de Crespins, l';Viviendas totales;2.870
Total Nacional;10 Comunitat Valenciana;46 Valencia/València;46021 Aldaia;Viviendas totales;14.434
Total Nacional;10 Comunitat Valenciana;46 Valencia/València;46022 Alfafar;Viviendas totales;9.644
Total Nacional;10 Comunitat Valenciana;46 Valencia/València;46025 Alfara del Patriarca;Viviendas totales;1.889
Total Nacional;10 Comunitat Valenciana;46 Valencia/València;46026 Alfarp;Viviendas totales;1.393
Total Nacional;10 Comunitat Valenciana;46 Valencia/València;46027 Alfarrasí;Viviendas totales;673
Total Nacional;10 Comunitat Valenciana;46 Valencia/València;46029 Algemesí;Viviendas totales;14.059
Total Nacional;10 Comunitat Valenciana;46 Valencia/València;46030 Algímia d'Alfara;Viviendas totales;801
Total Nacional;10 Comunitat Valenciana;46 Valencia/València;46031 Alginet;Viviendas totales;7.534
Total Nacional;10 Comunitat Valenciana;46 Valencia/València;46032 Almàssera;Viviendas totales;3.521
Total Nacional;10 Comunitat Valenciana;46 Valencia/València;46034 Almoines;Viviendas totales;1.240
Total Nacional;10 Comunitat Valenciana;46 Valencia/València;46035 Almussafes;Viviendas totales;4.015
Total Nacional;10 Comunitat Valenciana;46 Valencia/València;46037 Alqueria de la Comtessa, l';Viviendas totales;807
Total Nacional;10 Comunitat Valenciana;46 Valencia/València;46039 Anna;Viviendas totales;1.583
Total Nacional;10 Comunitat Valenciana;46 Valencia/València;46040 Antella;Viviendas totales;844
Total Nacional;10 Comunitat Valenciana;46 Valencia/València;46042 Aielo de Malferit;Viviendas totales;2.453
Total Nacional;10 Comunitat Valenciana;46 Valencia/València;46044 Ayora;Viviendas totales;3.647
Total Nacional;10 Comunitat Valenciana;46 Valencia/València;46045 Barxeta;Viviendas totales;1.044
Total Nacional;10 Comunitat Valenciana;46 Valencia/València;46046 Barx;Viviendas totales;1.147
Total Nacional;10 Comunitat Valenciana;46 Valencia/València;46048 Bellreguard;Viviendas totales;4.421
Total Nacional;10 Comunitat Valenciana;46 Valencia/València;46051 Benaguasil;Viviendas totales;6.658
Total Nacional;10 Comunitat Valenciana;46 Valencia/València;46054 Benetússer;Viviendas totales;7.112
Total Nacional;10 Comunitat Valenciana;46 Valencia/València;46055 Beniarjó;Viviendas totales;1.044
Total Nacional;10 Comunitat Valenciana;46 Valencia/València;46058 Benifairó de les Valls;Viviendas totales;1.235
Total Nacional;10 Comunitat Valenciana;46 Valencia/València;46059 Benifairó de la Valldigna;Viviendas totales;1.001
Total Nacional;10 Comunitat Valenciana;46 Valencia/València;46060 Benifaió;Viviendas totales;6.244
Total Nacional;10 Comunitat Valenciana;46 Valencia/València;46062 Benigànim;Viviendas totales;3.373
Total Nacional;10 Comunitat Valenciana;46 Valencia/València;46063 Benimodo;Viviendas totales;1.208
Total Nacional;10 Comunitat Valenciana;46 Valencia/València;46065 Beniparrell;Viviendas totales;1.001
Total Nacional;10 Comunitat Valenciana;46 Valencia/València;46066 Benirredrà;Viviendas totales;624
Total Nacional;10 Comunitat Valenciana;46 Valencia/València;46067 Benissanó;Viviendas totales;1.189
Total Nacional;10 Comunitat Valenciana;46 Valencia/València;46070 Bétera;Viviendas totales;12.966
Total Nacional;10 Comunitat Valenciana;46 Valencia/València;46072 Bocairent;Viviendas totales;3.420
Total Nacional;10 Comunitat Valenciana;46 Valencia/València;46073 Bolbaite;Viviendas totales;962
Total Nacional;10 Comunitat Valenciana;46 Valencia/València;46074 Bonrepòs i Mirambell;Viviendas totales;1.772
Total Nacional;10 Comunitat Valenciana;46 Valencia/València;46077 Buñol;Viviendas totales;5.582
Total Nacional;10 Comunitat Valenciana;46 Valencia/València;46078 Burjassot;Viviendas totales;17.991
Total Nacional;10 Comunitat Valenciana;46 Valencia/València;46080 Camporrobles;Viviendas totales;1.227
Total Nacional;10 Comunitat Valenciana;46 Valencia/València;46081 Canals;Viviendas totales;6.903
Total Nacional;10 Comunitat Valenciana;46 Valencia/València;46082 Canet d'En Berenguer;Viviendas totales;9.812
Total Nacional;10 Comunitat Valenciana;46 Valencia/València;46083 Carcaixent;Viviendas totales;11.812
Total Nacional;10 Comunitat Valenciana;46 Valencia/València;46084 Càrcer;Viviendas totales;1.011
Total Nacional;10 Comunitat Valenciana;46 Valencia/València;46085 Carlet;Viviendas totales;9.043
Total Nacional;10 Comunitat Valenciana;46 Valencia/València;46089 Casinos;Viviendas totales;2.059
Total Nacional;10 Comunitat Valenciana;46 Valencia/València;46090 Castelló de Rugat;Viviendas totales;1.315
Total Nacional;10 Comunitat Valenciana;46 Valencia/València;46093 Catadau;Viviendas totales;2.131
Total Nacional;10 Comunitat Valenciana;46 Valencia/València;46094 Catarroja;Viviendas totales;12.401
Total Nacional;10 Comunitat Valenciana;46 Valencia/València;46097 Cofrentes;Viviendas totales;692
Total Nacional;10 Comunitat Valenciana;46 Valencia/València;46098 Corbera;Viviendas totales;2.198
Total Nacional;10 Comunitat Valenciana;46 Valencia/València;46101 Quart de les Valls;Viviendas totales;629
Total Nacional;10 Comunitat Valenciana;46 Valencia/València;46102 Quart de Poblet;Viviendas totales;12.037
Total Nacional;10 Comunitat Valenciana;46 Valencia/València;46103 Quartell;Viviendas totales;822
Total Nacional;10 Comunitat Valenciana;46 Valencia/València;46104 Quatretonda;Viviendas totales;1.479
Total Nacional;10 Comunitat Valenciana;46 Valencia/València;46105 Cullera;Viviendas totales;29.168
Total Nacional;10 Comunitat Valenciana;46 Valencia/València;46106 Chelva;Viviendas totales;2.328
Total Nacional;10 Comunitat Valenciana;46 Valencia/València;46107 Chella;Viviendas totales;2.027
Total Nacional;10 Comunitat Valenciana;46 Valencia/València;46109 Cheste;Viviendas totales;5.081
Total Nacional;10 Comunitat Valenciana;46 Valencia/València;46110 Xirivella;Viviendas totales;13.504
Total Nacional;10 Comunitat Valenciana;46 Valencia/València;46111 Chiva;Viviendas totales;12.449
Total Nacional;10 Comunitat Valenciana;46 Valencia/València;46113 Daimús;Viviendas totales;5.984
Total Nacional;10 Comunitat Valenciana;46 Valencia/València;46116 Eliana, l';Viviendas totales;8.316
Total Nacional;10 Comunitat Valenciana;46 Valencia/València;46118 Enguera;Viviendas totales;3.694
Total Nacional;10 Comunitat Valenciana;46 Valencia/València;46120 Estivella;Viviendas totales;1.302
Total Nacional;10 Comunitat Valenciana;46 Valencia/València;46122 Faura;Viviendas totales;2.015
Total Nacional;10 Comunitat Valenciana;46 Valencia/València;46123 Favara;Viviendas totales;1.547
Total Nacional;10 Comunitat Valenciana;46 Valencia/València;46125 Fortaleny;Viviendas totales;573
Total Nacional;10 Comunitat Valenciana;46 Valencia/València;46126 Foios;Viviendas totales;3.579
Total Nacional;10 Comunitat Valenciana;46 Valencia/València;46127 Font d'En Carròs, la;Viviendas totales;2.532
Total Nacional;10 Comunitat Valenciana;46 Valencia/València;46128 Font de la Figuera, la;Viviendas totales;1.634
Total Nacional;10 Comunitat Valenciana;46 Valencia/València;46130 Gavarda;Viviendas totales;609
Total Nacional;10 Comunitat Valenciana;46 Valencia/València;46131 Gandia;Viviendas totales;54.541
Total Nacional;10 Comunitat Valenciana;46 Valencia/València;46132 Genovés, el;Viviendas totales;1.680
Total Nacional;10 Comunitat Valenciana;46 Valencia/València;46134 Gilet;Viviendas totales;2.524
Total Nacional;10 Comunitat Valenciana;46 Valencia/València;46135 Godella;Viviendas totales;5.563
Total Nacional;10 Comunitat Valenciana;46 Valencia/València;46136 Godelleta;Viviendas totales;3.230
Total Nacional;10 Comunitat Valenciana;46 Valencia/València;46139 Guadassuar;Viviendas totales;3.313
Total Nacional;10 Comunitat Valenciana;46 Valencia/València;46143 Xeraco;Viviendas totales;6.786
Total Nacional;10 Comunitat Valenciana;46 Valencia/València;46145 Xàtiva;Viviendas totales;16.908
Total Nacional;10 Comunitat Valenciana;46 Valencia/València;46146 Xeresa;Viviendas totales;1.266
Total Nacional;10 Comunitat Valenciana;46 Valencia/València;46147 Llíria;Viviendas totales;15.724
Total Nacional;10 Comunitat Valenciana;46 Valencia/València;46148 Loriguilla;Viviendas totales;1.017
Total Nacional;10 Comunitat Valenciana;46 Valencia/València;46150 Llutxent;Viviendas totales;1.245
Total Nacional;10 Comunitat Valenciana;46 Valencia/València;46154 Llanera de Ranes;Viviendas totales;607
Total Nacional;10 Comunitat Valenciana;46 Valencia/València;46155 Llaurí;Viviendas totales;1.025
Total Nacional;10 Comunitat Valenciana;46 Valencia/València;46156 Llombai;Viviendas totales;1.797
Total Nacional;10 Comunitat Valenciana;46 Valencia/València;46157 Llosa de Ranes, la;Viviendas totales;2.014
Total Nacional;10 Comunitat Valenciana;46 Valencia/València;46158 Macastre;Viviendas totales;1.336
Total Nacional;10 Comunitat Valenciana;46 Valencia/València;46159 Manises;Viviendas totales;14.239
Total Nacional;10 Comunitat Valenciana;46 Valencia/València;46160 Manuel;Viviendas totales;1.449
Total Nacional;10 Comunitat Valenciana;46 Valencia/València;46161 Marines;Viviendas totales;1.328
Total Nacional;10 Comunitat Valenciana;46 Valencia/València;46162 Massalavés;Viviendas totales;959
Total Nacional;10 Comunitat Valenciana;46 Valencia/València;46163 Massalfassar;Viviendas totales;1.422
Total Nacional;10 Comunitat Valenciana;46 Valencia/València;46164 Massamagrell;Viviendas totales;7.632
Total Nacional;10 Comunitat Valenciana;46 Valencia/València;46165 Massanassa;Viviendas totales;4.504
Total Nacional;10 Comunitat Valenciana;46 Valencia/València;46166 Meliana;Viviendas totales;5.142
Total Nacional;10 Comunitat Valenciana;46 Valencia/València;46168 Miramar;Viviendas totales;4.676
Total Nacional;10 Comunitat Valenciana;46 Valencia/València;46169 Mislata;Viviendas totales;20.270
Total Nacional;10 Comunitat Valenciana;46 Valencia/València;46170 Mogente/Moixent;Viviendas totales;3.092
Total Nacional;10 Comunitat Valenciana;46 Valencia/València;46171 Moncada;Viviendas totales;10.371
Total Nacional;10 Comunitat Valenciana;46 Valencia/València;46172 Montserrat;Viviendas totales;6.674
Total Nacional;10 Comunitat Valenciana;46 Valencia/València;46173 Montaverner;Viviendas totales;925
Total Nacional;10 Comunitat Valenciana;46 Valencia/València;46174 Montesa;Viviendas totales;784
Total Nacional;10 Comunitat Valenciana;46 Valencia/València;46176 Montroi/Montroy;Viviendas totales;2.771
Total Nacional;10 Comunitat Valenciana;46 Valencia/València;46177 Museros;Viviendas totales;3.293
Total Nacional;10 Comunitat Valenciana;46 Valencia/València;46178 Nàquera/Náquera;Viviendas totales;6.726
Total Nacional;10 Comunitat Valenciana;46 Valencia/València;46179 Navarrés;Viviendas totales;1.989
Total Nacional;10 Comunitat Valenciana;46 Valencia/València;46181 Oliva;Viviendas totales;21.085
Total Nacional;10 Comunitat Valenciana;46 Valencia/València;46182 Olocau;Viviendas totales;2.572
Total Nacional;10 Comunitat Valenciana;46 Valencia/València;46183 Olleria, l';Viviendas totales;5.050
Total Nacional;10 Comunitat Valenciana;46 Valencia/València;46184 Ontinyent;Viviendas totales;19.230
Total Nacional;10 Comunitat Valenciana;46 Valencia/València;46186 Paiporta;Viviendas totales;11.653
Total Nacional;10 Comunitat Valenciana;46 Valencia/València;46187 Palma de Gandía;Viviendas totales;1.448
Total Nacional;10 Comunitat Valenciana;46 Valencia/València;46188 Palmera;Viviendas totales;483
Total Nacional;10 Comunitat Valenciana;46 Valencia/València;46190 Paterna;Viviendas totales;33.020
Total Nacional;10 Comunitat Valenciana;46 Valencia/València;46191 Pedralba;Viviendas totales;2.689
Total Nacional;10 Comunitat Valenciana;46 Valencia/València;46192 Petrés;Viviendas totales;739
Total Nacional;10 Comunitat Valenciana;46 Valencia/València;46193 Picanya;Viviendas totales;4.836
Total Nacional;10 Comunitat Valenciana;46 Valencia/València;46194 Picassent;Viviendas totales;11.556
Total Nacional;10 Comunitat Valenciana;46 Valencia/València;46195 Piles;Viviendas totales;3.755
Total Nacional;10 Comunitat Valenciana;46 Valencia/València;46197 Polinyà de Xúquer;Viviendas totales;1.451
Total Nacional;10 Comunitat Valenciana;46 Valencia/València;46198 Potries;Viviendas totales;700
Total Nacional;10 Comunitat Valenciana;46 Valencia/València;46199 Pobla de Farnals, la;Viviendas totales;7.958
Total Nacional;10 Comunitat Valenciana;46 Valencia/València;46200 Pobla del Duc, la;Viviendas totales;1.403
Total Nacional;10 Comunitat Valenciana;46 Valencia/València;46202 Pobla de Vallbona, la;Viviendas totales;12.434
Total Nacional;10 Comunitat Valenciana;46 Valencia/València;46203 Pobla Llarga, la;Viviendas totales;2.510
Total Nacional;10 Comunitat Valenciana;46 Valencia/València;46204 Puig de Santa Maria, el;Viviendas totales;6.909
Total Nacional;10 Comunitat Valenciana;46 Valencia/València;46205 Puçol;Viviendas totales;10.948
Total Nacional;10 Comunitat Valenciana;46 Valencia/València;46207 Rafelbunyol;Viviendas totales;4.364
Total Nacional;10 Comunitat Valenciana;46 Valencia/València;46208 Rafelcofer;Viviendas totales;860
Total Nacional;10 Comunitat Valenciana;46 Valencia/València;46209 Rafelguaraf;Viviendas totales;1.554
Total Nacional;10 Comunitat Valenciana;46 Valencia/València;46211 Real de Gandia, el;Viviendas totales;1.337
Total Nacional;10 Comunitat Valenciana;46 Valencia/València;46212 Real;Viviendas totales;1.498
Total Nacional;10 Comunitat Valenciana;46 Valencia/València;46213 Requena;Viviendas totales;14.555
Total Nacional;10 Comunitat Valenciana;46 Valencia/València;46214 Riba-roja de Túria;Viviendas totales;10.974
Total Nacional;10 Comunitat Valenciana;46 Valencia/València;46215 Riola;Viviendas totales;1.036
Total Nacional;10 Comunitat Valenciana;46 Valencia/València;46216 Rocafort;Viviendas totales;3.062
Total Nacional;10 Comunitat Valenciana;46 Valencia/València;46217 Rotglà i Corberà;Viviendas totales;715
Total Nacional;10 Comunitat Valenciana;46 Valencia/València;46218 Ròtova;Viviendas totales;793
Total Nacional;10 Comunitat Valenciana;46 Valencia/València;46220 Sagunto/Sagunt;Viviendas totales;41.287
Total Nacional;10 Comunitat Valenciana;46 Valencia/València;46223 Sedaví;Viviendas totales;4.640
Total Nacional;10 Comunitat Valenciana;46 Valencia/València;46227 Senyera;Viviendas totales;531
Total Nacional;10 Comunitat Valenciana;46 Valencia/València;46228 Serra;Viviendas totales;2.880
Total Nacional;10 Comunitat Valenciana;46 Valencia/València;46229 Siete Aguas;Viviendas totales;2.036
Total Nacional;10 Comunitat Valenciana;46 Valencia/València;46230 Silla;Viviendas totales;8.876
Total Nacional;10 Comunitat Valenciana;46 Valencia/València;46231 Simat de la Valldigna;Viviendas totales;2.457
Total Nacional;10 Comunitat Valenciana;46 Valencia/València;46232 Sinarcas;Viviendas totales;908
Total Nacional;10 Comunitat Valenciana;46 Valencia/València;46233 Sollana;Viviendas totales;2.756
Total Nacional;10 Comunitat Valenciana;46 Valencia/València;46235 Sueca;Viviendas totales;25.186
Total Nacional;10 Comunitat Valenciana;46 Valencia/València;46236 Sumacàrcer;Viviendas totales;769
Total Nacional;10 Comunitat Valenciana;46 Valencia/València;46237 Tavernes Blanques;Viviendas totales;4.221
Total Nacional;10 Comunitat Valenciana;46 Valencia/València;46238 Tavernes de la Valldigna;Viviendas totales;15.480
Total Nacional;10 Comunitat Valenciana;46 Valencia/València;46244 Torrent;Viviendas totales;40.564
Total Nacional;10 Comunitat Valenciana;46 Valencia/València;46246 Tous;Viviendas totales;928
Total Nacional;10 Comunitat Valenciana;46 Valencia/València;46247 Tuéjar;Viviendas totales;1.357
Total Nacional;10 Comunitat Valenciana;46 Valencia/València;46248 Turís;Viviendas totales;5.743
Total Nacional;10 Comunitat Valenciana;46 Valencia/València;46249 Utiel;Viviendas totales;8.043
Total Nacional;10 Comunitat Valenciana;46 Valencia/València;46250 València;Viviendas totales;414.988
Total Nacional;10 Comunitat Valenciana;46 Valencia/València;46251 Vallada;Viviendas totales;2.092
Total Nacional;10 Comunitat Valenciana;46 Valencia/València;46254 Venta del Moro;Viviendas totales;1.629
Total Nacional;10 Comunitat Valenciana;46 Valencia/València;46255 Vilallonga/Villalonga;Viviendas totales;3.076
Total Nacional;10 Comunitat Valenciana;46 Valencia/València;46256 Vilamarxant;Viviendas totales;7.251
Total Nacional;10 Comunitat Valenciana;46 Valencia/València;46257 Castelló;Viviendas totales;3.638
Total Nacional;10 Comunitat Valenciana;46 Valencia/València;46258 Villar del Arzobispo;Viviendas totales;2.830
Total Nacional;10 Comunitat Valenciana;46 Valencia/València;46260 Vinalesa;Viviendas totales;1.693
Total Nacional;10 Comunitat Valenciana;46 Valencia/València;46261 Yátova;Viviendas totales;2.028
Total Nacional;10 Comunitat Valenciana;46 Valencia/València;46903 San Antonio de Benagéber;Viviendas totales;3.961
Total Nacional;10 Comunitat Valenciana;46 Valencia/València;46904 Benicull de Xúquer;Viviendas totales;755
Total Nacional;10 Comunitat Valenciana;46 Valencia/València;46999 Resto de Valencia/València;Viviendas totales;36.790
Total Nacional;11 Extremadura;06 Badajoz;;Viviendas totales;398.348
Total Nacional;11 Extremadura;06 Badajoz;06002 Aceuchal;Viviendas totales;2.663
Total Nacional;11 Extremadura;06 Badajoz;06004 Alange;Viviendas totales;1.205
Total Nacional;11 Extremadura;06 Badajoz;06005 Albuera, La;Viviendas totales;1.072
Total Nacional;11 Extremadura;06 Badajoz;06006 Alburquerque;Viviendas totales;3.608
Total Nacional;11 Extremadura;06 Badajoz;06007 Alconchel;Viviendas totales;1.272
Total Nacional;11 Extremadura;06 Badajoz;06010 Almendral;Viviendas totales;922
Total Nacional;11 Extremadura;06 Badajoz;06011 Almendralejo;Viviendas totales;17.292
Total Nacional;11 Extremadura;06 Badajoz;06012 Arroyo de San Serván;Viviendas totales;1.867
Total Nacional;11 Extremadura;06 Badajoz;06014 Azuaga;Viviendas totales;5.309
Total Nacional;11 Extremadura;06 Badajoz;06015 Badajoz;Viviendas totales;74.594
Total Nacional;11 Extremadura;06 Badajoz;06016 Barcarrota;Viviendas totales;2.458
Total Nacional;11 Extremadura;06 Badajoz;06019 Berlanga;Viviendas totales;1.733
Total Nacional;11 Extremadura;06 Badajoz;06020 Bienvenida;Viviendas totales;1.300
Total Nacional;11 Extremadura;06 Badajoz;06021 Bodonal de la Sierra;Viviendas totales;760
Total Nacional;11 Extremadura;06 Badajoz;06022 Burguillos del Cerro;Viviendas totales;2.255
Total Nacional;11 Extremadura;06 Badajoz;06023 Cabeza del Buey;Viviendas totales;3.480
Total Nacional;11 Extremadura;06 Badajoz;06024 Cabeza la Vaca;Viviendas totales;1.127
Total Nacional;11 Extremadura;06 Badajoz;06025 Calamonte;Viviendas totales;2.757
Total Nacional;11 Extremadura;06 Badajoz;06028 Campanario;Viviendas totales;3.757
Total Nacional;11 Extremadura;06 Badajoz;06029 Campillo de Llerena;Viviendas totales;1.043
Total Nacional;11 Extremadura;06 Badajoz;06033 Casas de Don Pedro;Viviendas totales;1.488
Total Nacional;11 Extremadura;06 Badajoz;06036 Castuera;Viviendas totales;4.620
Total Nacional;11 Extremadura;06 Badajoz;06037 Codosera, La;Viviendas totales;1.444
Total Nacional;11 Extremadura;06 Badajoz;06039 Coronada, La;Viviendas totales;1.468
Total Nacional;11 Extremadura;06 Badajoz;06040 Corte de Peleas;Viviendas totales;613
Total Nacional;11 Extremadura;06 Badajoz;06042 Cheles;Viviendas totales;751
Total Nacional;11 Extremadura;06 Badajoz;06044 Don Benito;Viviendas totales;21.262
Total Nacional;11 Extremadura;06 Badajoz;06046 Esparragalejo;Viviendas totales;857
Total Nacional;11 Extremadura;06 Badajoz;06049 Feria;Viviendas totales;1.018
Total Nacional;11 Extremadura;06 Badajoz;06050 Fregenal de la Sierra;Viviendas totales;3.305
Total Nacional;11 Extremadura;06 Badajoz;06051 Fuenlabrada de los Montes;Viviendas totales;1.516
Total Nacional;11 Extremadura;06 Badajoz;06052 Fuente de Cantos;Viviendas totales;2.738
Total Nacional;11 Extremadura;06 Badajoz;06054 Fuente del Maestre;Viviendas totales;3.560
Total Nacional;11 Extremadura;06 Badajoz;06055 Fuentes de León;Viviendas totales;1.686
Total Nacional;11 Extremadura;06 Badajoz;06058 Garrovilla, La;Viviendas totales;1.310
Total Nacional;11 Extremadura;06 Badajoz;06059 Granja de Torrehermosa;Viviendas totales;1.696
Total Nacional;11 Extremadura;06 Badajoz;06060 Guareña;Viviendas totales;3.898
Total Nacional;11 Extremadura;06 Badajoz;06061 Haba, La;Viviendas totales;1.074
Total Nacional;11 Extremadura;06 Badajoz;06063 Herrera del Duque;Viviendas totales;2.775
Total Nacional;11 Extremadura;06 Badajoz;06066 Higuera de Vargas;Viviendas totales;1.236
Total Nacional;11 Extremadura;06 Badajoz;06067 Higuera la Real;Viviendas totales;1.671
Total Nacional;11 Extremadura;06 Badajoz;06069 Hornachos;Viviendas totales;2.566
Total Nacional;11 Extremadura;06 Badajoz;06070 Jerez de los Caballeros;Viviendas totales;5.772
Total Nacional;11 Extremadura;06 Badajoz;06072 Lobón;Viviendas totales;1.482
Total Nacional;11 Extremadura;06 Badajoz;06074 Llerena;Viviendas totales;3.401
Total Nacional;11 Extremadura;06 Badajoz;06080 Medellín;Viviendas totales;1.522
Total Nacional;11 Extremadura;06 Badajoz;06081 Medina de las Torres;Viviendas totales;1.011
Total Nacional;11 Extremadura;06 Badajoz;06083 Mérida;Viviendas totales;31.358
Total Nacional;11 Extremadura;06 Badajoz;06084 Mirandilla;Viviendas totales;772
Total Nacional;11 Extremadura;06 Badajoz;06085 Monesterio;Viviendas totales;2.802
Total Nacional;11 Extremadura;06 Badajoz;06086 Montemolín;Viviendas totales;1.145
Total Nacional;11 Extremadura;06 Badajoz;06087 Monterrubio de la Serena;Viviendas totales;2.097
Total Nacional;11 Extremadura;06 Badajoz;06088 Montijo;Viviendas totales;8.561
Total Nacional;11 Extremadura;06 Badajoz;06091 Navalvillar de Pela;Viviendas totales;3.067
Total Nacional;11 Extremadura;06 Badajoz;06093 Oliva de la Frontera;Viviendas totales;3.451
Total Nacional;11 Extremadura;06 Badajoz;06094 Oliva de Mérida;Viviendas totales;1.024
Total Nacional;11 Extremadura;06 Badajoz;06095 Olivenza;Viviendas totales;6.165
Total Nacional;11 Extremadura;06 Badajoz;06097 Orellana la Vieja;Viviendas totales;2.163
Total Nacional;11 Extremadura;06 Badajoz;06099 Parra, La;Viviendas totales;805
Total Nacional;11 Extremadura;06 Badajoz;06102 Puebla de Alcocer;Viviendas totales;1.258
Total Nacional;11 Extremadura;06 Badajoz;06103 Puebla de la Calzada;Viviendas totales;2.850
Total Nacional;11 Extremadura;06 Badajoz;06107 Puebla de Obando;Viviendas totales;1.157
Total Nacional;11 Extremadura;06 Badajoz;06108 Puebla de Sancho Pérez;Viviendas totales;1.816
Total Nacional;11 Extremadura;06 Badajoz;06109 Quintana de la Serena;Viviendas totales;3.287
Total Nacional;11 Extremadura;06 Badajoz;06113 Ribera del Fresno;Viviendas totales;2.010
Total Nacional;11 Extremadura;06 Badajoz;06115 Roca de la Sierra, La;Viviendas totales;953
Total Nacional;11 Extremadura;06 Badajoz;06116 Salvaleón;Viviendas totales;1.284
Total Nacional;11 Extremadura;06 Badajoz;06117 Salvatierra de los Barros;Viviendas totales;1.163
Total Nacional;11 Extremadura;06 Badajoz;06120 Santa Amalia;Viviendas totales;2.287
Total Nacional;11 Extremadura;06 Badajoz;06121 Santa Marta;Viviendas totales;2.221
Total Nacional;11 Extremadura;06 Badajoz;06122 Santos de Maimona, Los;Viviendas totales;4.530
Total Nacional;11 Extremadura;06 Badajoz;06123 San Vicente de Alcántara;Viviendas totales;3.591
Total Nacional;11 Extremadura;06 Badajoz;06124 Segura de León;Viviendas totales;1.596
Total Nacional;11 Extremadura;06 Badajoz;06125 Siruela;Viviendas totales;1.946
Total Nacional;11 Extremadura;06 Badajoz;06126 Solana de los Barros;Viviendas totales;1.416
Total Nacional;11 Extremadura;06 Badajoz;06127 Talarrubias;Viviendas totales;2.720
Total Nacional;11 Extremadura;06 Badajoz;06128 Talavera la Real;Viviendas totales;2.573
Total Nacional;11 Extremadura;06 Badajoz;06131 Torre de Miguel Sesmero;Viviendas totales;764
Total Nacional;11 Extremadura;06 Badajoz;06133 Torremejía;Viviendas totales;1.064
Total Nacional;11 Extremadura;06 Badajoz;06135 Trujillanos;Viviendas totales;704
Total Nacional;11 Extremadura;06 Badajoz;06136 Usagre;Viviendas totales;1.250
Total Nacional;11 Extremadura;06 Badajoz;06137 Valdecaballeros;Viviendas totales;1.127
Total Nacional;11 Extremadura;06 Badajoz;06138 Valdetorres;Viviendas totales;808
Total Nacional;11 Extremadura;06 Badajoz;06141 Valencia del Ventoso;Viviendas totales;1.560
Total Nacional;11 Extremadura;06 Badajoz;06143 Valverde de Leganés;Viviendas totales;2.025
Total Nacional;11 Extremadura;06 Badajoz;06145 Valverde de Mérida;Viviendas totales;724
Total Nacional;11 Extremadura;06 Badajoz;06146 Valle de la Serena;Viviendas totales;1.385
Total Nacional;11 Extremadura;06 Badajoz;06148 Valle de Santa Ana;Viviendas totales;730
Total Nacional;11 Extremadura;06 Badajoz;06149 Villafranca de los Barros;Viviendas totales;6.300
Total Nacional;11 Extremadura;06 Badajoz;06151 Villagonzalo;Viviendas totales;826
Total Nacional;11 Extremadura;06 Badajoz;06152 Villalba de los Barros;Viviendas totales;836
Total Nacional;11 Extremadura;06 Badajoz;06153 Villanueva de la Serena;Viviendas totales;14.092
Total Nacional;11 Extremadura;06 Badajoz;06154 Villanueva del Fresno;Viviendas totales;1.864
Total Nacional;11 Extremadura;06 Badajoz;06155 Villar del Rey;Viviendas totales;1.415
Total Nacional;11 Extremadura;06 Badajoz;06156 Villar de Rena;Viviendas totales;896
Total Nacional;11 Extremadura;06 Badajoz;06158 Zafra;Viviendas totales;8.911
Total Nacional;11 Extremadura;06 Badajoz;06159 Zahínos;Viviendas totales;1.579
Total Nacional;11 Extremadura;06 Badajoz;06160 Zalamea de la Serena;Viviendas totales;3.117
Total Nacional;11 Extremadura;06 Badajoz;06162 Zarza, La;Viviendas totales;2.107
Total Nacional;11 Extremadura;06 Badajoz;06901 Valdelacalzada;Viviendas totales;1.436
Total Nacional;11 Extremadura;06 Badajoz;06902 Pueblonuevo del Guadiana;Viviendas totales;973
Total Nacional;11 Extremadura;06 Badajoz;06903 Guadiana;Viviendas totales;1.171
Total Nacional;11 Extremadura;06 Badajoz;06999 Resto de Badajoz;Viviendas totales;32.402
Total Nacional;11 Extremadura;10 Cáceres;;Viviendas totales;300.157
Total Nacional;11 Extremadura;10 Cáceres;10006 Ahigal;Viviendas totales;1.248
Total Nacional;11 Extremadura;10 Cáceres;10008 Alcántara;Viviendas totales;1.492
Total Nacional;11 Extremadura;10 Cáceres;10010 Alcuéscar;Viviendas totales;2.114
Total Nacional;11 Extremadura;10 Cáceres;10014 Aldeanueva de la Vera;Viviendas totales;2.041
Total Nacional;11 Extremadura;10 Cáceres;10018 Aliseda;Viviendas totales;1.548
Total Nacional;11 Extremadura;10 Cáceres;10019 Almaraz;Viviendas totales;792
Total Nacional;11 Extremadura;10 Cáceres;10020 Almoharín;Viviendas totales;1.346
Total Nacional;11 Extremadura;10 Cáceres;10021 Arroyo de la Luz;Viviendas totales;4.083
Total Nacional;11 Extremadura;10 Cáceres;10032 Brozas;Viviendas totales;1.710
Total Nacional;11 Extremadura;10 Cáceres;10035 Cabezuela del Valle;Viviendas totales;1.823
Total Nacional;11 Extremadura;10 Cáceres;10037 Cáceres;Viviendas totales;53.756
Total Nacional;11 Extremadura;10 Cáceres;10041 Caminomorisco;Viviendas totales;894
Total Nacional;11 Extremadura;10 Cáceres;10044 Cañamero;Viviendas totales;1.942
Total Nacional;11 Extremadura;10 Cáceres;10045 Cañaveral;Viviendas totales;1.268
Total Nacional;11 Extremadura;10 Cáceres;10047 Carcaboso;Viviendas totales;748
Total Nacional;11 Extremadura;10 Cáceres;10049 Casar de Cáceres;Viviendas totales;2.834
Total Nacional;11 Extremadura;10 Cáceres;10050 Casar de Palomero;Viviendas totales;997
Total Nacional;11 Extremadura;10 Cáceres;10058 Casatejada;Viviendas totales;1.140
Total Nacional;11 Extremadura;10 Cáceres;10060 Castañar de Ibor;Viviendas totales;1.150
Total Nacional;11 Extremadura;10 Cáceres;10061 Ceclavín;Viviendas totales;1.699
Total Nacional;11 Extremadura;10 Cáceres;10064 Cilleros;Viviendas totales;1.485
Total Nacional;11 Extremadura;10 Cáceres;10067 Coria;Viviendas totales;8.141
Total Nacional;11 Extremadura;10 Cáceres;10082 Garrovillas de Alconétar;Viviendas totales;1.925
Total Nacional;11 Extremadura;10 Cáceres;10084 Gata;Viviendas totales;1.263
Total Nacional;11 Extremadura;10 Cáceres;10087 Guadalupe;Viviendas totales;1.829
Total Nacional;11 Extremadura;10 Cáceres;10089 Guijo de Galisteo;Viviendas totales;941
Total Nacional;11 Extremadura;10 Cáceres;10096 Hervás;Viviendas totales;3.413
Total Nacional;11 Extremadura;10 Cáceres;10104 Jaraíz de la Vera;Viviendas totales;4.059
Total Nacional;11 Extremadura;10 Cáceres;10105 Jarandilla de la Vera;Viviendas totales;2.688
Total Nacional;11 Extremadura;10 Cáceres;10107 Jerte;Viviendas totales;1.083
Total Nacional;11 Extremadura;10 Cáceres;10109 Logrosán;Viviendas totales;1.920
Total Nacional;11 Extremadura;10 Cáceres;10110 Losar de la Vera;Viviendas totales;2.533
Total Nacional;11 Extremadura;10 Cáceres;10111 Madrigal de la Vera;Viviendas totales;2.141
Total Nacional;11 Extremadura;10 Cáceres;10112 Madrigalejo;Viviendas totales;1.411
Total Nacional;11 Extremadura;10 Cáceres;10113 Madroñera;Viviendas totales;2.365
Total Nacional;11 Extremadura;10 Cáceres;10114 Majadas;Viviendas totales;669
Total Nacional;11 Extremadura;10 Cáceres;10115 Malpartida de Cáceres;Viviendas totales;2.930
Total Nacional;11 Extremadura;10 Cáceres;10116 Malpartida de Plasencia;Viviendas totales;3.254
Total Nacional;11 Extremadura;10 Cáceres;10121 Miajadas;Viviendas totales;5.548
Total Nacional;11 Extremadura;10 Cáceres;10126 Montánchez;Viviendas totales;1.874
Total Nacional;11 Extremadura;10 Cáceres;10127 Montehermoso;Viviendas totales;3.313
Total Nacional;11 Extremadura;10 Cáceres;10128 Moraleja;Viviendas totales;4.571
Total Nacional;11 Extremadura;10 Cáceres;10130 Navaconcejo;Viviendas totales;1.530
Total Nacional;11 Extremadura;10 Cáceres;10131 Navalmoral de la Mata;Viviendas totales;9.580
Total Nacional;11 Extremadura;10 Cáceres;10133 Navas del Madroño;Viviendas totales;1.151
Total Nacional;11 Extremadura;10 Cáceres;10135 Nuñomoral;Viviendas totales;1.158
Total Nacional;11 Extremadura;10 Cáceres;10140 Peraleda de la Mata;Viviendas totales;1.327
Total Nacional;11 Extremadura;10 Cáceres;10144 Pesga, La;Viviendas totales;725
Total Nacional;11 Extremadura;10 Cáceres;10146 Pinofranqueado;Viviendas totales;1.517
Total Nacional;11 Extremadura;10 Cáceres;10147 Piornal;Viviendas totales;1.306
Total Nacional;11 Extremadura;10 Cáceres;10148 Plasencia;Viviendas totales;22.443
Total Nacional;11 Extremadura;10 Cáceres;10155 Riolobos;Viviendas totales;890
Total Nacional;11 Extremadura;10 Cáceres;10175 Serradilla;Viviendas totales;1.795
Total Nacional;11 Extremadura;10 Cáceres;10177 Sierra de Fuentes;Viviendas totales;1.460
Total Nacional;11 Extremadura;10 Cáceres;10180 Talayuela;Viviendas totales;3.556
Total Nacional;11 Extremadura;10 Cáceres;10183 Tornavacas;Viviendas totales;1.078
Total Nacional;11 Extremadura;10 Cáceres;10186 Torrecillas de la Tiesa;Viviendas totales;1.022
Total Nacional;11 Extremadura;10 Cáceres;10189 Torrejoncillo;Viviendas totales;2.476
Total Nacional;11 Extremadura;10 Cáceres;10193 Torreorgaz;Viviendas totales;1.109
Total Nacional;11 Extremadura;10 Cáceres;10195 Trujillo;Viviendas totales;6.428
Total Nacional;11 Extremadura;10 Cáceres;10198 Valdefuentes;Viviendas totales;995
Total Nacional;11 Extremadura;10 Cáceres;10203 Valencia de Alcántara;Viviendas totales;5.037
Total Nacional;11 Extremadura;10 Cáceres;10205 Valverde del Fresno;Viviendas totales;1.954
Total Nacional;11 Extremadura;10 Cáceres;10212 Villanueva de la Vera;Viviendas totales;2.574
Total Nacional;11 Extremadura;10 Cáceres;10216 Zarza de Granadilla;Viviendas totales;1.386
Total Nacional;11 Extremadura;10 Cáceres;10218 Zarza la Mayor;Viviendas totales;1.276
Total Nacional;11 Extremadura;10 Cáceres;10219 Zorita;Viviendas totales;1.528
Total Nacional;11 Extremadura;10 Cáceres;10901 Rosalejo;Viviendas totales;756
Total Nacional;11 Extremadura;10 Cáceres;10999 Resto de Cáceres;Viviendas totales;80.119
Total Nacional;12 Galicia;15 Coruña, A;;Viviendas totales;686.961
Total Nacional;12 Galicia;15 Coruña, A;15001 Abegondo;Viviendas totales;3.377
Total Nacional;12 Galicia;15 Coruña, A;15002 Ames;Viviendas totales;16.701
Total Nacional;12 Galicia;15 Coruña, A;15003 Aranga;Viviendas totales;1.328
Total Nacional;12 Galicia;15 Coruña, A;15004 Ares;Viviendas totales;5.679
Total Nacional;12 Galicia;15 Coruña, A;15005 Arteixo;Viviendas totales;17.841
Total Nacional;12 Galicia;15 Coruña, A;15006 Arzúa;Viviendas totales;4.520
Total Nacional;12 Galicia;15 Coruña, A;15007 Baña, A;Viviendas totales;2.093
Total Nacional;12 Galicia;15 Coruña, A;15008 Bergondo;Viviendas totales;4.428
Total Nacional;12 Galicia;15 Coruña, A;15009 Betanzos;Viviendas totales;8.863
Total Nacional;12 Galicia;15 Coruña, A;15010 Boimorto;Viviendas totales;1.431
Total Nacional;12 Galicia;15 Coruña, A;15011 Boiro;Viviendas totales;12.275
Total Nacional;12 Galicia;15 Coruña, A;15012 Boqueixón;Viviendas totales;2.042
Total Nacional;12 Galicia;15 Coruña, A;15013 Brión;Viviendas totales;4.070
Total Nacional;12 Galicia;15 Coruña, A;15014 Cabana de Bergantiños;Viviendas totales;2.593
Total Nacional;12 Galicia;15 Coruña, A;15015 Cabanas;Viviendas totales;2.583
Total Nacional;12 Galicia;15 Coruña, A;15016 Camariñas;Viviendas totales;4.299
Total Nacional;12 Galicia;15 Coruña, A;15017 Cambre;Viviendas totales;12.736
Total Nacional;12 Galicia;15 Coruña, A;15018 Capela, A;Viviendas totales;719
Total Nacional;12 Galicia;15 Coruña, A;15019 Carballo;Viviendas totales;19.427
Total Nacional;12 Galicia;15 Coruña, A;15020 Carnota;Viviendas totales;3.901
Total Nacional;12 Galicia;15 Coruña, A;15021 Carral;Viviendas totales;4.101
Total Nacional;12 Galicia;15 Coruña, A;15022 Cedeira;Viviendas totales;6.634
Total Nacional;12 Galicia;15 Coruña, A;15023 Cee;Viviendas totales;5.312
Total Nacional;12 Galicia;15 Coruña, A;15024 Cerceda;Viviendas totales;3.046
Total Nacional;12 Galicia;15 Coruña, A;15025 Cerdido;Viviendas totales;954
Total Nacional;12 Galicia;15 Coruña, A;15027 Coirós;Viviendas totales;1.126
Total Nacional;12 Galicia;15 Coruña, A;15028 Corcubión;Viviendas totales;1.546
Total Nacional;12 Galicia;15 Coruña, A;15029 Coristanco;Viviendas totales;3.361
Total Nacional;12 Galicia;15 Coruña, A;15030 Coruña, A;Viviendas totales;136.205
Total Nacional;12 Galicia;15 Coruña, A;15031 Culleredo;Viviendas totales;15.752
Total Nacional;12 Galicia;15 Coruña, A;15032 Curtis;Viviendas totales;3.045
Total Nacional;12 Galicia;15 Coruña, A;15033 Dodro;Viviendas totales;1.338
Total Nacional;12 Galicia;15 Coruña, A;15034 Dumbría;Viviendas totales;1.536
Total Nacional;12 Galicia;15 Coruña, A;15035 Fene;Viviendas totales;7.547
Total Nacional;12 Galicia;15 Coruña, A;15036 Ferrol;Viviendas totales;42.672
Total Nacional;12 Galicia;15 Coruña, A;15037 Fisterra;Viviendas totales;3.802
Total Nacional;12 Galicia;15 Coruña, A;15038 Frades;Viviendas totales;1.275
Total Nacional;12 Galicia;15 Coruña, A;15039 Irixoa;Viviendas totales;1.027
Total Nacional;12 Galicia;15 Coruña, A;15040 Laxe;Viviendas totales;2.759
Total Nacional;12 Galicia;15 Coruña, A;15041 Laracha, A;Viviendas totales;6.901
Total Nacional;12 Galicia;15 Coruña, A;15042 Lousame;Viviendas totales;1.738
Total Nacional;12 Galicia;15 Coruña, A;15043 Malpica de Bergantiños;Viviendas totales;5.366
Total Nacional;12 Galicia;15 Coruña, A;15044 Mañón;Viviendas totales;1.364
Total Nacional;12 Galicia;15 Coruña, A;15045 Mazaricos;Viviendas totales;2.120
Total Nacional;12 Galicia;15 Coruña, A;15046 Melide;Viviendas totales;6.658
Total Nacional;12 Galicia;15 Coruña, A;15047 Mesía;Viviendas totales;1.565
Total Nacional;12 Galicia;15 Coruña, A;15048 Miño;Viviendas totales;5.944
Total Nacional;12 Galicia;15 Coruña, A;15049 Moeche;Viviendas totales;1.066
Total Nacional;12 Galicia;15 Coruña, A;15050 Monfero;Viviendas totales;1.293
Total Nacional;12 Galicia;15 Coruña, A;15051 Mugardos;Viviendas totales;4.176
Total Nacional;12 Galicia;15 Coruña, A;15052 Muxía;Viviendas totales;3.338
Total Nacional;12 Galicia;15 Coruña, A;15053 Muros;Viviendas totales;6.465
Total Nacional;12 Galicia;15 Coruña, A;15054 Narón;Viviendas totales;21.735
Total Nacional;12 Galicia;15 Coruña, A;15055 Neda;Viviendas totales;3.133
Total Nacional;12 Galicia;15 Coruña, A;15056 Negreira;Viviendas totales;4.494
Total Nacional;12 Galicia;15 Coruña, A;15057 Noia;Viviendas totales;8.620
Total Nacional;12 Galicia;15 Coruña, A;15058 Oleiros;Viviendas totales;19.268
Total Nacional;12 Galicia;15 Coruña, A;15059 Ordes;Viviendas totales;7.261
Total Nacional;12 Galicia;15 Coruña, A;15060 Oroso;Viviendas totales;3.787
Total Nacional;12 Galicia;15 Coruña, A;15061 Ortigueira;Viviendas totales;6.562
Total Nacional;12 Galicia;15 Coruña, A;15062 Outes;Viviendas totales;4.039
Total Nacional;12 Galicia;15 Coruña, A;15064 Paderne;Viviendas totales;1.562
Total Nacional;12 Galicia;15 Coruña, A;15065 Padrón;Viviendas totales;4.961
Total Nacional;12 Galicia;15 Coruña, A;15066 Pino, O;Viviendas totales;2.878
Total Nacional;12 Galicia;15 Coruña, A;15067 Pobra do Caramiñal, A;Viviendas totales;5.719
Total Nacional;12 Galicia;15 Coruña, A;15068 Ponteceso;Viviendas totales;4.399
Total Nacional;12 Galicia;15 Coruña, A;15069 Pontedeume;Viviendas totales;5.123
Total Nacional;12 Galicia;15 Coruña, A;15070 Pontes de García Rodríguez, As;Viviendas totales;6.204
Total Nacional;12 Galicia;15 Coruña, A;15071 Porto do Son;Viviendas totales;7.413
Total Nacional;12 Galicia;15 Coruña, A;15072 Rianxo;Viviendas totales;6.342
Total Nacional;12 Galicia;15 Coruña, A;15073 Ribeira;Viviendas totales;17.097
Total Nacional;12 Galicia;15 Coruña, A;15074 Rois;Viviendas totales;2.413
Total Nacional;12 Galicia;15 Coruña, A;15075 Sada;Viviendas totales;11.150
Total Nacional;12 Galicia;15 Coruña, A;15076 San Sadurniño;Viviendas totales;2.026
Total Nacional;12 Galicia;15 Coruña, A;15077 Santa Comba;Viviendas totales;6.018
Total Nacional;12 Galicia;15 Coruña, A;15078 Santiago de Compostela;Viviendas totales;56.746
Total Nacional;12 Galicia;15 Coruña, A;15079 Santiso;Viviendas totales;1.225
Total Nacional;12 Galicia;15 Coruña, A;15080 Sobrado;Viviendas totales;1.581
Total Nacional;12 Galicia;15 Coruña, A;15081 Somozas, As;Viviendas totales;961
Total Nacional;12 Galicia;15 Coruña, A;15082 Teo;Viviendas totales;9.112
Total Nacional;12 Galicia;15 Coruña, A;15083 Toques;Viviendas totales;800
Total Nacional;12 Galicia;15 Coruña, A;15084 Tordoia;Viviendas totales;1.784
Total Nacional;12 Galicia;15 Coruña, A;15085 Touro;Viviendas totales;2.299
Total Nacional;12 Galicia;15 Coruña, A;15086 Trazo;Viviendas totales;1.602
Total Nacional;12 Galicia;15 Coruña, A;15087 Valdoviño;Viviendas totales;5.385
Total Nacional;12 Galicia;15 Coruña, A;15088 Val do Dubra;Viviendas totales;2.397
Total Nacional;12 Galicia;15 Coruña, A;15089 Vedra;Viviendas totales;2.264
Total Nacional;12 Galicia;15 Coruña, A;15090 Vilasantar;Viviendas totales;1.164
Total Nacional;12 Galicia;15 Coruña, A;15091 Vilarmaior;Viviendas totales;900
Total Nacional;12 Galicia;15 Coruña, A;15092 Vimianzo;Viviendas totales;4.446
Total Nacional;12 Galicia;15 Coruña, A;15093 Zas;Viviendas totales;2.741
Total Nacional;12 Galicia;15 Coruña, A;15901 Cariño;Viviendas totales;3.541
Total Nacional;12 Galicia;15 Coruña, A;15902 Oza-Cesuras;Viviendas totales;3.871
Total Nacional;12 Galicia;27 Lugo;;Viviendas totales;269.067
Total Nacional;12 Galicia;27 Lugo;27001 Abadín;Viviendas totales;2.428
Total Nacional;12 Galicia;27 Lugo;27002 Alfoz;Viviendas totales;1.470
Total Nacional;12 Galicia;27 Lugo;27003 Antas de Ulla;Viviendas totales;2.293
Total Nacional;12 Galicia;27 Lugo;27004 Baleira;Viviendas totales;1.081
Total Nacional;12 Galicia;27 Lugo;27005 Barreiros;Viviendas totales;5.518
Total Nacional;12 Galicia;27 Lugo;27006 Becerreá;Viviendas totales;2.851
Total Nacional;12 Galicia;27 Lugo;27007 Begonte;Viviendas totales;2.333
Total Nacional;12 Galicia;27 Lugo;27008 Bóveda;Viviendas totales;1.329
Total Nacional;12 Galicia;27 Lugo;27009 Carballedo;Viviendas totales;2.364
Total Nacional;12 Galicia;27 Lugo;27010 Castro de Rei;Viviendas totales;3.587
Total Nacional;12 Galicia;27 Lugo;27011 Castroverde;Viviendas totales;2.262
Total Nacional;12 Galicia;27 Lugo;27012 Cervantes;Viviendas totales;1.500
Total Nacional;12 Galicia;27 Lugo;27013 Cervo;Viviendas totales;3.054
Total Nacional;12 Galicia;27 Lugo;27014 Corgo, O;Viviendas totales;2.436
Total Nacional;12 Galicia;27 Lugo;27015 Cospeito;Viviendas totales;4.035
Total Nacional;12 Galicia;27 Lugo;27016 Chantada;Viviendas totales;6.936
Total Nacional;12 Galicia;27 Lugo;27018 Fonsagrada, A;Viviendas totales;3.505
Total Nacional;12 Galicia;27 Lugo;27019 Foz;Viviendas totales;11.007
Total Nacional;12 Galicia;27 Lugo;27020 Friol;Viviendas totales;3.037
Total Nacional;12 Galicia;27 Lugo;27021 Xermade;Viviendas totales;1.675
Total Nacional;12 Galicia;27 Lugo;27022 Guitiriz;Viviendas totales;4.083
Total Nacional;12 Galicia;27 Lugo;27023 Guntín;Viviendas totales;2.112
Total Nacional;12 Galicia;27 Lugo;27024 Incio, O;Viviendas totales;2.235
Total Nacional;12 Galicia;27 Lugo;27025 Xove;Viviendas totales;2.238
Total Nacional;12 Galicia;27 Lugo;27026 Láncara;Viviendas totales;1.730
Total Nacional;12 Galicia;27 Lugo;27027 Lourenzá;Viviendas totales;2.017
Total Nacional;12 Galicia;27 Lugo;27028 Lugo;Viviendas totales;62.648
Total Nacional;12 Galicia;27 Lugo;27029 Meira;Viviendas totales;1.286
Total Nacional;12 Galicia;27 Lugo;27030 Mondoñedo;Viviendas totales;4.064
Total Nacional;12 Galicia;27 Lugo;27031 Monforte de Lemos;Viviendas totales;14.796
Total Nacional;12 Galicia;27 Lugo;27032 Monterroso;Viviendas totales;3.861
Total Nacional;12 Galicia;27 Lugo;27034 Navia de Suarna;Viviendas totales;1.365
Total Nacional;12 Galicia;27 Lugo;27037 Nogais, As;Viviendas totales;873
Total Nacional;12 Galicia;27 Lugo;27039 Outeiro de Rei;Viviendas totales;3.228
Total Nacional;12 Galicia;27 Lugo;27040 Palas de Rei;Viviendas totales;4.069
Total Nacional;12 Galicia;27 Lugo;27041 Pantón;Viviendas totales;2.871
Total Nacional;12 Galicia;27 Lugo;27042 Paradela;Viviendas totales;1.215
Total Nacional;12 Galicia;27 Lugo;27043 Páramo, O;Viviendas totales;868
Total Nacional;12 Galicia;27 Lugo;27044 Pastoriza, A;Viviendas totales;2.211
Total Nacional;12 Galicia;27 Lugo;27046 Pol;Viviendas totales;1.596
Total Nacional;12 Galicia;27 Lugo;27047 Pobra do Brollón, A;Viviendas totales;1.973
Total Nacional;12 Galicia;27 Lugo;27048 Pontenova, A;Viviendas totales;2.128
Total Nacional;12 Galicia;27 Lugo;27049 Portomarín;Viviendas totales;1.193
Total Nacional;12 Galicia;27 Lugo;27050 Quiroga;Viviendas totales;5.053
Total Nacional;12 Galicia;27 Lugo;27051 Ribadeo;Viviendas totales;7.986
Total Nacional;12 Galicia;27 Lugo;27054 Riotorto;Viviendas totales;1.107
Total Nacional;12 Galicia;27 Lugo;27055 Samos;Viviendas totales;1.372
Total Nacional;12 Galicia;27 Lugo;27056 Rábade;Viviendas totales;1.165
Total Nacional;12 Galicia;27 Lugo;27057 Sarria;Viviendas totales;10.084
Total Nacional;12 Galicia;27 Lugo;27058 Saviñao, O;Viviendas totales;3.659
Total Nacional;12 Galicia;27 Lugo;27059 Sober;Viviendas totales;3.397
Total Nacional;12 Galicia;27 Lugo;27060 Taboada;Viviendas totales;2.782
Total Nacional;12 Galicia;27 Lugo;27061 Trabada;Viviendas totales;961
Total Nacional;12 Galicia;27 Lugo;27063 Valadouro, O;Viviendas totales;1.724
Total Nacional;12 Galicia;27 Lugo;27064 Vicedo, O;Viviendas totales;1.959
Total Nacional;12 Galicia;27 Lugo;27065 Vilalba;Viviendas totales;10.566
Total Nacional;12 Galicia;27 Lugo;27066 Viveiro;Viviendas totales;12.466
Total Nacional;12 Galicia;27 Lugo;27901 Baralla;Viviendas totales;1.873
Total Nacional;12 Galicia;27 Lugo;27902 Burela;Viviendas totales;5.995
Total Nacional;12 Galicia;27 Lugo;27999 Resto de Lugo;Viviendas totales;7.557
Total Nacional;12 Galicia;32 Ourense;;Viviendas totales;272.883
Total Nacional;12 Galicia;32 Ourense;32001 Allariz;Viviendas totales;7.448
Total Nacional;12 Galicia;32 Ourense;32002 Amoeiro;Viviendas totales;2.635
Total Nacional;12 Galicia;32 Ourense;32004 Avión;Viviendas totales;2.032
Total Nacional;12 Galicia;32 Ourense;32006 Bande;Viviendas totales;2.093
Total Nacional;12 Galicia;32 Ourense;32007 Baños de Molgas;Viviendas totales;2.590
Total Nacional;12 Galicia;32 Ourense;32008 Barbadás;Viviendas totales;6.493
Total Nacional;12 Galicia;32 Ourense;32009 Barco de Valdeorras, O;Viviendas totales;9.404
Total Nacional;12 Galicia;32 Ourense;32013 Boborás;Viviendas totales;2.244
Total Nacional;12 Galicia;32 Ourense;32014 Bola, A;Viviendas totales;1.451
Total Nacional;12 Galicia;32 Ourense;32017 Carballeda de Valdeorras;Viviendas totales;1.802
Total Nacional;12 Galicia;32 Ourense;32018 Carballeda de Avia;Viviendas totales;1.250
Total Nacional;12 Galicia;32 Ourense;32019 Carballiño, O;Viviendas totales;11.100
Total Nacional;12 Galicia;32 Ourense;32020 Cartelle;Viviendas totales;2.799
Total Nacional;12 Galicia;32 Ourense;32022 Castrelo de Miño;Viviendas totales;1.501
Total Nacional;12 Galicia;32 Ourense;32023 Castro Caldelas;Viviendas totales;1.738
Total Nacional;12 Galicia;32 Ourense;32024 Celanova;Viviendas totales;4.830
Total Nacional;12 Galicia;32 Ourense;32025 Cenlle;Viviendas totales;1.751
Total Nacional;12 Galicia;32 Ourense;32026 Coles;Viviendas totales;2.563
Total Nacional;12 Galicia;32 Ourense;32027 Cortegada;Viviendas totales;1.299
Total Nacional;12 Galicia;32 Ourense;32028 Cualedro;Viviendas totales;2.299
Total Nacional;12 Galicia;32 Ourense;32030 Entrimo;Viviendas totales;1.387
Total Nacional;12 Galicia;32 Ourense;32031 Esgos;Viviendas totales;1.223
Total Nacional;12 Galicia;32 Ourense;32032 Xinzo de Limia;Viviendas totales;9.696
Total Nacional;12 Galicia;32 Ourense;32034 Gudiña, A;Viviendas totales;1.595
Total Nacional;12 Galicia;32 Ourense;32035 Irixo, O;Viviendas totales;1.780
Total Nacional;12 Galicia;32 Ourense;32036 Xunqueira de Ambía;Viviendas totales;1.900
Total Nacional;12 Galicia;32 Ourense;32039 Laza;Viviendas totales;2.795
Total Nacional;12 Galicia;32 Ourense;32040 Leiro;Viviendas totales;2.199
Total Nacional;12 Galicia;32 Ourense;32042 Lobios;Viviendas totales;2.000
Total Nacional;12 Galicia;32 Ourense;32043 Maceda;Viviendas totales;3.963
Total Nacional;12 Galicia;32 Ourense;32045 Maside;Viviendas totales;2.198
Total Nacional;12 Galicia;32 Ourense;32046 Melón;Viviendas totales;1.950
Total Nacional;12 Galicia;32 Ourense;32047 Merca, A;Viviendas totales;2.271
Total Nacional;12 Galicia;32 Ourense;32048 Mezquita, A;Viviendas totales;1.031
Total Nacional;12 Galicia;32 Ourense;32050 Monterrei;Viviendas totales;2.752
Total Nacional;12 Galicia;32 Ourense;32051 Muíños;Viviendas totales;1.759
Total Nacional;12 Galicia;32 Ourense;32052 Nogueira de Ramuín;Viviendas totales;2.904
Total Nacional;12 Galicia;32 Ourense;32053 Oímbra;Viviendas totales;1.530
Total Nacional;12 Galicia;32 Ourense;32054 Ourense;Viviendas totales;67.492
Total Nacional;12 Galicia;32 Ourense;32055 Paderne de Allariz;Viviendas totales;1.588
Total Nacional;12 Galicia;32 Ourense;32056 Padrenda;Viviendas totales;1.729
Total Nacional;12 Galicia;32 Ourense;32058 Pereiro de Aguiar, O;Viviendas totales;4.368
Total Nacional;12 Galicia;32 Ourense;32059 Peroxa, A;Viviendas totales;1.744
Total Nacional;12 Galicia;32 Ourense;32061 Piñor;Viviendas totales;1.041
Total Nacional;12 Galicia;32 Ourense;32063 Pobra de Trives, A;Viviendas totales;2.625
Total Nacional;12 Galicia;32 Ourense;32067 Rairiz de Veiga;Viviendas totales;1.473
Total Nacional;12 Galicia;32 Ourense;32068 Ramirás;Viviendas totales;1.613
Total Nacional;12 Galicia;32 Ourense;32069 Ribadavia;Viviendas totales;4.071
Total Nacional;12 Galicia;32 Ourense;32071 Riós;Viviendas totales;1.694
Total Nacional;12 Galicia;32 Ourense;32072 Rúa, A;Viviendas totales;3.491
Total Nacional;12 Galicia;32 Ourense;32073 Rubiá;Viviendas totales;1.738
Total Nacional;12 Galicia;32 Ourense;32074 San Amaro;Viviendas totales;1.017
Total Nacional;12 Galicia;32 Ourense;32075 San Cibrao das Viñas;Viviendas totales;3.815
Total Nacional;12 Galicia;32 Ourense;32076 San Cristovo de Cea;Viviendas totales;1.989
Total Nacional;12 Galicia;32 Ourense;32077 Sandiás;Viviendas totales;1.908
Total Nacional;12 Galicia;32 Ourense;32078 Sarreaus;Viviendas totales;1.448
Total Nacional;12 Galicia;32 Ourense;32079 Taboadela;Viviendas totales;1.324
Total Nacional;12 Galicia;32 Ourense;32081 Toén;Viviendas totales;2.036
Total Nacional;12 Galicia;32 Ourense;32082 Trasmiras;Viviendas totales;1.492
Total Nacional;12 Galicia;32 Ourense;32085 Verín;Viviendas totales;10.628
Total Nacional;12 Galicia;32 Ourense;32086 Viana do Bolo;Viviendas totales;3.163
Total Nacional;12 Galicia;32 Ourense;32087 Vilamarín;Viviendas totales;1.525
Total Nacional;12 Galicia;32 Ourense;32088 Vilamartín de Valdeorras;Viviendas totales;1.696
Total Nacional;12 Galicia;32 Ourense;32089 Vilar de Barrio;Viviendas totales;1.629
Total Nacional;12 Galicia;32 Ourense;32091 Vilardevós;Viviendas totales;2.325
Total Nacional;12 Galicia;32 Ourense;32999 Resto de Ourense;Viviendas totales;27.966
Total Nacional;12 Galicia;36 Pontevedra;;Viviendas totales;528.828
Total Nacional;12 Galicia;36 Pontevedra;36001 Arbo;Viviendas totales;2.421
Total Nacional;12 Galicia;36 Pontevedra;36002 Barro;Viviendas totales;1.686
Total Nacional;12 Galicia;36 Pontevedra;36003 Baiona;Viviendas totales;8.879
Total Nacional;12 Galicia;36 Pontevedra;36004 Bueu;Viviendas totales;9.203
Total Nacional;12 Galicia;36 Pontevedra;36005 Caldas de Reis;Viviendas totales;5.038
Total Nacional;12 Galicia;36 Pontevedra;36006 Cambados;Viviendas totales;7.300
Total Nacional;12 Galicia;36 Pontevedra;36007 Campo Lameiro;Viviendas totales;1.009
Total Nacional;12 Galicia;36 Pontevedra;36008 Cangas;Viviendas totales;15.731
Total Nacional;12 Galicia;36 Pontevedra;36009 Cañiza, A;Viviendas totales;4.463
Total Nacional;12 Galicia;36 Pontevedra;36010 Catoira;Viviendas totales;1.651
Total Nacional;12 Galicia;36 Pontevedra;36013 Covelo;Viviendas totales;2.601
Total Nacional;12 Galicia;36 Pontevedra;36014 Crecente;Viviendas totales;2.177
Total Nacional;12 Galicia;36 Pontevedra;36015 Cuntis;Viviendas totales;2.697
Total Nacional;12 Galicia;36 Pontevedra;36016 Dozón;Viviendas totales;709
Total Nacional;12 Galicia;36 Pontevedra;36017 Estrada, A;Viviendas totales;12.476
Total Nacional;12 Galicia;36 Pontevedra;36018 Forcarei;Viviendas totales;3.125
Total Nacional;12 Galicia;36 Pontevedra;36019 Fornelos de Montes;Viviendas totales;1.049
Total Nacional;12 Galicia;36 Pontevedra;36020 Agolada;Viviendas totales;2.178
Total Nacional;12 Galicia;36 Pontevedra;36021 Gondomar;Viviendas totales;6.876
Total Nacional;12 Galicia;36 Pontevedra;36022 Grove, O;Viviendas totales;8.865
Total Nacional;12 Galicia;36 Pontevedra;36023 Guarda, A;Viviendas totales;7.024
Total Nacional;12 Galicia;36 Pontevedra;36024 Lalín;Viviendas totales;13.007
Total Nacional;12 Galicia;36 Pontevedra;36025 Lama, A;Viviendas totales;1.889
Total Nacional;12 Galicia;36 Pontevedra;36026 Marín;Viviendas totales;12.577
Total Nacional;12 Galicia;36 Pontevedra;36027 Meaño;Viviendas totales;2.264
Total Nacional;12 Galicia;36 Pontevedra;36028 Meis;Viviendas totales;2.156
Total Nacional;12 Galicia;36 Pontevedra;36029 Moaña;Viviendas totales;9.623
Total Nacional;12 Galicia;36 Pontevedra;36030 Mondariz;Viviendas totales;3.145
Total Nacional;12 Galicia;36 Pontevedra;36031 Mondariz-Balneario;Viviendas totales;671
Total Nacional;12 Galicia;36 Pontevedra;36032 Moraña;Viviendas totales;2.253
Total Nacional;12 Galicia;36 Pontevedra;36033 Mos;Viviendas totales;9.312
Total Nacional;12 Galicia;36 Pontevedra;36034 Neves, As;Viviendas totales;3.083
Total Nacional;12 Galicia;36 Pontevedra;36035 Nigrán;Viviendas totales;11.076
Total Nacional;12 Galicia;36 Pontevedra;36036 Oia;Viviendas totales;1.891
Total Nacional;12 Galicia;36 Pontevedra;36037 Pazos de Borbén;Viviendas totales;1.539
Total Nacional;12 Galicia;36 Pontevedra;36038 Pontevedra;Viviendas totales;42.646
Total Nacional;12 Galicia;36 Pontevedra;36039 Porriño, O;Viviendas totales;12.059
Total Nacional;12 Galicia;36 Pontevedra;36040 Portas;Viviendas totales;1.412
Total Nacional;12 Galicia;36 Pontevedra;36041 Poio;Viviendas totales;9.399
Total Nacional;12 Galicia;36 Pontevedra;36042 Ponteareas;Viviendas totales;13.000
Total Nacional;12 Galicia;36 Pontevedra;36043 Ponte Caldelas;Viviendas totales;3.155
Total Nacional;12 Galicia;36 Pontevedra;36044 Pontecesures;Viviendas totales;1.866
Total Nacional;12 Galicia;36 Pontevedra;36045 Redondela;Viviendas totales;14.215
Total Nacional;12 Galicia;36 Pontevedra;36046 Ribadumia;Viviendas totales;2.300
Total Nacional;12 Galicia;36 Pontevedra;36047 Rodeiro;Viviendas totales;1.897
Total Nacional;12 Galicia;36 Pontevedra;36048 Rosal, O;Viviendas totales;3.678
Total Nacional;12 Galicia;36 Pontevedra;36049 Salceda de Caselas;Viviendas totales;6.414
Total Nacional;12 Galicia;36 Pontevedra;36050 Salvaterra de Miño;Viviendas totales;6.361
Total Nacional;12 Galicia;36 Pontevedra;36051 Sanxenxo;Viviendas totales;17.787
Total Nacional;12 Galicia;36 Pontevedra;36052 Silleda;Viviendas totales;5.920
Total Nacional;12 Galicia;36 Pontevedra;36053 Soutomaior;Viviendas totales;3.916
Total Nacional;12 Galicia;36 Pontevedra;36054 Tomiño;Viviendas totales;6.621
Total Nacional;12 Galicia;36 Pontevedra;36055 Tui;Viviendas totales;8.072
Total Nacional;12 Galicia;36 Pontevedra;36056 Valga;Viviendas totales;2.391
Total Nacional;12 Galicia;36 Pontevedra;36057 Vigo;Viviendas totales;144.293
Total Nacional;12 Galicia;36 Pontevedra;36058 Vilaboa;Viviendas totales;2.511
Total Nacional;12 Galicia;36 Pontevedra;36059 Vila de Cruces;Viviendas totales;3.686
Total Nacional;12 Galicia;36 Pontevedra;36060 Vilagarcía de Arousa;Viviendas totales;21.149
Total Nacional;12 Galicia;36 Pontevedra;36061 Vilanova de Arousa;Viviendas totales;5.599
Total Nacional;12 Galicia;36 Pontevedra;36901 Illa de Arousa, A;Viviendas totales;2.762
Total Nacional;12 Galicia;36 Pontevedra;36902 Cerdedo-Cotobade;Viviendas totales;4.075
Total Nacional;13 Madrid, Comunidad de;28 Madrid;;Viviendas totales;2.956.941
Total Nacional;13 Madrid, Comunidad de;28 Madrid;28002 Ajalvir;Viviendas totales;1.867
Total Nacional;13 Madrid, Comunidad de;28 Madrid;28004 Álamo, El;Viviendas totales;4.204
Total Nacional;13 Madrid, Comunidad de;28 Madrid;28005 Alcalá de Henares;Viviendas totales;79.588
Total Nacional;13 Madrid, Comunidad de;28 Madrid;28006 Alcobendas;Viviendas totales;42.744
Total Nacional;13 Madrid, Comunidad de;28 Madrid;28007 Alcorcón;Viviendas totales;70.601
Total Nacional;13 Madrid, Comunidad de;28 Madrid;28008 Aldea del Fresno;Viviendas totales;2.155
Total Nacional;13 Madrid, Comunidad de;28 Madrid;28009 Algete;Viviendas totales;7.638
Total Nacional;13 Madrid, Comunidad de;28 Madrid;28010 Alpedrete;Viviendas totales;7.101
Total Nacional;13 Madrid, Comunidad de;28 Madrid;28012 Anchuelo;Viviendas totales;659
Total Nacional;13 Madrid, Comunidad de;28 Madrid;28013 Aranjuez;Viviendas totales;25.682
Total Nacional;13 Madrid, Comunidad de;28 Madrid;28014 Arganda del Rey;Viviendas totales;21.573
Total Nacional;13 Madrid, Comunidad de;28 Madrid;28015 Arroyomolinos;Viviendas totales;11.647
Total Nacional;13 Madrid, Comunidad de;28 Madrid;28017 Batres;Viviendas totales;910
Total Nacional;13 Madrid, Comunidad de;28 Madrid;28018 Becerril de la Sierra;Viviendas totales;3.997
Total Nacional;13 Madrid, Comunidad de;28 Madrid;28019 Belmonte de Tajo;Viviendas totales;1.047
Total Nacional;13 Madrid, Comunidad de;28 Madrid;28022 Boadilla del Monte;Viviendas totales;19.874
Total Nacional;13 Madrid, Comunidad de;28 Madrid;28023 Boalo, El;Viviendas totales;4.544
Total Nacional;13 Madrid, Comunidad de;28 Madrid;28026 Brunete;Viviendas totales;4.199
Total Nacional;13 Madrid, Comunidad de;28 Madrid;28027 Buitrago del Lozoya;Viviendas totales;1.108
Total Nacional;13 Madrid, Comunidad de;28 Madrid;28028 Bustarviejo;Viviendas totales;2.349
Total Nacional;13 Madrid, Comunidad de;28 Madrid;28030 Cabrera, La;Viviendas totales;1.746
Total Nacional;13 Madrid, Comunidad de;28 Madrid;28031 Cadalso de los Vidrios;Viviendas totales;2.974
Total Nacional;13 Madrid, Comunidad de;28 Madrid;28032 Camarma de Esteruelas;Viviendas totales;3.045
Total Nacional;13 Madrid, Comunidad de;28 Madrid;28033 Campo Real;Viviendas totales;3.011
Total Nacional;13 Madrid, Comunidad de;28 Madrid;28035 Carabaña;Viviendas totales;1.711
Total Nacional;13 Madrid, Comunidad de;28 Madrid;28036 Casarrubuelos;Viviendas totales;1.451
Total Nacional;13 Madrid, Comunidad de;28 Madrid;28037 Cenicientos;Viviendas totales;2.038
Total Nacional;13 Madrid, Comunidad de;28 Madrid;28038 Cercedilla;Viviendas totales;5.105
Total Nacional;13 Madrid, Comunidad de;28 Madrid;28040 Ciempozuelos;Viviendas totales;9.605
Total Nacional;13 Madrid, Comunidad de;28 Madrid;28041 Cobeña;Viviendas totales;2.643
Total Nacional;13 Madrid, Comunidad de;28 Madrid;28042 Colmenar del Arroyo;Viviendas totales;1.121
Total Nacional;13 Madrid, Comunidad de;28 Madrid;28043 Colmenar de Oreja;Viviendas totales;4.975
Total Nacional;13 Madrid, Comunidad de;28 Madrid;28044 Colmenarejo;Viviendas totales;3.817
Total Nacional;13 Madrid, Comunidad de;28 Madrid;28045 Colmenar Viejo;Viviendas totales;20.461
Total Nacional;13 Madrid, Comunidad de;28 Madrid;28046 Collado Mediano;Viviendas totales;4.102
Total Nacional;13 Madrid, Comunidad de;28 Madrid;28047 Collado Villalba;Viviendas totales;27.922
Total Nacional;13 Madrid, Comunidad de;28 Madrid;28049 Coslada;Viviendas totales;31.337
Total Nacional;13 Madrid, Comunidad de;28 Madrid;28050 Cubas de la Sagra;Viviendas totales;2.318
Total Nacional;13 Madrid, Comunidad de;28 Madrid;28051 Chapinería;Viviendas totales;1.313
Total Nacional;13 Madrid, Comunidad de;28 Madrid;28052 Chinchón;Viviendas totales;3.941
Total Nacional;13 Madrid, Comunidad de;28 Madrid;28053 Daganzo de Arriba;Viviendas totales;3.757
Total Nacional;13 Madrid, Comunidad de;28 Madrid;28054 Escorial, El;Viviendas totales;9.294
Total Nacional;13 Madrid, Comunidad de;28 Madrid;28055 Estremera;Viviendas totales;1.196
Total Nacional;13 Madrid, Comunidad de;28 Madrid;28056 Fresnedillas de la Oliva;Viviendas totales;938
Total Nacional;13 Madrid, Comunidad de;28 Madrid;28057 Fresno de Torote;Viviendas totales;1.216
Total Nacional;13 Madrid, Comunidad de;28 Madrid;28058 Fuenlabrada;Viviendas totales;70.944
Total Nacional;13 Madrid, Comunidad de;28 Madrid;28059 Fuente el Saz de Jarama;Viviendas totales;2.968
Total Nacional;13 Madrid, Comunidad de;28 Madrid;28060 Fuentidueña de Tajo;Viviendas totales;1.581
Total Nacional;13 Madrid, Comunidad de;28 Madrid;28061 Galapagar;Viviendas totales;15.295
Total Nacional;13 Madrid, Comunidad de;28 Madrid;28065 Getafe;Viviendas totales;79.835
Total Nacional;13 Madrid, Comunidad de;28 Madrid;28066 Griñón;Viviendas totales;3.900
Total Nacional;13 Madrid, Comunidad de;28 Madrid;28067 Guadalix de la Sierra;Viviendas totales;3.568
Total Nacional;13 Madrid, Comunidad de;28 Madrid;28068 Guadarrama;Viviendas totales;9.883
Total Nacional;13 Madrid, Comunidad de;28 Madrid;28072 Hoyo de Manzanares;Viviendas totales;4.354
Total Nacional;13 Madrid, Comunidad de;28 Madrid;28073 Humanes de Madrid;Viviendas totales;7.317
Total Nacional;13 Madrid, Comunidad de;28 Madrid;28074 Leganés;Viviendas totales;77.962
Total Nacional;13 Madrid, Comunidad de;28 Madrid;28075 Loeches;Viviendas totales;3.721
Total Nacional;13 Madrid, Comunidad de;28 Madrid;28079 Madrid;Viviendas totales;1.533.221
Total Nacional;13 Madrid, Comunidad de;28 Madrid;28080 Majadahonda;Viviendas totales;25.577
Total Nacional;13 Madrid, Comunidad de;28 Madrid;28082 Manzanares el Real;Viviendas totales;5.532
Total Nacional;13 Madrid, Comunidad de;28 Madrid;28083 Meco;Viviendas totales;5.431
Total Nacional;13 Madrid, Comunidad de;28 Madrid;28084 Mejorada del Campo;Viviendas totales;9.163
Total Nacional;13 Madrid, Comunidad de;28 Madrid;28085 Miraflores de la Sierra;Viviendas totales;4.865
Total Nacional;13 Madrid, Comunidad de;28 Madrid;28086 Molar, El;Viviendas totales;4.405
Total Nacional;13 Madrid, Comunidad de;28 Madrid;28087 Molinos, Los;Viviendas totales;2.837
Total Nacional;13 Madrid, Comunidad de;28 Madrid;28089 Moraleja de Enmedio;Viviendas totales;1.989
Total Nacional;13 Madrid, Comunidad de;28 Madrid;28090 Moralzarzal;Viviendas totales;6.085
Total Nacional;13 Madrid, Comunidad de;28 Madrid;28091 Morata de Tajuña;Viviendas totales;3.678
Total Nacional;13 Madrid, Comunidad de;28 Madrid;28092 Móstoles;Viviendas totales;82.103
Total Nacional;13 Madrid, Comunidad de;28 Madrid;28093 Navacerrada;Viviendas totales;2.454
Total Nacional;13 Madrid, Comunidad de;28 Madrid;28094 Navalafuente;Viviendas totales;1.175
Total Nacional;13 Madrid, Comunidad de;28 Madrid;28095 Navalagamella;Viviendas totales;1.490
Total Nacional;13 Madrid, Comunidad de;28 Madrid;28096 Navalcarnero;Viviendas totales;12.156
Total Nacional;13 Madrid, Comunidad de;28 Madrid;28099 Navas del Rey;Viviendas totales;1.715
Total Nacional;13 Madrid, Comunidad de;28 Madrid;28100 Nuevo Baztán;Viviendas totales;3.503
Total Nacional;13 Madrid, Comunidad de;28 Madrid;28102 Orusco de Tajuña;Viviendas totales;1.030
Total Nacional;13 Madrid, Comunidad de;28 Madrid;28104 Paracuellos de Jarama;Viviendas totales;9.607
Total Nacional;13 Madrid, Comunidad de;28 Madrid;28106 Parla;Viviendas totales;47.256
Total Nacional;13 Madrid, Comunidad de;28 Madrid;28108 Pedrezuela;Viviendas totales;3.225
Total Nacional;13 Madrid, Comunidad de;28 Madrid;28109 Pelayos de la Presa;Viviendas totales;2.586
Total Nacional;13 Madrid, Comunidad de;28 Madrid;28110 Perales de Tajuña;Viviendas totales;1.770
Total Nacional;13 Madrid, Comunidad de;28 Madrid;28113 Pinto;Viviendas totales;21.507
Total Nacional;13 Madrid, Comunidad de;28 Madrid;28115 Pozuelo de Alarcón;Viviendas totales;32.327
Total Nacional;13 Madrid, Comunidad de;28 Madrid;28116 Pozuelo del Rey;Viviendas totales;642
Total Nacional;13 Madrid, Comunidad de;28 Madrid;28119 Quijorna;Viviendas totales;1.594
Total Nacional;13 Madrid, Comunidad de;28 Madrid;28120 Rascafría;Viviendas totales;1.720
Total Nacional;13 Madrid, Comunidad de;28 Madrid;28123 Rivas-Vaciamadrid;Viviendas totales;35.980
Total Nacional;13 Madrid, Comunidad de;28 Madrid;28125 Robledo de Chavela;Viviendas totales;3.478
Total Nacional;13 Madrid, Comunidad de;28 Madrid;28127 Rozas de Madrid, Las;Viviendas totales;35.404
Total Nacional;13 Madrid, Comunidad de;28 Madrid;28129 San Agustín del Guadalix;Viviendas totales;5.071
Total Nacional;13 Madrid, Comunidad de;28 Madrid;28130 San Fernando de Henares;Viviendas totales;15.621
Total Nacional;13 Madrid, Comunidad de;28 Madrid;28131 San Lorenzo de El Escorial;Viviendas totales;9.925
Total Nacional;13 Madrid, Comunidad de;28 Madrid;28132 San Martín de la Vega;Viviendas totales;7.629
Total Nacional;13 Madrid, Comunidad de;28 Madrid;28133 San Martín de Valdeiglesias;Viviendas totales;5.817
Total Nacional;13 Madrid, Comunidad de;28 Madrid;28134 San Sebastián de los Reyes;Viviendas totales;36.032
Total Nacional;13 Madrid, Comunidad de;28 Madrid;28135 Santa María de la Alameda;Viviendas totales;1.946
Total Nacional;13 Madrid, Comunidad de;28 Madrid;28137 Santos de la Humosa, Los;Viviendas totales;1.263
Total Nacional;13 Madrid, Comunidad de;28 Madrid;28140 Serranillos del Valle;Viviendas totales;1.707
Total Nacional;13 Madrid, Comunidad de;28 Madrid;28141 Sevilla la Nueva;Viviendas totales;3.780
Total Nacional;13 Madrid, Comunidad de;28 Madrid;28144 Soto del Real;Viviendas totales;4.732
Total Nacional;13 Madrid, Comunidad de;28 Madrid;28145 Talamanca de Jarama;Viviendas totales;2.047
Total Nacional;13 Madrid, Comunidad de;28 Madrid;28146 Tielmes;Viviendas totales;1.502
Total Nacional;13 Madrid, Comunidad de;28 Madrid;28147 Titulcia;Viviendas totales;693
Total Nacional;13 Madrid, Comunidad de;28 Madrid;28148 Torrejón de Ardoz;Viviendas totales;50.494
Total Nacional;13 Madrid, Comunidad de;28 Madrid;28149 Torrejón de la Calzada;Viviendas totales;3.352
Total Nacional;13 Madrid, Comunidad de;28 Madrid;28150 Torrejón de Velasco;Viviendas totales;1.923
Total Nacional;13 Madrid, Comunidad de;28 Madrid;28151 Torrelaguna;Viviendas totales;2.778
Total Nacional;13 Madrid, Comunidad de;28 Madrid;28152 Torrelodones;Viviendas totales;8.857
Total Nacional;13 Madrid, Comunidad de;28 Madrid;28153 Torremocha de Jarama;Viviendas totales;639
Total Nacional;13 Madrid, Comunidad de;28 Madrid;28154 Torres de la Alameda;Viviendas totales;2.948
Total Nacional;13 Madrid, Comunidad de;28 Madrid;28156 Valdeavero;Viviendas totales;948
Total Nacional;13 Madrid, Comunidad de;28 Madrid;28157 Valdelaguna;Viviendas totales;781
Total Nacional;13 Madrid, Comunidad de;28 Madrid;28158 Valdemanco;Viviendas totales;816
Total Nacional;13 Madrid, Comunidad de;28 Madrid;28160 Valdemorillo;Viviendas totales;7.154
Total Nacional;13 Madrid, Comunidad de;28 Madrid;28161 Valdemoro;Viviendas totales;28.896
Total Nacional;13 Madrid, Comunidad de;28 Madrid;28162 Valdeolmos-Alalpardo;Viviendas totales;1.811
Total Nacional;13 Madrid, Comunidad de;28 Madrid;28164 Valdetorres de Jarama;Viviendas totales;2.289
Total Nacional;13 Madrid, Comunidad de;28 Madrid;28165 Valdilecha;Viviendas totales;1.592
Total Nacional;13 Madrid, Comunidad de;28 Madrid;28167 Velilla de San Antonio;Viviendas totales;4.569
Total Nacional;13 Madrid, Comunidad de;28 Madrid;28168 Vellón, El;Viviendas totales;1.463
Total Nacional;13 Madrid, Comunidad de;28 Madrid;28169 Venturada;Viviendas totales;1.397
Total Nacional;13 Madrid, Comunidad de;28 Madrid;28170 Villaconejos;Viviendas totales;1.686
Total Nacional;13 Madrid, Comunidad de;28 Madrid;28171 Villa del Prado;Viviendas totales;4.379
Total Nacional;13 Madrid, Comunidad de;28 Madrid;28172 Villalbilla;Viviendas totales;6.364
Total Nacional;13 Madrid, Comunidad de;28 Madrid;28174 Villamanta;Viviendas totales;1.305
Total Nacional;13 Madrid, Comunidad de;28 Madrid;28175 Villamantilla;Viviendas totales;766
Total Nacional;13 Madrid, Comunidad de;28 Madrid;28176 Villanueva de la Cañada;Viviendas totales;8.559
Total Nacional;13 Madrid, Comunidad de;28 Madrid;28177 Villanueva del Pardillo;Viviendas totales;5.886
Total Nacional;13 Madrid, Comunidad de;28 Madrid;28178 Villanueva de Perales;Viviendas totales;783
Total Nacional;13 Madrid, Comunidad de;28 Madrid;28179 Villar del Olmo;Viviendas totales;1.230
Total Nacional;13 Madrid, Comunidad de;28 Madrid;28180 Villarejo de Salvanés;Viviendas totales;3.794
Total Nacional;13 Madrid, Comunidad de;28 Madrid;28181 Villaviciosa de Odón;Viviendas totales;11.252
Total Nacional;13 Madrid, Comunidad de;28 Madrid;28183 Zarzalejo;Viviendas totales;1.221
Total Nacional;13 Madrid, Comunidad de;28 Madrid;28901 Lozoyuela-Navas-Sieteiglesias;Viviendas totales;1.339
Total Nacional;13 Madrid, Comunidad de;28 Madrid;28903 Tres Cantos;Viviendas totales;18.542
Total Nacional;13 Madrid, Comunidad de;28 Madrid;28999 Resto de Madrid;Viviendas totales;18.006
Total Nacional;14 Murcia, Región de;30 Murcia;;Viviendas totales;844.100
Total Nacional;14 Murcia, Región de;30 Murcia;30001 Abanilla;Viviendas totales;5.007
Total Nacional;14 Murcia, Región de;30 Murcia;30002 Abarán;Viviendas totales;7.089
Total Nacional;14 Murcia, Región de;30 Murcia;30003 Águilas;Viviendas totales;26.137
Total Nacional;14 Murcia, Región de;30 Murcia;30004 Albudeite;Viviendas totales;800
Total Nacional;14 Murcia, Región de;30 Murcia;30005 Alcantarilla;Viviendas totales;18.107
Total Nacional;14 Murcia, Región de;30 Murcia;30006 Aledo;Viviendas totales;965
Total Nacional;14 Murcia, Región de;30 Murcia;30007 Alguazas;Viviendas totales;4.492
Total Nacional;14 Murcia, Región de;30 Murcia;30008 Alhama de Murcia;Viviendas totales;14.939
Total Nacional;14 Murcia, Región de;30 Murcia;30009 Archena;Viviendas totales;9.144
Total Nacional;14 Murcia, Región de;30 Murcia;30010 Beniel;Viviendas totales;4.426
Total Nacional;14 Murcia, Región de;30 Murcia;30011 Blanca;Viviendas totales;3.866
Total Nacional;14 Murcia, Región de;30 Murcia;30012 Bullas;Viviendas totales;7.011
Total Nacional;14 Murcia, Región de;30 Murcia;30013 Calasparra;Viviendas totales;6.095
Total Nacional;14 Murcia, Región de;30 Murcia;30014 Campos del Río;Viviendas totales;1.250
Total Nacional;14 Murcia, Región de;30 Murcia;30015 Caravaca de la Cruz;Viviendas totales;14.630
Total Nacional;14 Murcia, Región de;30 Murcia;30016 Cartagena;Viviendas totales;125.253
Total Nacional;14 Murcia, Región de;30 Murcia;30017 Cehegín;Viviendas totales;9.156
Total Nacional;14 Murcia, Región de;30 Murcia;30018 Ceutí;Viviendas totales;5.491
Total Nacional;14 Murcia, Región de;30 Murcia;30019 Cieza;Viviendas totales;16.704
Total Nacional;14 Murcia, Región de;30 Murcia;30020 Fortuna;Viviendas totales;6.230
Total Nacional;14 Murcia, Región de;30 Murcia;30021 Fuente Álamo de Murcia;Viviendas totales;10.054
Total Nacional;14 Murcia, Región de;30 Murcia;30022 Jumilla;Viviendas totales;13.679
Total Nacional;14 Murcia, Región de;30 Murcia;30023 Librilla;Viviendas totales;3.712
Total Nacional;14 Murcia, Región de;30 Murcia;30024 Lorca;Viviendas totales;42.431
Total Nacional;14 Murcia, Región de;30 Murcia;30025 Lorquí;Viviendas totales;3.642
Total Nacional;14 Murcia, Región de;30 Murcia;30026 Mazarrón;Viviendas totales;31.537
Total Nacional;14 Murcia, Región de;30 Murcia;30027 Molina de Segura;Viviendas totales;32.908
Total Nacional;14 Murcia, Región de;30 Murcia;30028 Moratalla;Viviendas totales;6.992
Total Nacional;14 Murcia, Región de;30 Murcia;30029 Mula;Viviendas totales;9.891
Total Nacional;14 Murcia, Región de;30 Murcia;30030 Murcia;Viviendas totales;219.740
Total Nacional;14 Murcia, Región de;30 Murcia;30032 Pliego;Viviendas totales;2.628
Total Nacional;14 Murcia, Región de;30 Murcia;30033 Puerto Lumbreras;Viviendas totales;7.966
Total Nacional;14 Murcia, Región de;30 Murcia;30034 Ricote;Viviendas totales;1.620
Total Nacional;14 Murcia, Región de;30 Murcia;30035 San Javier;Viviendas totales;41.372
Total Nacional;14 Murcia, Región de;30 Murcia;30036 San Pedro del Pinatar;Viviendas totales;21.460
Total Nacional;14 Murcia, Región de;30 Murcia;30037 Torre-Pacheco;Viviendas totales;21.899
Total Nacional;14 Murcia, Región de;30 Murcia;30038 Torres de Cotillas, Las;Viviendas totales;9.889
Total Nacional;14 Murcia, Región de;30 Murcia;30039 Totana;Viviendas totales;15.390
Total Nacional;14 Murcia, Región de;30 Murcia;30041 Unión, La;Viviendas totales;9.108
Total Nacional;14 Murcia, Región de;30 Murcia;30042 Villanueva del Río Segura;Viviendas totales;2.340
Total Nacional;14 Murcia, Región de;30 Murcia;30043 Yecla;Viviendas totales;19.242
Total Nacional;14 Murcia, Región de;30 Murcia;30901 Santomera;Viviendas totales;6.862
Total Nacional;14 Murcia, Región de;30 Murcia;30902 Alcázares, Los;Viviendas totales;21.714
Total Nacional;14 Murcia, Región de;30 Murcia;30999 Resto de Murcia;Viviendas totales;1.232
Total Nacional;15 Navarra, Comunidad Foral de;31 Navarra;;Viviendas totales;331.104
Total Nacional;15 Navarra, Comunidad Foral de;31 Navarra;31006 Ablitas;Viviendas totales;1.546
Total Nacional;15 Navarra, Comunidad Foral de;31 Navarra;31010 Altsasu/Alsasua;Viviendas totales;3.833
Total Nacional;15 Navarra, Comunidad Foral de;31 Navarra;31015 Andosilla;Viviendas totales;1.564
Total Nacional;15 Navarra, Comunidad Foral de;31 Navarra;31016 Ansoáin/Antsoain;Viviendas totales;4.509
Total Nacional;15 Navarra, Comunidad Foral de;31 Navarra;31019 Aoiz/Agoitz;Viviendas totales;1.543
Total Nacional;15 Navarra, Comunidad Foral de;31 Navarra;31023 Aranguren;Viviendas totales;4.309
Total Nacional;15 Navarra, Comunidad Foral de;31 Navarra;31027 Arbizu;Viviendas totales;628
Total Nacional;15 Navarra, Comunidad Foral de;31 Navarra;31029 Arcos, Los;Viviendas totales;964
Total Nacional;15 Navarra, Comunidad Foral de;31 Navarra;31032 Arguedas;Viviendas totales;1.221
Total Nacional;15 Navarra, Comunidad Foral de;31 Navarra;31036 Arróniz;Viviendas totales;782
Total Nacional;15 Navarra, Comunidad Foral de;31 Navarra;31038 Artajona;Viviendas totales;1.091
Total Nacional;15 Navarra, Comunidad Foral de;31 Navarra;31041 Ayegui/Aiegi;Viviendas totales;1.752
Total Nacional;15 Navarra, Comunidad Foral de;31 Navarra;31042 Azagra;Viviendas totales;1.740
Total Nacional;15 Navarra, Comunidad Foral de;31 Navarra;31050 Baztan;Viviendas totales;4.730
Total Nacional;15 Navarra, Comunidad Foral de;31 Navarra;31057 Buñuel;Viviendas totales;1.280
Total Nacional;15 Navarra, Comunidad Foral de;31 Navarra;31060 Burlada/Burlata;Viviendas totales;8.363
Total Nacional;15 Navarra, Comunidad Foral de;31 Navarra;31062 Cabanillas;Viviendas totales;721
Total Nacional;15 Navarra, Comunidad Foral de;31 Navarra;31064 Cadreita;Viviendas totales;930
Total Nacional;15 Navarra, Comunidad Foral de;31 Navarra;31065 Caparroso;Viviendas totales;1.365
Total Nacional;15 Navarra, Comunidad Foral de;31 Navarra;31066 Cárcar;Viviendas totales;656
Total Nacional;15 Navarra, Comunidad Foral de;31 Navarra;31067 Carcastillo;Viviendas totales;1.453
Total Nacional;15 Navarra, Comunidad Foral de;31 Navarra;31068 Cascante;Viviendas totales;2.265
Total Nacional;15 Navarra, Comunidad Foral de;31 Navarra;31070 Castejón;Viviendas totales;2.100
Total Nacional;15 Navarra, Comunidad Foral de;31 Navarra;31072 Cintruénigo;Viviendas totales;3.742
Total Nacional;15 Navarra, Comunidad Foral de;31 Navarra;31076 Cizur;Viviendas totales;1.267
Total Nacional;15 Navarra, Comunidad Foral de;31 Navarra;31077 Corella;Viviendas totales;4.049
Total Nacional;15 Navarra, Comunidad Foral de;31 Navarra;31078 Cortes;Viviendas totales;1.688
Total Nacional;15 Navarra, Comunidad Foral de;31 Navarra;31084 Etxarri Aranatz;Viviendas totales;1.324
Total Nacional;15 Navarra, Comunidad Foral de;31 Navarra;31086 Valle de Egüés/Eguesibar;Viviendas totales;8.319
Total Nacional;15 Navarra, Comunidad Foral de;31 Navarra;31088 Noáin (Valle de Elorz)/Noain (Elortzibar);Viviendas totales;3.377
Total Nacional;15 Navarra, Comunidad Foral de;31 Navarra;31097 Estella-Lizarra;Viviendas totales;7.687
Total Nacional;15 Navarra, Comunidad Foral de;31 Navarra;31098 Esteribar;Viviendas totales;1.388
Total Nacional;15 Navarra, Comunidad Foral de;31 Navarra;31101 Ezcabarte;Viviendas totales;838
Total Nacional;15 Navarra, Comunidad Foral de;31 Navarra;31104 Falces;Viviendas totales;1.504
Total Nacional;15 Navarra, Comunidad Foral de;31 Navarra;31105 Fitero;Viviendas totales;1.248
Total Nacional;15 Navarra, Comunidad Foral de;31 Navarra;31107 Funes;Viviendas totales;1.137
Total Nacional;15 Navarra, Comunidad Foral de;31 Navarra;31108 Fustiñana;Viviendas totales;1.185
Total Nacional;15 Navarra, Comunidad Foral de;31 Navarra;31109 Galar;Viviendas totales;1.013
Total Nacional;15 Navarra, Comunidad Foral de;31 Navarra;31122 Huarte/Uharte;Viviendas totales;3.097
Total Nacional;15 Navarra, Comunidad Foral de;31 Navarra;31131 Iza/Itza;Viviendas totales;716
Total Nacional;15 Navarra, Comunidad Foral de;31 Navarra;31138 Lakuntza;Viviendas totales;678
Total Nacional;15 Navarra, Comunidad Foral de;31 Navarra;31142 Larraga;Viviendas totales;1.280
Total Nacional;15 Navarra, Comunidad Foral de;31 Navarra;31149 Leitza;Viviendas totales;1.454
Total Nacional;15 Navarra, Comunidad Foral de;31 Navarra;31152 Lerín;Viviendas totales;1.288
Total Nacional;15 Navarra, Comunidad Foral de;31 Navarra;31153 Lesaka;Viviendas totales;1.376
Total Nacional;15 Navarra, Comunidad Foral de;31 Navarra;31157 Lodosa;Viviendas totales;2.714
Total Nacional;15 Navarra, Comunidad Foral de;31 Navarra;31159 Lumbier;Viviendas totales;885
Total Nacional;15 Navarra, Comunidad Foral de;31 Navarra;31163 Marcilla;Viviendas totales;1.473
Total Nacional;15 Navarra, Comunidad Foral de;31 Navarra;31165 Mendavia;Viviendas totales;2.259
Total Nacional;15 Navarra, Comunidad Foral de;31 Navarra;31167 Mendigorria;Viviendas totales;826
Total Nacional;15 Navarra, Comunidad Foral de;31 Navarra;31169 Milagro;Viviendas totales;1.684
Total Nacional;15 Navarra, Comunidad Foral de;31 Navarra;31173 Monteagudo;Viviendas totales;662
Total Nacional;15 Navarra, Comunidad Foral de;31 Navarra;31176 Murchante;Viviendas totales;2.076
Total Nacional;15 Navarra, Comunidad Foral de;31 Navarra;31189 Olazti/Olazagutía;Viviendas totales;894
Total Nacional;15 Navarra, Comunidad Foral de;31 Navarra;31191 Olite/Erriberri;Viviendas totales;2.575
Total Nacional;15 Navarra, Comunidad Foral de;31 Navarra;31193 Cendea de Olza/Oltza Zendea;Viviendas totales;972
Total Nacional;15 Navarra, Comunidad Foral de;31 Navarra;31201 Pamplona/Iruña;Viviendas totales;94.761
Total Nacional;15 Navarra, Comunidad Foral de;31 Navarra;31202 Peralta/Azkoien;Viviendas totales;2.810
Total Nacional;15 Navarra, Comunidad Foral de;31 Navarra;31206 Puente la Reina/Gares;Viviendas totales;1.722
Total Nacional;15 Navarra, Comunidad Foral de;31 Navarra;31208 Ribaforada;Viviendas totales;1.935
Total Nacional;15 Navarra, Comunidad Foral de;31 Navarra;31215 San Adrián;Viviendas totales;2.930
Total Nacional;15 Navarra, Comunidad Foral de;31 Navarra;31216 Sangüesa/Zangoza;Viviendas totales;2.658
Total Nacional;15 Navarra, Comunidad Foral de;31 Navarra;31221 Doneztebe/Santesteban;Viviendas totales;1.004
Total Nacional;15 Navarra, Comunidad Foral de;31 Navarra;31223 Sartaguda;Viviendas totales;756
Total Nacional;15 Navarra, Comunidad Foral de;31 Navarra;31224 Sesma;Viviendas totales;812
Total Nacional;15 Navarra, Comunidad Foral de;31 Navarra;31227 Tafalla;Viviendas totales;5.523
Total Nacional;15 Navarra, Comunidad Foral de;31 Navarra;31232 Tudela;Viviendas totales;17.007
Total Nacional;15 Navarra, Comunidad Foral de;31 Navarra;31236 Ultzama;Viviendas totales;832
Total Nacional;15 Navarra, Comunidad Foral de;31 Navarra;31249 Valtierra;Viviendas totales;1.225
Total Nacional;15 Navarra, Comunidad Foral de;31 Navarra;31250 Bera;Viviendas totales;1.908
Total Nacional;15 Navarra, Comunidad Foral de;31 Navarra;31251 Viana;Viviendas totales;2.438
Total Nacional;15 Navarra, Comunidad Foral de;31 Navarra;31254 Villafranca;Viviendas totales;1.556
Total Nacional;15 Navarra, Comunidad Foral de;31 Navarra;31257 Villatuerta;Viviendas totales;611
Total Nacional;15 Navarra, Comunidad Foral de;31 Navarra;31258 Villava/Atarrabia;Viviendas totales;4.156
Total Nacional;15 Navarra, Comunidad Foral de;31 Navarra;31260 Valle de Yerri/Deierri;Viviendas totales;1.148
Total Nacional;15 Navarra, Comunidad Foral de;31 Navarra;31901 Barañáin/Barañain;Viviendas totales;7.988
Total Nacional;15 Navarra, Comunidad Foral de;31 Navarra;31902 Berrioplano/Berriobeiti;Viviendas totales;2.906
Total Nacional;15 Navarra, Comunidad Foral de;31 Navarra;31903 Berriozar;Viviendas totales;4.190
Total Nacional;15 Navarra, Comunidad Foral de;31 Navarra;31904 Irurtzun;Viviendas totales;1.076
Total Nacional;15 Navarra, Comunidad Foral de;31 Navarra;31905 Beriáin;Viviendas totales;1.703
Total Nacional;15 Navarra, Comunidad Foral de;31 Navarra;31906 Orkoien;Viviendas totales;1.594
Total Nacional;15 Navarra, Comunidad Foral de;31 Navarra;31907 Zizur Mayor/Zizur Nagusia;Viviendas totales;5.953
Total Nacional;15 Navarra, Comunidad Foral de;31 Navarra;31908 Lekunberri;Viviendas totales;881
Total Nacional;15 Navarra, Comunidad Foral de;31 Navarra;31999 Resto de Navarra;Viviendas totales;43.001
Total Nacional;16 País Vasco;01 Araba/Álava;;Viviendas totales;168.086
Total Nacional;16 País Vasco;01 Araba/Álava;01001 Alegría-Dulantzi;Viviendas totales;1.290
Total Nacional;16 País Vasco;01 Araba/Álava;01002 Amurrio;Viviendas totales;4.953
Total Nacional;16 País Vasco;01 Araba/Álava;01003 Aramaio;Viviendas totales;728
Total Nacional;16 País Vasco;01 Araba/Álava;01004 Artziniega;Viviendas totales;1.134
Total Nacional;16 País Vasco;01 Araba/Álava;01008 Arratzua-Ubarrundia;Viviendas totales;542
Total Nacional;16 País Vasco;01 Araba/Álava;01009 Asparrena;Viviendas totales;1.126
Total Nacional;16 País Vasco;01 Araba/Álava;01010 Ayala/Aiara;Viviendas totales;1.547
Total Nacional;16 País Vasco;01 Araba/Álava;01017 Campezo/Kanpezu;Viviendas totales;964
Total Nacional;16 País Vasco;01 Araba/Álava;01018 Zigoitia;Viviendas totales;976
Total Nacional;16 País Vasco;01 Araba/Álava;01028 Labastida/Bastida;Viviendas totales;1.943
Total Nacional;16 País Vasco;01 Araba/Álava;01031 Laguardia;Viviendas totales;1.375
Total Nacional;16 País Vasco;01 Araba/Álava;01036 Laudio/Llodio;Viviendas totales;9.002
Total Nacional;16 País Vasco;01 Araba/Álava;01042 Okondo;Viviendas totales;597
Total Nacional;16 País Vasco;01 Araba/Álava;01043 Oyón-Oion;Viviendas totales;1.890
Total Nacional;16 País Vasco;01 Araba/Álava;01047 Erriberabeitia;Viviendas totales;718
Total Nacional;16 País Vasco;01 Araba/Álava;01051 Agurain/Salvatierra;Viviendas totales;2.557
Total Nacional;16 País Vasco;01 Araba/Álava;01054 Urkabustaiz;Viviendas totales;903
Total Nacional;16 País Vasco;01 Araba/Álava;01055 Valdegovía/Gaubea;Viviendas totales;1.242
Total Nacional;16 País Vasco;01 Araba/Álava;01058 Legutio;Viviendas totales;1.033
Total Nacional;16 País Vasco;01 Araba/Álava;01059 Vitoria-Gasteiz;Viviendas totales;119.853
Total Nacional;16 País Vasco;01 Araba/Álava;01063 Zuia;Viviendas totales;1.316
Total Nacional;16 País Vasco;01 Araba/Álava;01901 Iruña Oka/Iruña de Oca;Viviendas totales;1.609
Total Nacional;16 País Vasco;01 Araba/Álava;01999 Resto de Araba/Álava;Viviendas totales;10.788
Total Nacional;16 País Vasco;20 Gipuzkoa;;Viviendas totales;350.286
Total Nacional;16 País Vasco;20 Gipuzkoa;20005 Alegia;Viviendas totales;833
Total Nacional;16 País Vasco;20 Gipuzkoa;20009 Andoain;Viviendas totales;6.769
Total Nacional;16 País Vasco;20 Gipuzkoa;20010 Anoeta;Viviendas totales;902
Total Nacional;16 País Vasco;20 Gipuzkoa;20011 Antzuola;Viviendas totales;1.047
Total Nacional;16 País Vasco;20 Gipuzkoa;20013 Aretxabaleta;Viviendas totales;3.290
Total Nacional;16 País Vasco;20 Gipuzkoa;20014 Asteasu;Viviendas totales;692
Total Nacional;16 País Vasco;20 Gipuzkoa;20015 Ataun;Viviendas totales;886
Total Nacional;16 País Vasco;20 Gipuzkoa;20016 Aia;Viviendas totales;1.015
Total Nacional;16 País Vasco;20 Gipuzkoa;20017 Azkoitia;Viviendas totales;5.239
Total Nacional;16 País Vasco;20 Gipuzkoa;20018 Azpeitia;Viviendas totales;6.739
Total Nacional;16 País Vasco;20 Gipuzkoa;20019 Beasain;Viviendas totales;6.607
Total Nacional;16 País Vasco;20 Gipuzkoa;20022 Berastegi;Viviendas totales;573
Total Nacional;16 País Vasco;20 Gipuzkoa;20025 Zegama;Viviendas totales;870
Total Nacional;16 País Vasco;20 Gipuzkoa;20027 Zestoa;Viviendas totales;1.882
Total Nacional;16 País Vasco;20 Gipuzkoa;20028 Zizurkil;Viviendas totales;1.307
Total Nacional;16 País Vasco;20 Gipuzkoa;20029 Deba;Viviendas totales;3.121
Total Nacional;16 País Vasco;20 Gipuzkoa;20030 Eibar;Viviendas totales;13.535
Total Nacional;16 País Vasco;20 Gipuzkoa;20032 Elgoibar;Viviendas totales;5.642
Total Nacional;16 País Vasco;20 Gipuzkoa;20033 Elgeta;Viviendas totales;631
Total Nacional;16 País Vasco;20 Gipuzkoa;20034 Eskoriatza;Viviendas totales;2.076
Total Nacional;16 País Vasco;20 Gipuzkoa;20036 Hondarribia;Viviendas totales;8.777
Total Nacional;16 País Vasco;20 Gipuzkoa;20039 Getaria;Viviendas totales;1.476
Total Nacional;16 País Vasco;20 Gipuzkoa;20040 Hernani;Viviendas totales;9.342
Total Nacional;16 País Vasco;20 Gipuzkoa;20042 Ibarra;Viviendas totales;1.921
Total Nacional;16 País Vasco;20 Gipuzkoa;20043 Idiazabal;Viviendas totales;1.219
Total Nacional;16 País Vasco;20 Gipuzkoa;20045 Irun;Viviendas totales;28.045
Total Nacional;16 País Vasco;20 Gipuzkoa;20046 Irura;Viviendas totales;812
Total Nacional;16 País Vasco;20 Gipuzkoa;20049 Lazkao;Viviendas totales;2.711
Total Nacional;16 País Vasco;20 Gipuzkoa;20051 Legazpi;Viviendas totales;4.242
Total Nacional;16 País Vasco;20 Gipuzkoa;20052 Legorreta;Viviendas totales;724
Total Nacional;16 País Vasco;20 Gipuzkoa;20053 Lezo;Viviendas totales;2.746
Total Nacional;16 País Vasco;20 Gipuzkoa;20055 Arrasate/Mondragón;Viviendas totales;10.502
Total Nacional;16 País Vasco;20 Gipuzkoa;20056 Mutriku;Viviendas totales;2.870
Total Nacional;16 País Vasco;20 Gipuzkoa;20059 Oñati;Viviendas totales;5.510
Total Nacional;16 País Vasco;20 Gipuzkoa;20061 Orio;Viviendas totales;3.000
Total Nacional;16 País Vasco;20 Gipuzkoa;20062 Ormaiztegi;Viviendas totales;613
Total Nacional;16 País Vasco;20 Gipuzkoa;20063 Oiartzun;Viviendas totales;4.386
Total Nacional;16 País Vasco;20 Gipuzkoa;20064 Pasaia;Viviendas totales;7.706
Total Nacional;16 País Vasco;20 Gipuzkoa;20065 Soraluze-Placencia de las Armas;Viviendas totales;2.068
Total Nacional;16 País Vasco;20 Gipuzkoa;20067 Errenteria;Viviendas totales;17.999
Total Nacional;16 País Vasco;20 Gipuzkoa;20069 Donostia/San Sebastián;Viviendas totales;94.733
Total Nacional;16 País Vasco;20 Gipuzkoa;20070 Segura;Viviendas totales;743
Total Nacional;16 País Vasco;20 Gipuzkoa;20071 Tolosa;Viviendas totales;9.598
Total Nacional;16 País Vasco;20 Gipuzkoa;20072 Urnieta;Viviendas totales;2.622
Total Nacional;16 País Vasco;20 Gipuzkoa;20073 Usurbil;Viviendas totales;2.768
Total Nacional;16 País Vasco;20 Gipuzkoa;20074 Bergara;Viviendas totales;7.332
Total Nacional;16 País Vasco;20 Gipuzkoa;20075 Villabona;Viviendas totales;2.772
Total Nacional;16 País Vasco;20 Gipuzkoa;20076 Ordizia;Viviendas totales;4.768
Total Nacional;16 País Vasco;20 Gipuzkoa;20077 Urretxu;Viviendas totales;3.163
Total Nacional;16 País Vasco;20 Gipuzkoa;20078 Zaldibia;Viviendas totales;868
Total Nacional;16 País Vasco;20 Gipuzkoa;20079 Zarautz;Viviendas totales;11.622
Total Nacional;16 País Vasco;20 Gipuzkoa;20080 Zumarraga;Viviendas totales;4.828
Total Nacional;16 País Vasco;20 Gipuzkoa;20081 Zumaia;Viviendas totales;4.746
Total Nacional;16 País Vasco;20 Gipuzkoa;20901 Mendaro;Viviendas totales;963
Total Nacional;16 País Vasco;20 Gipuzkoa;20902 Lasarte-Oria;Viviendas totales;8.609
Total Nacional;16 País Vasco;20 Gipuzkoa;20903 Astigarraga;Viviendas totales;3.343
Total Nacional;16 País Vasco;20 Gipuzkoa;20999 Resto de Gipuzkoa;Viviendas totales;6.483
Total Nacional;16 País Vasco;48 Bizkaia;;Viviendas totales;556.704
Total Nacional;16 País Vasco;48 Bizkaia;48001 Abadiño;Viviendas totales;3.592
Total Nacional;16 País Vasco;48 Bizkaia;48002 Abanto y Ciérvana-Abanto Zierbena;Viviendas totales;4.582
Total Nacional;16 País Vasco;48 Bizkaia;48003 Amorebieta-Etxano;Viviendas totales;9.038
Total Nacional;16 País Vasco;48 Bizkaia;48011 Arrigorriaga;Viviendas totales;5.359
Total Nacional;16 País Vasco;48 Bizkaia;48012 Bakio;Viviendas totales;3.276
Total Nacional;16 País Vasco;48 Bizkaia;48013 Barakaldo;Viviendas totales;46.654
Total Nacional;16 País Vasco;48 Bizkaia;48014 Barrika;Viviendas totales;782
Total Nacional;16 País Vasco;48 Bizkaia;48015 Basauri;Viviendas totales;19.257
Total Nacional;16 País Vasco;48 Bizkaia;48016 Berango;Viviendas totales;2.957
Total Nacional;16 País Vasco;48 Bizkaia;48017 Bermeo;Viviendas totales;9.247
Total Nacional;16 País Vasco;48 Bizkaia;48018 Berriatua;Viviendas totales;572
Total Nacional;16 País Vasco;48 Bizkaia;48019 Berriz;Viviendas totales;2.232
Total Nacional;16 País Vasco;48 Bizkaia;48020 Bilbao;Viviendas totales;165.685
Total Nacional;16 País Vasco;48 Bizkaia;48021 Busturia;Viviendas totales;1.388
Total Nacional;16 País Vasco;48 Bizkaia;48022 Karrantza Harana/Valle de Carranza;Viviendas totales;1.807
Total Nacional;16 País Vasco;48 Bizkaia;48024 Zeanuri;Viviendas totales;819
Total Nacional;16 País Vasco;48 Bizkaia;48025 Zeberio;Viviendas totales;667
Total Nacional;16 País Vasco;48 Bizkaia;48026 Dima;Viviendas totales;855
Total Nacional;16 País Vasco;48 Bizkaia;48027 Durango;Viviendas totales;13.360
Total Nacional;16 País Vasco;48 Bizkaia;48029 Etxebarri;Viviendas totales;4.761
Total Nacional;16 País Vasco;48 Bizkaia;48032 Elorrio;Viviendas totales;3.383
Total Nacional;16 País Vasco;48 Bizkaia;48034 Ermua;Viviendas totales;7.297
Total Nacional;16 País Vasco;48 Bizkaia;48036 Galdakao;Viviendas totales;13.683
Total Nacional;16 País Vasco;48 Bizkaia;48038 Gamiz-Fika;Viviendas totales;605
Total Nacional;16 País Vasco;48 Bizkaia;48040 Gatika;Viviendas totales;732
Total Nacional;16 País Vasco;48 Bizkaia;48042 Gordexola;Viviendas totales;933
Total Nacional;16 País Vasco;48 Bizkaia;48043 Gorliz;Viviendas totales;4.567
Total Nacional;16 País Vasco;48 Bizkaia;48044 Getxo;Viviendas totales;34.366
Total Nacional;16 País Vasco;48 Bizkaia;48045 Güeñes;Viviendas totales;3.344
Total Nacional;16 País Vasco;48 Bizkaia;48046 Gernika-Lumo;Viviendas totales;8.237
Total Nacional;16 País Vasco;48 Bizkaia;48052 Larrabetzu;Viviendas totales;1.055
Total Nacional;16 País Vasco;48 Bizkaia;48053 Laukiz;Viviendas totales;524
Total Nacional;16 País Vasco;48 Bizkaia;48054 Leioa;Viviendas totales;13.804
Total Nacional;16 País Vasco;48 Bizkaia;48055 Lemoa;Viviendas totales;1.866
Total Nacional;16 País Vasco;48 Bizkaia;48056 Lemoiz;Viviendas totales;852
Total Nacional;16 País Vasco;48 Bizkaia;48057 Lekeitio;Viviendas totales;5.338
Total Nacional;16 País Vasco;48 Bizkaia;48058 Mallabia;Viviendas totales;547
Total Nacional;16 País Vasco;48 Bizkaia;48060 Markina-Xemein;Viviendas totales;2.536
Total Nacional;16 País Vasco;48 Bizkaia;48065 Ugao-Miraballes;Viviendas totales;2.061
Total Nacional;16 País Vasco;48 Bizkaia;48067 Muxika;Viviendas totales;809
Total Nacional;16 País Vasco;48 Bizkaia;48068 Mundaka;Viviendas totales;1.700
Total Nacional;16 País Vasco;48 Bizkaia;48069 Mungia;Viviendas totales;7.934
Total Nacional;16 País Vasco;48 Bizkaia;48071 Muskiz;Viviendas totales;3.512
Total Nacional;16 País Vasco;48 Bizkaia;48072 Otxandio;Viviendas totales;822
Total Nacional;16 País Vasco;48 Bizkaia;48073 Ondarroa;Viviendas totales;4.266
Total Nacional;16 País Vasco;48 Bizkaia;48074 Urduña/Orduña;Viviendas totales;2.479
Total Nacional;16 País Vasco;48 Bizkaia;48075 Orozko;Viviendas totales;1.601
Total Nacional;16 País Vasco;48 Bizkaia;48077 Plentzia;Viviendas totales;2.916
Total Nacional;16 País Vasco;48 Bizkaia;48078 Portugalete;Viviendas totales;21.560
Total Nacional;16 País Vasco;48 Bizkaia;48080 Valle de Trápaga-Trapagaran;Viviendas totales;5.795
Total Nacional;16 País Vasco;48 Bizkaia;48081 Lezama;Viviendas totales;1.142
Total Nacional;16 País Vasco;48 Bizkaia;48082 Santurtzi;Viviendas totales;21.669
Total Nacional;16 País Vasco;48 Bizkaia;48083 Ortuella;Viviendas totales;4.180
Total Nacional;16 País Vasco;48 Bizkaia;48084 Sestao;Viviendas totales;13.547
Total Nacional;16 País Vasco;48 Bizkaia;48085 Sopela;Viviendas totales;6.745
Total Nacional;16 País Vasco;48 Bizkaia;48086 Sopuerta;Viviendas totales;1.511
Total Nacional;16 País Vasco;48 Bizkaia;48089 Urduliz;Viviendas totales;2.327
Total Nacional;16 País Vasco;48 Bizkaia;48090 Balmaseda;Viviendas totales;3.932
Total Nacional;16 País Vasco;48 Bizkaia;48091 Atxondo;Viviendas totales;667
Total Nacional;16 País Vasco;48 Bizkaia;48092 Bedia;Viviendas totales;589
Total Nacional;16 País Vasco;48 Bizkaia;48093 Areatza;Viviendas totales;726
Total Nacional;16 País Vasco;48 Bizkaia;48094 Igorre;Viviendas totales;2.068
Total Nacional;16 País Vasco;48 Bizkaia;48095 Zaldibar;Viviendas totales;1.475
Total Nacional;16 País Vasco;48 Bizkaia;48096 Zalla;Viviendas totales;3.946
Total Nacional;16 País Vasco;48 Bizkaia;48097 Zaratamo;Viviendas totales;766
Total Nacional;16 País Vasco;48 Bizkaia;48901 Derio;Viviendas totales;2.978
Total Nacional;16 País Vasco;48 Bizkaia;48902 Erandio;Viviendas totales;11.025
Total Nacional;16 País Vasco;48 Bizkaia;48903 Loiu;Viviendas totales;1.041
Total Nacional;16 País Vasco;48 Bizkaia;48904 Sondika;Viviendas totales;2.154
Total Nacional;16 País Vasco;48 Bizkaia;48905 Zamudio;Viviendas totales;1.502
Total Nacional;16 País Vasco;48 Bizkaia;48910 Iurreta;Viviendas totales;1.671
Total Nacional;16 País Vasco;48 Bizkaia;48912 Alonsotegi;Viviendas totales;1.496
Total Nacional;16 País Vasco;48 Bizkaia;48913 Zierbena;Viviendas totales;713
Total Nacional;16 País Vasco;48 Bizkaia;48999 Resto de Bizkaia;Viviendas totales;12.820
Total Nacional;17 Rioja, La;26 Rioja, La;;Viviendas totales;211.333
Total Nacional;17 Rioja, La;26 Rioja, La;26002 Agoncillo;Viviendas totales;976
Total Nacional;17 Rioja, La;26 Rioja, La;26005 Albelda de Iregua;Viviendas totales;2.591
Total Nacional;17 Rioja, La;26 Rioja, La;26006 Alberite;Viviendas totales;1.853
Total Nacional;17 Rioja, La;26 Rioja, La;26008 Aldeanueva de Ebro;Viviendas totales;1.430
Total Nacional;17 Rioja, La;26 Rioja, La;26011 Alfaro;Viviendas totales;5.721
Total Nacional;17 Rioja, La;26 Rioja, La;26018 Arnedo;Viviendas totales;7.569
Total Nacional;17 Rioja, La;26 Rioja, La;26021 Autol;Viviendas totales;2.446
Total Nacional;17 Rioja, La;26 Rioja, La;26026 Baños de Río Tobía;Viviendas totales;1.067
Total Nacional;17 Rioja, La;26 Rioja, La;26036 Calahorra;Viviendas totales;12.753
Total Nacional;17 Rioja, La;26 Rioja, La;26042 Casalarreina;Viviendas totales;1.867
Total Nacional;17 Rioja, La;26 Rioja, La;26046 Cenicero;Viviendas totales;1.762
Total Nacional;17 Rioja, La;26 Rioja, La;26047 Cervera del Río Alhama;Viviendas totales;2.524
Total Nacional;17 Rioja, La;26 Rioja, La;26059 Entrena;Viviendas totales;1.153
Total Nacional;17 Rioja, La;26 Rioja, La;26061 Ezcaray;Viviendas totales;4.299
Total Nacional;17 Rioja, La;26 Rioja, La;26064 Fuenmayor;Viviendas totales;1.958
Total Nacional;17 Rioja, La;26 Rioja, La;26071 Haro;Viviendas totales;8.865
Total Nacional;17 Rioja, La;26 Rioja, La;26084 Lardero;Viviendas totales;6.591
Total Nacional;17 Rioja, La;26 Rioja, La;26089 Logroño;Viviendas totales;78.908
Total Nacional;17 Rioja, La;26 Rioja, La;26099 Murillo de Río Leza;Viviendas totales;1.398
Total Nacional;17 Rioja, La;26 Rioja, La;26102 Nájera;Viviendas totales;4.970
Total Nacional;17 Rioja, La;26 Rioja, La;26103 Nalda;Viviendas totales;1.536
Total Nacional;17 Rioja, La;26 Rioja, La;26105 Navarrete;Viviendas totales;1.845
Total Nacional;17 Rioja, La;26 Rioja, La;26117 Pradejón;Viviendas totales;1.791
Total Nacional;17 Rioja, La;26 Rioja, La;26120 Quel;Viviendas totales;1.292
Total Nacional;17 Rioja, La;26 Rioja, La;26124 Ribafrecha;Viviendas totales;848
Total Nacional;17 Rioja, La;26 Rioja, La;26125 Rincón de Soto;Viviendas totales;1.970
Total Nacional;17 Rioja, La;26 Rioja, La;26129 San Asensio;Viviendas totales;1.130
Total Nacional;17 Rioja, La;26 Rioja, La;26138 Santo Domingo de la Calzada;Viviendas totales;4.931
Total Nacional;17 Rioja, La;26 Rioja, La;26142 San Vicente de la Sonsierra;Viviendas totales;1.266
Total Nacional;17 Rioja, La;26 Rioja, La;26168 Villamediana de Iregua;Viviendas totales;5.195
Total Nacional;17 Rioja, La;26 Rioja, La;26999 Resto de Rioja,;Viviendas totales;38.828
Total Nacional;18 Ceuta;51 Ceuta;;Viviendas totales;28.315
Total Nacional;18 Ceuta;51 Ceuta;51001 Ceuta;Viviendas totales;28.315
Total Nacional;19 Melilla;52 Melilla;;Viviendas totales;29.347
Total Nacional;19 Melilla;52 Melilla;52001 Melilla;Viviendas totales;29.347
